FRAS_UTAN_UPPSLAGSORD (det) osa(r) katt -- svenska.se-traffarna galler bestandsdelarna, inte frasen. Kastas.
SVENSKA_SE_HAMTAD (det) osa(r) katt HTTP 200 17727
SYNONYMER_SE_HAMTAD (det) osa(r) katt HTTP 200 187990
WIKTIONARY_HAMTAD (det) osa(r) katt HTTP 200 398
UPPSLAGSORD (det) osa(r) katt traffar=INGEN
SVENSKA_SE_HAMTAD (gre)meros HTTP 200 19623
SYNONYMER_SE_HAMTAD (gre)meros HTTP 200 204489
WIKTIONARY_HAMTAD (gre)meros HTTP 200 398
UPPSLAGSORD (gre)meros traffar=INGEN
FRAS_UTAN_UPPSLAGSORD (idka) älskog -- svenska.se-traffarna galler bestandsdelarna, inte frasen. Kastas.
SVENSKA_SE_HAMTAD (idka) älskog HTTP 200 17676
SYNONYMER_SE_HAMTAD (idka) älskog HTTP 200 187917
WIKTIONARY_HAMTAD (idka) älskog HTTP 200 398
UPPSLAGSORD (idka) älskog traffar=INGEN
FRAS_UTAN_UPPSLAGSORD (kok.) passera -- svenska.se-traffarna galler bestandsdelarna, inte frasen. Kastas.
SVENSKA_SE_HAMTAD (kok.) passera HTTP 200 17638
SYNONYMER_SE_HAMTAD (kok.) passera HTTP 200 204085
WIKTIONARY_HAMTAD (kok.) passera HTTP 200 398
UPPSLAGSORD (kok.) passera traffar=INGEN
FRAS_UTAN_UPPSLAGSORD (ligga för) fäfot -- svenska.se-traffarna galler bestandsdelarna, inte frasen. Kastas.
SVENSKA_SE_HAMTAD (ligga för) fäfot HTTP 200 17696
SYNONYMER_SE_HAMTAD (ligga för) fäfot HTTP 200 204586
WIKTIONARY_HAMTAD (ligga för) fäfot HTTP 200 398
UPPSLAGSORD (ligga för) fäfot traffar=INGEN
FRAS_UTAN_UPPSLAGSORD (ngns) väl och ve -- svenska.se-traffarna galler bestandsdelarna, inte frasen. Kastas.
SVENSKA_SE_HAMTAD (ngns) väl och ve HTTP 200 15253
SYNONYMER_SE_HAMTAD (ngns) väl och ve HTTP 200 188019
WIKTIONARY_HAMTAD (ngns) väl och ve HTTP 200 398
UPPSLAGSORD (ngns) väl och ve traffar=INGEN
FRAS_UTAN_UPPSLAGSORD (som) balsam för själen -- svenska.se-traffarna galler bestandsdelarna, inte frasen. Kastas.
SVENSKA_SE_HAMTAD (som) balsam för själen HTTP 200 17751
SYNONYMER_SE_HAMTAD (som) balsam för själen HTTP 200 204821
WIKTIONARY_HAMTAD (som) balsam för själen HTTP 200 398
UPPSLAGSORD (som) balsam för själen traffar=INGEN
SVENSKA_SE_HAMTAD -tyg HTTP 200 20338
SYNONYMER_SE_HAMTAD -tyg HTTP 200 204334
WIKTIONARY_HAMTAD -tyg HTTP 200 400
UPPSLAGSORD -tyg traffar=INGEN
SVENSKA_SE_HAMTAD -vill HTTP 200 13925
SYNONYMER_SE_HAMTAD -vill HTTP 200 204327
WIKTIONARY_HAMTAD -vill HTTP 200 398
UPPSLAGSORD -vill traffar=so
FRAS_UTAN_UPPSLAGSORD ... till handlingarna -- svenska.se-traffarna galler bestandsdelarna, inte frasen. Kastas.
SVENSKA_SE_HAMTAD ... till handlingarna HTTP 200 17711
SYNONYMER_SE_HAMTAD ... till handlingarna HTTP 200 188008
WIKTIONARY_HAMTAD ... till handlingarna HTTP 200 398
UPPSLAGSORD ... till handlingarna traffar=INGEN
SVENSKA_SE_HAMTAD HTML HTTP 200 106603
SYNONYMER_SE_HAMTAD HTML HTTP 200 204477
WIKTIONARY_HAMTAD HTML HTTP 429 0
UPPSLAGSORD HTML traffar=INGEN
FRAS_UTAN_UPPSLAGSORD a dato -- svenska.se-traffarna galler bestandsdelarna, inte frasen. Kastas.
SVENSKA_SE_HAMTAD a dato HTTP 200 17594
SYNONYMER_SE_HAMTAD a dato HTTP 200 187794
WIKTIONARY_HAMTAD a dato HTTP 429 0
UPPSLAGSORD a dato traffar=INGEN
FRAS_UTAN_UPPSLAGSORD a la carte -- svenska.se-traffarna galler bestandsdelarna, inte frasen. Kastas.
SVENSKA_SE_HAMTAD a la carte HTTP 200 3816
SYNONYMER_SE_HAMTAD a la carte HTTP 200 204790
WIKTIONARY_HAMTAD a la carte HTTP 200 398
UPPSLAGSORD a la carte traffar=INGEN
SVENSKA_SE_HAMTAD abradera HTTP 200 9693
SYNONYMER_SE_HAMTAD abradera HTTP 200 246444
SYNONYMER_SE_ENDAST_ANVANDARBIDRAG abradera
WIKTIONARY_HAMTAD abradera HTTP 200 375
UPPSLAGSORD abradera traffar=saol,so
SVENSKA_SE_HAMTAD abrupt HTTP 200 5114
SYNONYMER_SE_HAMTAD abrupt HTTP 200 244075
WIKTIONARY_HAMTAD abrupt HTTP 200 1603
UPPSLAGSORD abrupt traffar=saol,so,saob
SVENSKA_SE_HAMTAD absolutism HTTP 200 6158
SYNONYMER_SE_HAMTAD absolutism HTTP 200 256270
WIKTIONARY_HAMTAD absolutism HTTP 200 1539
UPPSLAGSORD absolutism traffar=saol,so,saob
SVENSKA_SE_HAMTAD accessoarer HTTP 200 8208
SYNONYMER_SE_HAMTAD accessoarer HTTP 200 226553
WIKTIONARY_HAMTAD accessoarer HTTP 200 169
UPPSLAGSORD accessoarer traffar=INGEN
SVENSKA_SE_HAMTAD acklimatisera HTTP 200 8381
SYNONYMER_SE_HAMTAD acklimatisera HTTP 200 270498
WIKTIONARY_HAMTAD acklimatisera HTTP 200 2721
UPPSLAGSORD acklimatisera traffar=saol,so,saob
SVENSKA_SE_HAMTAD ackreditera HTTP 200 8442
SYNONYMER_SE_HAMTAD ackreditera HTTP 200 266072
WIKTIONARY_HAMTAD ackreditera HTTP 200 944
UPPSLAGSORD ackreditera traffar=saol,so,saob
FRAS_UTAN_UPPSLAGSORD ad libitum -- svenska.se-traffarna galler bestandsdelarna, inte frasen. Kastas.
SVENSKA_SE_HAMTAD ad libitum HTTP 200 18964
SYNONYMER_SE_HAMTAD ad libitum HTTP 200 204949
WIKTIONARY_HAMTAD ad libitum HTTP 200 171
UPPSLAGSORD ad libitum traffar=INGEN
SVENSKA_SE_HAMTAD adagio HTTP 200 7870
SYNONYMER_SE_HAMTAD adagio HTTP 200 267269
WIKTIONARY_HAMTAD adagio HTTP 200 1366
UPPSLAGSORD adagio traffar=saol,so,saob
SVENSKA_SE_HAMTAD adekvat HTTP 200 6353
SYNONYMER_SE_HAMTAD adekvat HTTP 200 243061
WIKTIONARY_HAMTAD adekvat HTTP 200 1615
UPPSLAGSORD adekvat traffar=saol,so,saob
SVENSKA_SE_HAMTAD adonis HTTP 200 6763
SYNONYMER_SE_HAMTAD adonis HTTP 200 260050
WIKTIONARY_HAMTAD adonis HTTP 429 0
UPPSLAGSORD adonis traffar=saol,so,saob
SVENSKA_SE_HAMTAD aerodynamik HTTP 200 5425
SYNONYMER_SE_HAMTAD aerodynamik HTTP 200 244361
WIKTIONARY_HAMTAD aerodynamik HTTP 429 0
UPPSLAGSORD aerodynamik traffar=saol,so,saob
SVENSKA_SE_HAMTAD aerodynamisk HTTP 200 6863
SYNONYMER_SE_HAMTAD aerodynamisk HTTP 200 240457
WIKTIONARY_HAMTAD aerodynamisk HTTP 200 1219
UPPSLAGSORD aerodynamisk traffar=saol,so
SVENSKA_SE_HAMTAD aerogram HTTP 200 7946
SYNONYMER_SE_HAMTAD aerogram HTTP 200 252740
WIKTIONARY_HAMTAD aerogram HTTP 200 398
UPPSLAGSORD aerogram traffar=saol,so
SVENSKA_SE_HAMTAD affektiv HTTP 200 8041
SYNONYMER_SE_HAMTAD affektiv HTTP 200 248639
WIKTIONARY_HAMTAD affektiv HTTP 200 259
UPPSLAGSORD affektiv traffar=saol,so
SVENSKA_SE_HAMTAD afficiera HTTP 200 8161
SYNONYMER_SE_HAMTAD afficiera HTTP 200 238498
WIKTIONARY_HAMTAD afficiera HTTP 200 759
UPPSLAGSORD afficiera traffar=saol,so,saob
SVENSKA_SE_HAMTAD ag HTTP 200 13455
SYNONYMER_SE_HAMTAD ag HTTP 200 242523
WIKTIONARY_HAMTAD ag HTTP 200 1252
UPPSLAGSORD ag traffar=saol,so,saob
SVENSKA_SE_HAMTAD agens HTTP 200 11949
SYNONYMER_SE_HAMTAD agens HTTP 200 257323
WIKTIONARY_HAMTAD agens HTTP 200 2888
UPPSLAGSORD agens traffar=saol,so,saob
SVENSKA_SE_HAMTAD agentur HTTP 200 6440
SYNONYMER_SE_HAMTAD agentur HTTP 200 260421
WIKTIONARY_HAMTAD agentur HTTP 200 1710
UPPSLAGSORD agentur traffar=saol,so,saob
SVENSKA_SE_HAMTAD aggregat HTTP 200 6209
SYNONYMER_SE_HAMTAD aggregat HTTP 200 263963
WIKTIONARY_HAMTAD aggregat HTTP 200 1777
UPPSLAGSORD aggregat traffar=saol,so,saob
SVENSKA_SE_HAMTAD aha-upplevelse HTTP 200 6136
SYNONYMER_SE_HAMTAD aha-upplevelse HTTP 200 187807
WIKTIONARY_HAMTAD aha-upplevelse HTTP 200 283
UPPSLAGSORD aha-upplevelse traffar=saol,so
FRAS_UTAN_UPPSLAGSORD ajour / á jour -- svenska.se-traffarna galler bestandsdelarna, inte frasen. Kastas.
SVENSKA_SE_HAMTAD ajour / á jour HTTP 200 17654
SYNONYMER_SE_HAMTAD ajour / á jour HTTP 404 0
WIKTIONARY_HAMTAD ajour / á jour HTTP 200 398
UPPSLAGSORD ajour / á jour traffar=INGEN
SVENSKA_SE_HAMTAD akillessena HTTP 200 5590
SYNONYMER_SE_HAMTAD akillessena HTTP 200 242508
WIKTIONARY_HAMTAD akillessena HTTP 429 0
UPPSLAGSORD akillessena traffar=saol,so,saob
SVENSKA_SE_HAMTAD akribi HTTP 200 7173
SYNONYMER_SE_HAMTAD akribi HTTP 200 242563
WIKTIONARY_HAMTAD akribi HTTP 429 0
UPPSLAGSORD akribi traffar=saol,so
SVENSKA_SE_HAMTAD akropol HTTP 200 7590
SYNONYMER_SE_HAMTAD akropol HTTP 200 253840
WIKTIONARY_HAMTAD akropol HTTP 200 187
UPPSLAGSORD akropol traffar=saol,so
SVENSKA_SE_HAMTAD aktning HTTP 200 6246
SYNONYMER_SE_HAMTAD aktning HTTP 200 255961
WIKTIONARY_HAMTAD aktning HTTP 200 1023
UPPSLAGSORD aktning traffar=saol,so,saob
SVENSKA_SE_HAMTAD aktningsfull HTTP 200 5018
SYNONYMER_SE_HAMTAD aktningsfull HTTP 200 236516
WIKTIONARY_HAMTAD aktningsfull HTTP 200 486
UPPSLAGSORD aktningsfull traffar=saol,so,saob
SVENSKA_SE_HAMTAD aktualisera HTTP 200 7921
SYNONYMER_SE_HAMTAD aktualisera HTTP 200 262344
WIKTIONARY_HAMTAD aktualisera HTTP 200 1401
UPPSLAGSORD aktualisera traffar=saol,so,saob
SVENSKA_SE_HAMTAD aktuarie HTTP 200 5899
SYNONYMER_SE_HAMTAD aktuarie HTTP 200 246750
WIKTIONARY_HAMTAD aktuarie HTTP 200 1170
UPPSLAGSORD aktuarie traffar=saol,so,saob
SVENSKA_SE_HAMTAD alabaster HTTP 200 4852
SYNONYMER_SE_HAMTAD alabaster HTTP 200 244198
WIKTIONARY_HAMTAD alabaster HTTP 200 2542
UPPSLAGSORD alabaster traffar=saol,so,saob
SVENSKA_SE_HAMTAD alagreck HTTP 200 6676
SYNONYMER_SE_HAMTAD alagreck HTTP 200 239313
WIKTIONARY_HAMTAD alagreck HTTP 200 398
UPPSLAGSORD alagreck traffar=saol,so,saob
SVENSKA_SE_HAMTAD albinism HTTP 200 4928
SYNONYMER_SE_HAMTAD albinism HTTP 200 245070
WIKTIONARY_HAMTAD albinism HTTP 200 1999
UPPSLAGSORD albinism traffar=saol,so,saob
SVENSKA_SE_HAMTAD albino HTTP 200 6017
SYNONYMER_SE_HAMTAD albino HTTP 200 253689
SYNONYMER_SE_ENDAST_ANVANDARBIDRAG albino
WIKTIONARY_HAMTAD albino HTTP 200 1584
UPPSLAGSORD albino traffar=saol,so,saob
SVENSKA_SE_HAMTAD albyl HTTP 200 14268
SYNONYMER_SE_HAMTAD albyl HTTP 200 216643
WIKTIONARY_HAMTAD albyl HTTP 200 336
UPPSLAGSORD albyl traffar=so
SVENSKA_SE_HAMTAD alexanderhugg HTTP 200 7953
SYNONYMER_SE_HAMTAD alexanderhugg HTTP 200 245953
WIKTIONARY_HAMTAD alexanderhugg HTTP 429 0
UPPSLAGSORD alexanderhugg traffar=saol,so
SVENSKA_SE_HAMTAD alfons HTTP 200 112016
SYNONYMER_SE_HAMTAD alfons HTTP 200 226016
WIKTIONARY_HAMTAD alfons HTTP 429 0
UPPSLAGSORD alfons traffar=INGEN
SVENSKA_SE_HAMTAD algebra HTTP 200 5036
SYNONYMER_SE_HAMTAD algebra HTTP 200 266718
WIKTIONARY_HAMTAD algebra HTTP 200 3921
UPPSLAGSORD algebra traffar=saol,so,saob
SVENSKA_SE_HAMTAD algoritm HTTP 200 7686
SYNONYMER_SE_HAMTAD algoritm HTTP 200 252362
SYNONYMER_SE_ENDAST_ANVANDARBIDRAG algoritm
WIKTIONARY_HAMTAD algoritm HTTP 200 3648
UPPSLAGSORD algoritm traffar=saol,so
SVENSKA_SE_HAMTAD alias HTTP 200 8611
SYNONYMER_SE_HAMTAD alias HTTP 200 258525
WIKTIONARY_HAMTAD alias HTTP 200 1601
UPPSLAGSORD alias traffar=saol,so,saob
SVENSKA_SE_HAMTAD alibi HTTP 200 6858
SYNONYMER_SE_HAMTAD alibi HTTP 200 270585
WIKTIONARY_HAMTAD alibi HTTP 200 2640
UPPSLAGSORD alibi traffar=saol,so,saob
SVENSKA_SE_HAMTAD alkemi HTTP 200 5763
SYNONYMER_SE_HAMTAD alkemi HTTP 200 252568
WIKTIONARY_HAMTAD alkemi HTTP 200 2845
UPPSLAGSORD alkemi traffar=saol,so,saob
FRAS_UTAN_UPPSLAGSORD alla taggar utåt -- svenska.se-traffarna galler bestandsdelarna, inte frasen. Kastas.
SVENSKA_SE_HAMTAD alla taggar utåt HTTP 200 17641
SYNONYMER_SE_HAMTAD alla taggar utåt HTTP 200 188074
WIKTIONARY_HAMTAD alla taggar utåt HTTP 200 398
UPPSLAGSORD alla taggar utåt traffar=INGEN
FRAS_UTAN_UPPSLAGSORD alla tiders -- svenska.se-traffarna galler bestandsdelarna, inte frasen. Kastas.
SVENSKA_SE_HAMTAD alla tiders HTTP 200 20077
SYNONYMER_SE_HAMTAD alla tiders HTTP 200 204695
WIKTIONARY_HAMTAD alla tiders HTTP 200 364
UPPSLAGSORD alla tiders traffar=INGEN
SVENSKA_SE_HAMTAD allbekant HTTP 200 4801
SYNONYMER_SE_HAMTAD allbekant HTTP 200 236004
WIKTIONARY_HAMTAD allbekant HTTP 200 398
UPPSLAGSORD allbekant traffar=saol,so,saob
SVENSKA_SE_HAMTAD alldenstund HTTP 200 4789
SYNONYMER_SE_HAMTAD alldenstund HTTP 200 230245
WIKTIONARY_HAMTAD alldenstund HTTP 200 1137
UPPSLAGSORD alldenstund traffar=saol,so,saob
SVENSKA_SE_HAMTAD allenarådande HTTP 200 5583
SYNONYMER_SE_HAMTAD allenarådande HTTP 200 236795
WIKTIONARY_HAMTAD allenarådande HTTP 200 817
UPPSLAGSORD allenarådande traffar=saol,so
SVENSKA_SE_HAMTAD allestädes HTTP 200 5462
SYNONYMER_SE_HAMTAD allestädes HTTP 200 243622
WIKTIONARY_HAMTAD allestädes HTTP 429 0
UPPSLAGSORD allestädes traffar=saol,so,saob
SVENSKA_SE_HAMTAD alliteration HTTP 200 107546
SYNONYMER_SE_HAMTAD alliteration HTTP 200 257608
WIKTIONARY_HAMTAD alliteration HTTP 429 0
UPPSLAGSORD alliteration traffar=INGEN
SVENSKA_SE_HAMTAD allitteration HTTP 200 6809
SYNONYMER_SE_HAMTAD allitteration HTTP 200 257554
WIKTIONARY_HAMTAD allitteration HTTP 200 2094
UPPSLAGSORD allitteration traffar=saol,so,saob
SVENSKA_SE_HAMTAD allmosa HTTP 200 6119
SYNONYMER_SE_HAMTAD allmosa HTTP 200 279140
WIKTIONARY_HAMTAD allmosa HTTP 200 1095
UPPSLAGSORD allmosa traffar=saol,so,saob
SVENSKA_SE_HAMTAD allmängods HTTP 200 6251
SYNONYMER_SE_HAMTAD allmängods HTTP 200 250181
WIKTIONARY_HAMTAD allmängods HTTP 200 381
UPPSLAGSORD allmängods traffar=saol,so
SVENSKA_SE_HAMTAD allmännelig HTTP 200 6109
SYNONYMER_SE_HAMTAD allmännelig HTTP 200 257541
WIKTIONARY_HAMTAD allmännelig HTTP 200 398
UPPSLAGSORD allmännelig traffar=saol,so,saob
SVENSKA_SE_HAMTAD allmännyttig HTTP 200 5811
SYNONYMER_SE_HAMTAD allmännyttig HTTP 200 249356
WIKTIONARY_HAMTAD allmännyttig HTTP 200 716
UPPSLAGSORD allmännyttig traffar=saol,so,saob
SVENSKA_SE_HAMTAD allokton HTTP 200 12965
SYNONYMER_SE_HAMTAD allokton HTTP 200 224781
WIKTIONARY_HAMTAD allokton HTTP 200 398
UPPSLAGSORD allokton traffar=so
SVENSKA_SE_HAMTAD allomfattande HTTP 200 4472
SYNONYMER_SE_HAMTAD allomfattande HTTP 200 249759
WIKTIONARY_HAMTAD allomfattande HTTP 200 559
UPPSLAGSORD allomfattande traffar=saol,so,saob
SVENSKA_SE_HAMTAD alltemellanåt HTTP 200 4263
SYNONYMER_SE_HAMTAD alltemellanåt HTTP 200 251595
WIKTIONARY_HAMTAD alltemellanåt HTTP 200 317
UPPSLAGSORD alltemellanåt traffar=saol,so,saob
SVENSKA_SE_HAMTAD alltfort HTTP 200 5159
SYNONYMER_SE_HAMTAD alltfort HTTP 200 244196
WIKTIONARY_HAMTAD alltfort HTTP 200 524
UPPSLAGSORD alltfort traffar=saol,so,saob
SVENSKA_SE_HAMTAD alltjämt HTTP 200 5029
SYNONYMER_SE_HAMTAD alltjämt HTTP 200 234961
WIKTIONARY_HAMTAD alltjämt HTTP 200 1451
UPPSLAGSORD alltjämt traffar=saol,so,saob
SVENSKA_SE_HAMTAD alludera HTTP 200 8728
SYNONYMER_SE_HAMTAD alludera HTTP 200 261391
WIKTIONARY_HAMTAD alludera HTTP 429 0
UPPSLAGSORD alludera traffar=saol,so,saob
SVENSKA_SE_HAMTAD aloe HTTP 200 6435
SYNONYMER_SE_HAMTAD aloe HTTP 200 250800
WIKTIONARY_HAMTAD aloe HTTP 429 0
UPPSLAGSORD aloe traffar=saol,so,saob
SVENSKA_SE_HAMTAD alstring HTTP 200 6125
SYNONYMER_SE_HAMTAD alstring HTTP 200 252162
WIKTIONARY_HAMTAD alstring HTTP 200 577
UPPSLAGSORD alstring traffar=saol,so,saob
SVENSKA_SE_HAMTAD altererad HTTP 200 7233
SYNONYMER_SE_HAMTAD altererad HTTP 200 235972
WIKTIONARY_HAMTAD altererad HTTP 200 1110
UPPSLAGSORD altererad traffar=saol,so
SVENSKA_SE_HAMTAD ambiguitet HTTP 200 8030
SYNONYMER_SE_HAMTAD ambiguitet HTTP 200 246729
WIKTIONARY_HAMTAD ambiguitet HTTP 200 548
UPPSLAGSORD ambiguitet traffar=saol,so
SVENSKA_SE_HAMTAD amfibiebil HTTP 200 7716
SYNONYMER_SE_HAMTAD amfibiebil HTTP 200 242033
WIKTIONARY_HAMTAD amfibiebil HTTP 200 398
UPPSLAGSORD amfibiebil traffar=saol
SVENSKA_SE_HAMTAD amnesti HTTP 200 6299
SYNONYMER_SE_HAMTAD amnesti HTTP 200 254911
WIKTIONARY_HAMTAD amnesti HTTP 200 3223
UPPSLAGSORD amnesti traffar=saol,so,saob
SVENSKA_SE_HAMTAD amplitud HTTP 200 5978
SYNONYMER_SE_HAMTAD amplitud HTTP 200 259446
WIKTIONARY_HAMTAD amplitud HTTP 200 2400
UPPSLAGSORD amplitud traffar=saol,so,saob
SVENSKA_SE_HAMTAD amusant HTTP 200 7379
SYNONYMER_SE_HAMTAD amusant HTTP 200 234304
WIKTIONARY_HAMTAD amusant HTTP 200 496
UPPSLAGSORD amusant traffar=saol,so
SVENSKA_SE_HAMTAD an HTTP 200 19037
SYNONYMER_SE_HAMTAD an HTTP 200 248810
WIKTIONARY_HAMTAD an HTTP 200 3462
UPPSLAGSORD an traffar=saol,so,saob
FRAS_UTAN_UPPSLAGSORD ana ugglor i mossen -- svenska.se-traffarna galler bestandsdelarna, inte frasen. Kastas.
SVENSKA_SE_HAMTAD ana ugglor i mossen HTTP 200 17723
SYNONYMER_SE_HAMTAD ana ugglor i mossen HTTP 200 235713
WIKTIONARY_HAMTAD ana ugglor i mossen HTTP 200 1631
UPPSLAGSORD ana ugglor i mossen traffar=INGEN
SVENSKA_SE_HAMTAD anafor HTTP 200 6326
SYNONYMER_SE_HAMTAD anafor HTTP 200 252035
WIKTIONARY_HAMTAD anafor HTTP 200 1513
UPPSLAGSORD anafor traffar=saol,so,saob
SVENSKA_SE_HAMTAD analgesi HTTP 200 13422
SYNONYMER_SE_HAMTAD analgesi HTTP 200 256548
WIKTIONARY_HAMTAD analgesi HTTP 429 0
UPPSLAGSORD analgesi traffar=saol
SVENSKA_SE_HAMTAD anatema HTTP 200 6446
SYNONYMER_SE_HAMTAD anatema HTTP 200 244234
WIKTIONARY_HAMTAD anatema HTTP 429 0
UPPSLAGSORD anatema traffar=saol,so,saob
SVENSKA_SE_HAMTAD andante HTTP 200 8396
SYNONYMER_SE_HAMTAD andante HTTP 200 263743
WIKTIONARY_HAMTAD andante HTTP 200 567
UPPSLAGSORD andante traffar=saol,so,saob
SVENSKA_SE_HAMTAD andningsdepression HTTP 200 118496
SYNONYMER_SE_HAMTAD andningsdepression HTTP 200 227694
WIKTIONARY_HAMTAD andningsdepression HTTP 200 398
UPPSLAGSORD andningsdepression traffar=INGEN
FRAS_UTAN_UPPSLAGSORD andra bullar -- svenska.se-traffarna galler bestandsdelarna, inte frasen. Kastas.
SVENSKA_SE_HAMTAD andra bullar HTTP 200 19024
SYNONYMER_SE_HAMTAD andra bullar HTTP 200 204569
WIKTIONARY_HAMTAD andra bullar HTTP 200 459
UPPSLAGSORD andra bullar traffar=INGEN
SVENSKA_SE_HAMTAD andraga HTTP 200 15015
SYNONYMER_SE_HAMTAD andraga HTTP 200 243714
WIKTIONARY_HAMTAD andraga HTTP 200 398
UPPSLAGSORD andraga traffar=saob
SVENSKA_SE_HAMTAD anekdot HTTP 200 6152
SYNONYMER_SE_HAMTAD anekdot HTTP 200 270465
WIKTIONARY_HAMTAD anekdot HTTP 200 2320
UPPSLAGSORD anekdot traffar=saol,so,saob
SVENSKA_SE_HAMTAD anemisk HTTP 200 5916
SYNONYMER_SE_HAMTAD anemisk HTTP 200 246211
WIKTIONARY_HAMTAD anemisk HTTP 200 956
UPPSLAGSORD anemisk traffar=saol,so,saob
SVENSKA_SE_HAMTAD anestesiologi HTTP 200 6755
SYNONYMER_SE_HAMTAD anestesiologi HTTP 200 251365
WIKTIONARY_HAMTAD anestesiologi HTTP 200 1764
UPPSLAGSORD anestesiologi traffar=saol,so
SVENSKA_SE_HAMTAD anfang HTTP 200 10835
SYNONYMER_SE_HAMTAD anfang HTTP 200 265961
WIKTIONARY_HAMTAD anfang HTTP 200 829
UPPSLAGSORD anfang traffar=saol,so,saob
SVENSKA_SE_HAMTAD anfordran HTTP 200 6299
SYNONYMER_SE_HAMTAD anfordran HTTP 200 262086
WIKTIONARY_HAMTAD anfordran HTTP 200 606
UPPSLAGSORD anfordran traffar=saol,so,saob
SVENSKA_SE_HAMTAD anfäktelse HTTP 200 5962
SYNONYMER_SE_HAMTAD anfäktelse HTTP 200 251880
WIKTIONARY_HAMTAD anfäktelse HTTP 200 342
UPPSLAGSORD anfäktelse traffar=saol,so,saob
SVENSKA_SE_HAMTAD anglofil HTTP 200 7608
SYNONYMER_SE_HAMTAD anglofil HTTP 200 261750
WIKTIONARY_HAMTAD anglofil HTTP 429 0
UPPSLAGSORD anglofil traffar=saol
SVENSKA_SE_HAMTAD angöra HTTP 200 9218
SYNONYMER_SE_HAMTAD angöra HTTP 200 264854
WIKTIONARY_HAMTAD angöra HTTP 429 0
UPPSLAGSORD angöra traffar=saol,so,saob
SVENSKA_SE_HAMTAD anhedoni HTTP 200 133319
SYNONYMER_SE_HAMTAD anhedoni HTTP 200 224633
SYNONYMER_SE_ENDAST_ANVANDARBIDRAG anhedoni
WIKTIONARY_HAMTAD anhedoni HTTP 200 422
UPPSLAGSORD anhedoni traffar=INGEN
SVENSKA_SE_HAMTAD anlete HTTP 200 7040
SYNONYMER_SE_HAMTAD anlete HTTP 200 272515
WIKTIONARY_HAMTAD anlete HTTP 200 818
UPPSLAGSORD anlete traffar=saol,so,saob
SVENSKA_SE_HAMTAD anlopp HTTP 200 8187
SYNONYMER_SE_HAMTAD anlopp HTTP 200 258337
WIKTIONARY_HAMTAD anlopp HTTP 200 526
UPPSLAGSORD anlopp traffar=saol,so,saob
SVENSKA_SE_HAMTAD anlöpa HTTP 200 8131
SYNONYMER_SE_HAMTAD anlöpa HTTP 200 271896
WIKTIONARY_HAMTAD anlöpa HTTP 200 1387
UPPSLAGSORD anlöpa traffar=saol,so,saob
SVENSKA_SE_HAMTAD annalkande HTTP 200 6984
SYNONYMER_SE_HAMTAD annalkande HTTP 200 259047
WIKTIONARY_HAMTAD annalkande HTTP 200 1067
UPPSLAGSORD annalkande traffar=saol,so,saob
SVENSKA_SE_HAMTAD annorledes HTTP 200 5418
SYNONYMER_SE_HAMTAD annorledes HTTP 200 244682
WIKTIONARY_HAMTAD annorledes HTTP 200 837
UPPSLAGSORD annorledes traffar=saol,so,saob
SVENSKA_SE_HAMTAD annullera HTTP 200 7545
SYNONYMER_SE_HAMTAD annullera HTTP 200 262512
WIKTIONARY_HAMTAD annullera HTTP 200 1262
UPPSLAGSORD annullera traffar=saol,so,saob
SVENSKA_SE_HAMTAD anseende HTTP 200 16886
SYNONYMER_SE_HAMTAD anseende HTTP 200 282030
WIKTIONARY_HAMTAD anseende HTTP 200 513
UPPSLAGSORD anseende traffar=saol,so,saob
SVENSKA_SE_HAMTAD anskri HTTP 200 6462
SYNONYMER_SE_HAMTAD anskri HTTP 200 254597
WIKTIONARY_HAMTAD anskri HTTP 200 398
UPPSLAGSORD anskri traffar=saol,so,saob
SVENSKA_SE_HAMTAD anskriven HTTP 200 6366
SYNONYMER_SE_HAMTAD anskriven HTTP 200 232486
WIKTIONARY_HAMTAD anskriven HTTP 200 398
UPPSLAGSORD anskriven traffar=saol,so
SVENSKA_SE_HAMTAD anslå HTTP 200 12293
SYNONYMER_SE_HAMTAD anslå HTTP 200 284325
WIKTIONARY_HAMTAD anslå HTTP 429 0
UPPSLAGSORD anslå traffar=saol,so,saob
FRAS_UTAN_UPPSLAGSORD anspela på -- svenska.se-traffarna galler bestandsdelarna, inte frasen. Kastas.
SVENSKA_SE_HAMTAD anspela på HTTP 200 8976
SYNONYMER_SE_HAMTAD anspela på HTTP 200 224597
WIKTIONARY_HAMTAD anspela på HTTP 429 0
UPPSLAGSORD anspela på traffar=INGEN
SVENSKA_SE_HAMTAD anspråk HTTP 200 7394
SYNONYMER_SE_HAMTAD anspråk HTTP 200 261416
WIKTIONARY_HAMTAD anspråk HTTP 200 1134
UPPSLAGSORD anspråk traffar=saol,so,saob
SVENSKA_SE_HAMTAD anstucken HTTP 200 7375
SYNONYMER_SE_HAMTAD anstucken HTTP 200 238107
WIKTIONARY_HAMTAD anstucken HTTP 200 398
UPPSLAGSORD anstucken traffar=saol,so
SVENSKA_SE_HAMTAD anständigtvis HTTP 200 4542
SYNONYMER_SE_HAMTAD anständigtvis HTTP 200 240124
WIKTIONARY_HAMTAD anständigtvis HTTP 200 398
UPPSLAGSORD anständigtvis traffar=saol,so,saob
SVENSKA_SE_HAMTAD anstå HTTP 200 6959
SYNONYMER_SE_HAMTAD anstå HTTP 200 270203
WIKTIONARY_HAMTAD anstå HTTP 200 1644
UPPSLAGSORD anstå traffar=saol,so,saob
SVENSKA_SE_HAMTAD anstånd HTTP 200 7103
SYNONYMER_SE_HAMTAD anstånd HTTP 200 258778
WIKTIONARY_HAMTAD anstånd HTTP 200 419
UPPSLAGSORD anstånd traffar=saol,so,saob
SVENSKA_SE_HAMTAD antagonistisk HTTP 200 5182
SYNONYMER_SE_HAMTAD antagonistisk HTTP 200 249740
WIKTIONARY_HAMTAD antagonistisk HTTP 200 398
UPPSLAGSORD antagonistisk traffar=saol,so,saob
SVENSKA_SE_HAMTAD antecedentia HTTP 200 4405
SYNONYMER_SE_HAMTAD antecedentia HTTP 200 244831
WIKTIONARY_HAMTAD antecedentia HTTP 200 259
UPPSLAGSORD antecedentia traffar=saol,so,saob
SVENSKA_SE_HAMTAD antecedentier HTTP 200 4766
SYNONYMER_SE_HAMTAD antecedentier HTTP 200 222707
WIKTIONARY_HAMTAD antecedentier HTTP 200 398
UPPSLAGSORD antecedentier traffar=saol,so,saob
SVENSKA_SE_HAMTAD antediluviansk HTTP 200 5040
SYNONYMER_SE_HAMTAD antediluviansk HTTP 200 230065
WIKTIONARY_HAMTAD antediluviansk HTTP 200 1544
UPPSLAGSORD antediluviansk traffar=saol,so,saob
SVENSKA_SE_HAMTAD antibiotika HTTP 200 9766
SYNONYMER_SE_HAMTAD antibiotika HTTP 200 241583
SYNONYMER_SE_ENDAST_ANVANDARBIDRAG antibiotika
WIKTIONARY_HAMTAD antibiotika HTTP 200 173
UPPSLAGSORD antibiotika traffar=saol
SVENSKA_SE_HAMTAD antidot HTTP 200 6541
SYNONYMER_SE_HAMTAD antidot HTTP 200 230950
WIKTIONARY_HAMTAD antidot HTTP 429 0
UPPSLAGSORD antidot traffar=saol,so,saob
SVENSKA_SE_HAMTAD antihistamin HTTP 200 7836
SYNONYMER_SE_HAMTAD antihistamin HTTP 200 250359
WIKTIONARY_HAMTAD antihistamin HTTP 429 0
UPPSLAGSORD antihistamin traffar=saol,so
SVENSKA_SE_HAMTAD antipyrin HTTP 200 18010
SYNONYMER_SE_HAMTAD antipyrin HTTP 200 187131
WIKTIONARY_HAMTAD antipyrin HTTP 200 398
UPPSLAGSORD antipyrin traffar=saob
SVENSKA_SE_HAMTAD antites HTTP 200 6521
SYNONYMER_SE_HAMTAD antites HTTP 200 263315
WIKTIONARY_HAMTAD antites HTTP 200 654
UPPSLAGSORD antites traffar=saol,so,saob
SVENSKA_SE_HAMTAD antropofag HTTP 200 6231
SYNONYMER_SE_HAMTAD antropofag HTTP 200 232277
WIKTIONARY_HAMTAD antropofag HTTP 200 1054
UPPSLAGSORD antropofag traffar=saol,so,saob
SVENSKA_SE_HAMTAD antroposofi HTTP 200 7420
SYNONYMER_SE_HAMTAD antroposofi HTTP 200 248573
WIKTIONARY_HAMTAD antroposofi HTTP 200 1009
UPPSLAGSORD antroposofi traffar=saol,so
FRAS_UTAN_UPPSLAGSORD använda silkesvantar -- svenska.se-traffarna galler bestandsdelarna, inte frasen. Kastas.
SVENSKA_SE_HAMTAD använda silkesvantar HTTP 200 17631
SYNONYMER_SE_HAMTAD använda silkesvantar HTTP 200 187553
WIKTIONARY_HAMTAD använda silkesvantar HTTP 200 398
UPPSLAGSORD använda silkesvantar traffar=INGEN
SVENSKA_SE_HAMTAD apologi HTTP 200 6536
SYNONYMER_SE_HAMTAD apologi HTTP 200 248910
WIKTIONARY_HAMTAD apologi HTTP 200 467
UPPSLAGSORD apologi traffar=saol,so,saob
SVENSKA_SE_HAMTAD apparelj HTTP 200 18032
SYNONYMER_SE_HAMTAD apparelj HTTP 200 203865
WIKTIONARY_HAMTAD apparelj HTTP 200 398
UPPSLAGSORD apparelj traffar=saob
SVENSKA_SE_HAMTAD appell HTTP 200 7820
SYNONYMER_SE_HAMTAD appell HTTP 200 269749
WIKTIONARY_HAMTAD appell HTTP 200 933
UPPSLAGSORD appell traffar=saol,so,saob
SVENSKA_SE_HAMTAD approach HTTP 200 7534
SYNONYMER_SE_HAMTAD approach HTTP 200 256281
WIKTIONARY_HAMTAD approach HTTP 200 481
UPPSLAGSORD approach traffar=saol,so
SVENSKA_SE_HAMTAD approbera HTTP 200 18460
SYNONYMER_SE_HAMTAD approbera HTTP 200 226847
WIKTIONARY_HAMTAD approbera HTTP 200 168
UPPSLAGSORD approbera traffar=saob
SVENSKA_SE_HAMTAD arcus HTTP 200 125614
SYNONYMER_SE_HAMTAD arcus HTTP 200 203682
WIKTIONARY_HAMTAD arcus HTTP 429 0
UPPSLAGSORD arcus traffar=INGEN
SVENSKA_SE_HAMTAD ard HTTP 200 19198
SYNONYMER_SE_HAMTAD ard HTTP 200 203714
WIKTIONARY_HAMTAD ard HTTP 429 0
UPPSLAGSORD ard traffar=saob
SVENSKA_SE_HAMTAD argot HTTP 200 7620
SYNONYMER_SE_HAMTAD argot HTTP 200 235640
WIKTIONARY_HAMTAD argot HTTP 200 822
UPPSLAGSORD argot traffar=saol,so
SVENSKA_SE_HAMTAD argusöga HTTP 200 5682
SYNONYMER_SE_HAMTAD argusöga HTTP 200 248134
WIKTIONARY_HAMTAD argusöga HTTP 200 398
UPPSLAGSORD argusöga traffar=saol,so,saob
SVENSKA_SE_HAMTAD aria HTTP 200 6775
SYNONYMER_SE_HAMTAD aria HTTP 200 263264
WIKTIONARY_HAMTAD aria HTTP 200 583
UPPSLAGSORD aria traffar=saol,so,saob
SVENSKA_SE_HAMTAD arkivarie HTTP 200 5928
SYNONYMER_SE_HAMTAD arkivarie HTTP 200 253725
WIKTIONARY_HAMTAD arkivarie HTTP 200 756
UPPSLAGSORD arkivarie traffar=saol,so,saob
SVENSKA_SE_HAMTAD arkivera HTTP 200 9353
SYNONYMER_SE_HAMTAD arkivera HTTP 200 272069
WIKTIONARY_HAMTAD arkivera HTTP 200 757
UPPSLAGSORD arkivera traffar=saol,so
FRAS_UTAN_UPPSLAGSORD arons skägg -- svenska.se-traffarna galler bestandsdelarna, inte frasen. Kastas.
SVENSKA_SE_HAMTAD arons skägg HTTP 200 19267
SYNONYMER_SE_HAMTAD arons skägg HTTP 200 187381
WIKTIONARY_HAMTAD arons skägg HTTP 200 398
UPPSLAGSORD arons skägg traffar=INGEN
SVENSKA_SE_HAMTAD arpeggio HTTP 200 5606
SYNONYMER_SE_HAMTAD arpeggio HTTP 200 250767
WIKTIONARY_HAMTAD arpeggio HTTP 200 320
UPPSLAGSORD arpeggio traffar=saol,so,saob
SVENSKA_SE_HAMTAD arrogant HTTP 200 6266
SYNONYMER_SE_HAMTAD arrogant HTTP 200 261091
WIKTIONARY_HAMTAD arrogant HTTP 200 2697
UPPSLAGSORD arrogant traffar=saol,so,saob
SVENSKA_SE_HAMTAD arrondera HTTP 200 12541
SYNONYMER_SE_HAMTAD arrondera HTTP 200 256863
WIKTIONARY_HAMTAD arrondera HTTP 200 370
UPPSLAGSORD arrondera traffar=saol,saob
SVENSKA_SE_HAMTAD arvodera HTTP 200 10058
SYNONYMER_SE_HAMTAD arvodera HTTP 200 254288
WIKTIONARY_HAMTAD arvodera HTTP 200 398
UPPSLAGSORD arvodera traffar=saol,so
SVENSKA_SE_HAMTAD asa sig HTTP 200 13710
SYNONYMER_SE_HAMTAD asa sig HTTP 200 187269
WIKTIONARY_HAMTAD asa sig HTTP 429 0
UPPSLAGSORD asa sig traffar=so
SVENSKA_SE_HAMTAD aspekt HTTP 200 9147
SYNONYMER_SE_HAMTAD aspekt HTTP 200 259025
WIKTIONARY_HAMTAD aspekt HTTP 429 0
UPPSLAGSORD aspekt traffar=saol,so,saob
SVENSKA_SE_HAMTAD aspirant HTTP 200 6569
SYNONYMER_SE_HAMTAD aspirant HTTP 200 263645
WIKTIONARY_HAMTAD aspirant HTTP 200 533
UPPSLAGSORD aspirant traffar=saol,so,saob
SVENSKA_SE_HAMTAD astenisk HTTP 200 5463
SYNONYMER_SE_HAMTAD astenisk HTTP 200 244050
WIKTIONARY_HAMTAD astenisk HTTP 200 408
UPPSLAGSORD astenisk traffar=saol,so,saob
SVENSKA_SE_HAMTAD astigmatism HTTP 200 5116
SYNONYMER_SE_HAMTAD astigmatism HTTP 200 252162
WIKTIONARY_HAMTAD astigmatism HTTP 200 782
UPPSLAGSORD astigmatism traffar=saol,so,saob
SVENSKA_SE_HAMTAD astrakan HTTP 200 8692
SYNONYMER_SE_HAMTAD astrakan HTTP 200 258142
WIKTIONARY_HAMTAD astrakan HTTP 200 486
UPPSLAGSORD astrakan traffar=saol,so,saob
SVENSKA_SE_HAMTAD asynkron HTTP 200 7124
SYNONYMER_SE_HAMTAD asynkron HTTP 200 245670
WIKTIONARY_HAMTAD asynkron HTTP 200 686
UPPSLAGSORD asynkron traffar=saol,so
SVENSKA_SE_HAMTAD atavistisk HTTP 200 5549
SYNONYMER_SE_HAMTAD atavistisk HTTP 200 237599
WIKTIONARY_HAMTAD atavistisk HTTP 200 398
UPPSLAGSORD atavistisk traffar=saol,so,saob
SVENSKA_SE_HAMTAD ataxi HTTP 200 7457
SYNONYMER_SE_HAMTAD ataxi HTTP 200 237670
WIKTIONARY_HAMTAD ataxi HTTP 200 250
UPPSLAGSORD ataxi traffar=saol,so
SVENSKA_SE_HAMTAD atrium HTTP 200 5982
SYNONYMER_SE_HAMTAD atrium HTTP 200 252488
WIKTIONARY_HAMTAD atrium HTTP 200 1070
UPPSLAGSORD atrium traffar=saol,so,saob
FRAS_UTAN_UPPSLAGSORD att mylla -- svenska.se-traffarna galler bestandsdelarna, inte frasen. Kastas.
SVENSKA_SE_HAMTAD att mylla HTTP 200 19702
SYNONYMER_SE_HAMTAD att mylla HTTP 200 204244
WIKTIONARY_HAMTAD att mylla HTTP 200 398
UPPSLAGSORD att mylla traffar=INGEN
FRAS_UTAN_UPPSLAGSORD att möta sitt waterloo -- svenska.se-traffarna galler bestandsdelarna, inte frasen. Kastas.
SVENSKA_SE_HAMTAD att möta sitt waterloo HTTP 200 17727
SYNONYMER_SE_HAMTAD att möta sitt waterloo HTTP 200 204453
WIKTIONARY_HAMTAD att möta sitt waterloo HTTP 200 398
UPPSLAGSORD att möta sitt waterloo traffar=INGEN
SVENSKA_SE_HAMTAD attan HTTP 200 6158
SYNONYMER_SE_HAMTAD attan HTTP 200 242700
WIKTIONARY_HAMTAD attan HTTP 429 0
UPPSLAGSORD attan traffar=saol,so,saob
SVENSKA_SE_HAMTAD attentat HTTP 200 7830
SYNONYMER_SE_HAMTAD attentat HTTP 200 268661
WIKTIONARY_HAMTAD attentat HTTP 429 0
UPPSLAGSORD attentat traffar=saol,so,saob
SVENSKA_SE_HAMTAD attest HTTP 200 6677
SYNONYMER_SE_HAMTAD attest HTTP 200 262108
WIKTIONARY_HAMTAD attest HTTP 200 763
UPPSLAGSORD attest traffar=saol,so,saob
SVENSKA_SE_HAMTAD attribut HTTP 200 8215
SYNONYMER_SE_HAMTAD attribut HTTP 200 264071
WIKTIONARY_HAMTAD attribut HTTP 200 1357
UPPSLAGSORD attribut traffar=saol,so,saob
SVENSKA_SE_HAMTAD atypi HTTP 200 8135
SYNONYMER_SE_HAMTAD atypi HTTP 200 243510
WIKTIONARY_HAMTAD atypi HTTP 200 398
UPPSLAGSORD atypi traffar=saol,so
SVENSKA_SE_HAMTAD audiologi HTTP 200 6671
SYNONYMER_SE_HAMTAD audiologi HTTP 200 256116
WIKTIONARY_HAMTAD audiologi HTTP 200 398
UPPSLAGSORD audiologi traffar=saol,so
SVENSKA_SE_HAMTAD augur HTTP 200 6122
SYNONYMER_SE_HAMTAD augur HTTP 200 245434
WIKTIONARY_HAMTAD augur HTTP 200 462
UPPSLAGSORD augur traffar=saol,so,saob
SVENSKA_SE_HAMTAD auktorisera HTTP 200 8070
SYNONYMER_SE_HAMTAD auktorisera HTTP 200 267179
WIKTIONARY_HAMTAD auktorisera HTTP 200 1041
UPPSLAGSORD auktorisera traffar=saol,so,saob
FRAS_UTAN_UPPSLAGSORD av godo -- svenska.se-traffarna galler bestandsdelarna, inte frasen. Kastas.
SVENSKA_SE_HAMTAD av godo HTTP 200 19722
SYNONYMER_SE_HAMTAD av godo HTTP 200 204442
WIKTIONARY_HAMTAD av godo HTTP 200 398
UPPSLAGSORD av godo traffar=INGEN
FRAS_UTAN_UPPSLAGSORD av samma korn och skrå -- svenska.se-traffarna galler bestandsdelarna, inte frasen. Kastas.
SVENSKA_SE_HAMTAD av samma korn och skrå HTTP 200 2282
SYNONYMER_SE_HAMTAD av samma korn och skrå HTTP 200 188176
WIKTIONARY_HAMTAD av samma korn och skrå HTTP 200 398
UPPSLAGSORD av samma korn och skrå traffar=INGEN
FRAS_UTAN_UPPSLAGSORD av våda -- svenska.se-traffarna galler bestandsdelarna, inte frasen. Kastas.
SVENSKA_SE_HAMTAD av våda HTTP 200 19832
SYNONYMER_SE_HAMTAD av våda HTTP 200 223840
WIKTIONARY_HAMTAD av våda HTTP 200 398
UPPSLAGSORD av våda traffar=INGEN
SVENSKA_SE_HAMTAD avbalka HTTP 200 9254
SYNONYMER_SE_HAMTAD avbalka HTTP 200 250154
WIKTIONARY_HAMTAD avbalka HTTP 200 398
UPPSLAGSORD avbalka traffar=saol,so
SVENSKA_SE_HAMTAD avbalkning HTTP 200 7496
SYNONYMER_SE_HAMTAD avbalkning HTTP 200 250778
WIKTIONARY_HAMTAD avbalkning HTTP 429 0
UPPSLAGSORD avbalkning traffar=saol,so
SVENSKA_SE_HAMTAD avbasning HTTP 200 7317
SYNONYMER_SE_HAMTAD avbasning HTTP 200 260514
WIKTIONARY_HAMTAD avbasning HTTP 429 0
UPPSLAGSORD avbasning traffar=saol,so
SVENSKA_SE_HAMTAD avhysa HTTP 200 9572
SYNONYMER_SE_HAMTAD avhysa HTTP 200 264327
WIKTIONARY_HAMTAD avhysa HTTP 200 486
UPPSLAGSORD avhysa traffar=saol,so
SVENSKA_SE_HAMTAD aviarium HTTP 200 7668
SYNONYMER_SE_HAMTAD aviarium HTTP 200 245102
WIKTIONARY_HAMTAD aviarium HTTP 200 398
UPPSLAGSORD aviarium traffar=saol,so
SVENSKA_SE_HAMTAD aviatik HTTP 200 6164
SYNONYMER_SE_HAMTAD aviatik HTTP 200 241848
WIKTIONARY_HAMTAD aviatik HTTP 200 441
UPPSLAGSORD aviatik traffar=saol,so
SVENSKA_SE_HAMTAD aviatiker HTTP 200 132760
SYNONYMER_SE_HAMTAD aviatiker HTTP 200 225387
WIKTIONARY_HAMTAD aviatiker HTTP 200 398
UPPSLAGSORD aviatiker traffar=INGEN
SVENSKA_SE_HAMTAD avklinga HTTP 200 9421
SYNONYMER_SE_HAMTAD avklinga HTTP 200 241102
WIKTIONARY_HAMTAD avklinga HTTP 200 2806
UPPSLAGSORD avklinga traffar=saol,so
SVENSKA_SE_HAMTAD avknoppning HTTP 200 7221
SYNONYMER_SE_HAMTAD avknoppning HTTP 200 260992
WIKTIONARY_HAMTAD avknoppning HTTP 200 398
UPPSLAGSORD avknoppning traffar=saol,so
SVENSKA_SE_HAMTAD avkunna HTTP 200 8944
SYNONYMER_SE_HAMTAD avkunna HTTP 200 275339
WIKTIONARY_HAMTAD avkunna HTTP 200 398
UPPSLAGSORD avkunna traffar=saol,so
SVENSKA_SE_HAMTAD avlat HTTP 200 15682
SYNONYMER_SE_HAMTAD avlat HTTP 200 257383
WIKTIONARY_HAMTAD avlat HTTP 200 1271
UPPSLAGSORD avlat traffar=saol,so
SVENSKA_SE_HAMTAD avlatsbrev HTTP 200 6488
SYNONYMER_SE_HAMTAD avlatsbrev HTTP 200 253406
SYNONYMER_SE_ENDAST_ANVANDARBIDRAG avlatsbrev
WIKTIONARY_HAMTAD avlatsbrev HTTP 200 593
UPPSLAGSORD avlatsbrev traffar=saol,so
SVENSKA_SE_HAMTAD avlägga HTTP 200 9639
SYNONYMER_SE_HAMTAD avlägga HTTP 200 283023
WIKTIONARY_HAMTAD avlägga HTTP 200 818
UPPSLAGSORD avlägga traffar=saol,so
SVENSKA_SE_HAMTAD avlöpa HTTP 200 10600
SYNONYMER_SE_HAMTAD avlöpa HTTP 200 267897
WIKTIONARY_HAMTAD avlöpa HTTP 429 0
UPPSLAGSORD avlöpa traffar=saol,so
SVENSKA_SE_HAMTAD avrad HTTP 200 7686
SYNONYMER_SE_HAMTAD avrad HTTP 200 247720
WIKTIONARY_HAMTAD avrad HTTP 429 0
UPPSLAGSORD avrad traffar=saol,so
SVENSKA_SE_HAMTAD avreda HTTP 200 9679
SYNONYMER_SE_HAMTAD avreda HTTP 200 260023
WIKTIONARY_HAMTAD avreda HTTP 200 398
UPPSLAGSORD avreda traffar=saol,so
SVENSKA_SE_HAMTAD avseende HTTP 200 18958
SYNONYMER_SE_HAMTAD avseende HTTP 200 282166
WIKTIONARY_HAMTAD avseende HTTP 200 1715
UPPSLAGSORD avseende traffar=saol,so
FRAS_UTAN_UPPSLAGSORD avsked på grått papper -- svenska.se-traffarna galler bestandsdelarna, inte frasen. Kastas.
SVENSKA_SE_HAMTAD avsked på grått papper HTTP 200 17731
SYNONYMER_SE_HAMTAD avsked på grått papper HTTP 200 188073
WIKTIONARY_HAMTAD avsked på grått papper HTTP 200 1336
UPPSLAGSORD avsked på grått papper traffar=INGEN
FRAS_UTAN_UPPSLAGSORD avskärma sig -- svenska.se-traffarna galler bestandsdelarna, inte frasen. Kastas.
SVENSKA_SE_HAMTAD avskärma sig HTTP 200 19796
SYNONYMER_SE_HAMTAD avskärma sig HTTP 200 187937
WIKTIONARY_HAMTAD avskärma sig HTTP 200 398
UPPSLAGSORD avskärma sig traffar=INGEN
SVENSKA_SE_HAMTAD avslå HTTP 200 10573
SYNONYMER_SE_HAMTAD avslå HTTP 200 276598
WIKTIONARY_HAMTAD avslå HTTP 200 1016
UPPSLAGSORD avslå traffar=saol,so
SVENSKA_SE_HAMTAD avstamp HTTP 200 8854
SYNONYMER_SE_HAMTAD avstamp HTTP 200 256248
WIKTIONARY_HAMTAD avstamp HTTP 200 318
UPPSLAGSORD avstamp traffar=saol,so
SVENSKA_SE_HAMTAD avtacklad HTTP 200 10742
SYNONYMER_SE_HAMTAD avtacklad HTTP 200 250871
WIKTIONARY_HAMTAD avtacklad HTTP 200 398
UPPSLAGSORD avtacklad traffar=saol,so
SVENSKA_SE_HAMTAD avtrubbad HTTP 200 9554
SYNONYMER_SE_HAMTAD avtrubbad HTTP 200 235347
WIKTIONARY_HAMTAD avtrubbad HTTP 200 398
UPPSLAGSORD avtrubbad hittad som uppslagsform 'avtrubba'
UPPSLAGSORD avtrubbad traffar=saol,so via=avtrubba
SVENSKA_SE_HAMTAD avverka HTTP 200 10117
SYNONYMER_SE_HAMTAD avverka HTTP 200 276334
WIKTIONARY_HAMTAD avverka HTTP 200 966
UPPSLAGSORD avverka traffar=saol,so
SVENSKA_SE_HAMTAD avvika HTTP 200 10989
SYNONYMER_SE_HAMTAD avvika HTTP 200 284570
WIKTIONARY_HAMTAD avvika HTTP 200 1585
UPPSLAGSORD avvika traffar=saol,so
SVENSKA_SE_HAMTAD avvärja HTTP 200 11041
SYNONYMER_SE_HAMTAD avvärja HTTP 200 286796
WIKTIONARY_HAMTAD avvärja HTTP 429 0
UPPSLAGSORD avvärja traffar=saol,so
SVENSKA_SE_HAMTAD ax HTTP 200 11325
SYNONYMER_SE_HAMTAD ax HTTP 200 286293
WIKTIONARY_HAMTAD ax HTTP 429 0
UPPSLAGSORD ax traffar=saol,so,saob
SVENSKA_SE_HAMTAD bagatellisera HTTP 200 7336
SYNONYMER_SE_HAMTAD bagatellisera HTTP 200 270455
WIKTIONARY_HAMTAD bagatellisera HTTP 200 594
UPPSLAGSORD bagatellisera traffar=saol,so,saob
SVENSKA_SE_HAMTAD baggböla HTTP 200 12314
SYNONYMER_SE_HAMTAD baggböla HTTP 200 258374
WIKTIONARY_HAMTAD baggböla HTTP 200 398
UPPSLAGSORD baggböla traffar=saol,saob
SVENSKA_SE_HAMTAD bahytt HTTP 200 6221
SYNONYMER_SE_HAMTAD bahytt HTTP 200 256011
WIKTIONARY_HAMTAD bahytt HTTP 200 532
UPPSLAGSORD bahytt traffar=saol,so,saob
FRAS_UTAN_UPPSLAGSORD bakom lyckta dörrar -- svenska.se-traffarna galler bestandsdelarna, inte frasen. Kastas.
SVENSKA_SE_HAMTAD bakom lyckta dörrar HTTP 200 17728
SYNONYMER_SE_HAMTAD bakom lyckta dörrar HTTP 200 204427
WIKTIONARY_HAMTAD bakom lyckta dörrar HTTP 200 1453
UPPSLAGSORD bakom lyckta dörrar traffar=INGEN
SVENSKA_SE_HAMTAD balalajka HTTP 200 5567
SYNONYMER_SE_HAMTAD balalajka HTTP 200 250061
WIKTIONARY_HAMTAD balalajka HTTP 200 2115
UPPSLAGSORD balalajka traffar=saol,so,saob
FRAS_UTAN_UPPSLAGSORD balansera på slak lina -- svenska.se-traffarna galler bestandsdelarna, inte frasen. Kastas.
SVENSKA_SE_HAMTAD balansera på slak lina HTTP 200 17732
SYNONYMER_SE_HAMTAD balansera på slak lina HTTP 200 204350
WIKTIONARY_HAMTAD balansera på slak lina HTTP 200 398
UPPSLAGSORD balansera på slak lina traffar=INGEN
SVENSKA_SE_HAMTAD baldakin HTTP 200 6786
SYNONYMER_SE_HAMTAD baldakin HTTP 200 260946
WIKTIONARY_HAMTAD baldakin HTTP 200 1420
UPPSLAGSORD baldakin traffar=saol,so,saob
SVENSKA_SE_HAMTAD balk HTTP 200 8961
SYNONYMER_SE_HAMTAD balk HTTP 200 280652
WIKTIONARY_HAMTAD balk HTTP 200 1714
UPPSLAGSORD balk traffar=saol,so,saob
SVENSKA_SE_HAMTAD balkanisering HTTP 200 7668
SYNONYMER_SE_HAMTAD balkanisering HTTP 200 252698
WIKTIONARY_HAMTAD balkanisering HTTP 200 835
UPPSLAGSORD balkanisering traffar=saol,so
SVENSKA_SE_HAMTAD ballast HTTP 200 19090
SYNONYMER_SE_HAMTAD ballast HTTP 200 267653
WIKTIONARY_HAMTAD ballast HTTP 200 841
UPPSLAGSORD ballast traffar=saob
SVENSKA_SE_HAMTAD bandata HTTP 200 140400
SYNONYMER_SE_HAMTAD bandata HTTP 200 204184
WIKTIONARY_HAMTAD bandata HTTP 429 0
UPPSLAGSORD bandata traffar=INGEN
SVENSKA_SE_HAMTAD bankrutt HTTP 200 11747
SYNONYMER_SE_HAMTAD bankrutt HTTP 200 274822
WIKTIONARY_HAMTAD bankrutt HTTP 429 0
UPPSLAGSORD bankrutt traffar=saol,so,saob
SVENSKA_SE_HAMTAD bannlysning HTTP 200 12415
SYNONYMER_SE_HAMTAD bannlysning HTTP 200 265448
WIKTIONARY_HAMTAD bannlysning HTTP 200 1861
UPPSLAGSORD bannlysning traffar=saol,saob
SVENSKA_SE_HAMTAD baptism HTTP 200 5293
SYNONYMER_SE_HAMTAD baptism HTTP 200 248002
WIKTIONARY_HAMTAD baptism HTTP 200 907
UPPSLAGSORD baptism traffar=saol,so,saob
SVENSKA_SE_HAMTAD barbarisk HTTP 200 6670
SYNONYMER_SE_HAMTAD barbarisk HTTP 200 238288
WIKTIONARY_HAMTAD barbarisk HTTP 200 523
UPPSLAGSORD barbarisk traffar=saol,so,saob
FRAS_UTAN_UPPSLAGSORD barn av sin tid -- svenska.se-traffarna galler bestandsdelarna, inte frasen. Kastas.
SVENSKA_SE_HAMTAD barn av sin tid HTTP 200 17644
SYNONYMER_SE_HAMTAD barn av sin tid HTTP 200 187803
WIKTIONARY_HAMTAD barn av sin tid HTTP 200 398
UPPSLAGSORD barn av sin tid traffar=INGEN
SVENSKA_SE_HAMTAD barnsbörd HTTP 200 7035
SYNONYMER_SE_HAMTAD barnsbörd HTTP 200 248156
WIKTIONARY_HAMTAD barnsbörd HTTP 200 368
UPPSLAGSORD barnsbörd traffar=saol,so,saob
SVENSKA_SE_HAMTAD barock HTTP 200 11326
SYNONYMER_SE_HAMTAD barock HTTP 200 263167
WIKTIONARY_HAMTAD barock HTTP 200 2753
UPPSLAGSORD barock traffar=saol,so,saob
SVENSKA_SE_HAMTAD barrikad HTTP 200 6983
SYNONYMER_SE_HAMTAD barrikad HTTP 200 267721
WIKTIONARY_HAMTAD barrikad HTTP 200 652
UPPSLAGSORD barrikad traffar=saol,so,saob
SVENSKA_SE_HAMTAD baryton HTTP 200 7416
SYNONYMER_SE_HAMTAD baryton HTTP 200 258731
WIKTIONARY_HAMTAD baryton HTTP 200 1042
UPPSLAGSORD baryton traffar=saol,so,saob
SVENSKA_SE_HAMTAD basa HTTP 200 15250
SYNONYMER_SE_HAMTAD basa HTTP 200 296078
WIKTIONARY_HAMTAD basa HTTP 200 330
UPPSLAGSORD basa traffar=saol,so,saob
SVENSKA_SE_HAMTAD bastilj HTTP 200 18577
SYNONYMER_SE_HAMTAD bastilj HTTP 200 214644
WIKTIONARY_HAMTAD bastilj HTTP 200 398
UPPSLAGSORD bastilj traffar=saob
SVENSKA_SE_HAMTAD basun HTTP 200 6452
SYNONYMER_SE_HAMTAD basun HTTP 200 264456
WIKTIONARY_HAMTAD basun HTTP 429 0
UPPSLAGSORD basun traffar=saol,so,saob
SVENSKA_SE_HAMTAD batik HTTP 200 8167
SYNONYMER_SE_HAMTAD batik HTTP 200 242058
WIKTIONARY_HAMTAD batik HTTP 429 0
UPPSLAGSORD batik traffar=saol,so
SVENSKA_SE_HAMTAD bauta- HTTP 200 6774
SYNONYMER_SE_HAMTAD bauta- HTTP 200 204094
WIKTIONARY_HAMTAD bauta- HTTP 200 333
UPPSLAGSORD bauta- traffar=saol,so
FRAS_UTAN_UPPSLAGSORD be för sin sjuka mor -- svenska.se-traffarna galler bestandsdelarna, inte frasen. Kastas.
SVENSKA_SE_HAMTAD be för sin sjuka mor HTTP 200 17633
SYNONYMER_SE_HAMTAD be för sin sjuka mor HTTP 200 187798
WIKTIONARY_HAMTAD be för sin sjuka mor HTTP 200 398
UPPSLAGSORD be för sin sjuka mor traffar=INGEN
SVENSKA_SE_HAMTAD beatnik HTTP 200 8297
SYNONYMER_SE_HAMTAD beatnik HTTP 200 255792
WIKTIONARY_HAMTAD beatnik HTTP 200 688
UPPSLAGSORD beatnik traffar=saol,so
SVENSKA_SE_HAMTAD bebåda HTTP 200 8339
SYNONYMER_SE_HAMTAD bebåda HTTP 200 266425
WIKTIONARY_HAMTAD bebåda HTTP 200 1315
UPPSLAGSORD bebåda traffar=saol,so,saob
SVENSKA_SE_HAMTAD bebådelse HTTP 200 6001
SYNONYMER_SE_HAMTAD bebådelse HTTP 200 261203
WIKTIONARY_HAMTAD bebådelse HTTP 200 549
UPPSLAGSORD bebådelse traffar=saol,so,saob
SVENSKA_SE_HAMTAD beckasin HTTP 200 6362
SYNONYMER_SE_HAMTAD beckasin HTTP 200 257662
WIKTIONARY_HAMTAD beckasin HTTP 200 481
UPPSLAGSORD beckasin traffar=saol,so,saob
SVENSKA_SE_HAMTAD befaren HTTP 200 10766
SYNONYMER_SE_HAMTAD befaren HTTP 200 242972
WIKTIONARY_HAMTAD befaren HTTP 200 250
UPPSLAGSORD befaren traffar=saol,so,saob
FRAS_UTAN_UPPSLAGSORD befatta sig med -- svenska.se-traffarna galler bestandsdelarna, inte frasen. Kastas.
SVENSKA_SE_HAMTAD befatta sig med HTTP 200 19093
SYNONYMER_SE_HAMTAD befatta sig med HTTP 200 232674
WIKTIONARY_HAMTAD befatta sig med HTTP 200 398
UPPSLAGSORD befatta sig med traffar=INGEN
SVENSKA_SE_HAMTAD befattning HTTP 200 8188
SYNONYMER_SE_HAMTAD befattning HTTP 200 279120
WIKTIONARY_HAMTAD befattning HTTP 200 966
UPPSLAGSORD befattning traffar=saol,so,saob
SVENSKA_SE_HAMTAD befogad HTTP 200 5723
SYNONYMER_SE_HAMTAD befogad HTTP 200 259185
WIKTIONARY_HAMTAD befogad HTTP 200 2320
UPPSLAGSORD befogad traffar=saol,so,saob
SVENSKA_SE_HAMTAD befrakta HTTP 200 7958
SYNONYMER_SE_HAMTAD befrakta HTTP 200 263773
WIKTIONARY_HAMTAD befrakta HTTP 429 0
UPPSLAGSORD befrakta traffar=saol,so,saob
SVENSKA_SE_HAMTAD befrynda HTTP 200 18633
SYNONYMER_SE_HAMTAD befrynda HTTP 200 254404
WIKTIONARY_HAMTAD befrynda HTTP 429 0
UPPSLAGSORD befrynda traffar=saob
SVENSKA_SE_HAMTAD begapa HTTP 200 7671
SYNONYMER_SE_HAMTAD begapa HTTP 200 267991
WIKTIONARY_HAMTAD begapa HTTP 200 398
UPPSLAGSORD begapa traffar=saol,so,saob
SVENSKA_SE_HAMTAD begivenhet HTTP 200 7480
SYNONYMER_SE_HAMTAD begivenhet HTTP 200 261430
WIKTIONARY_HAMTAD begivenhet HTTP 200 1019
UPPSLAGSORD begivenhet traffar=saol,so
SVENSKA_SE_HAMTAD begrunda HTTP 200 8461
SYNONYMER_SE_HAMTAD begrunda HTTP 200 277715
WIKTIONARY_HAMTAD begrunda HTTP 200 1290
UPPSLAGSORD begrunda traffar=saol,so,saob
FRAS_UTAN_UPPSLAGSORD begå mened -- svenska.se-traffarna galler bestandsdelarna, inte frasen. Kastas.
SVENSKA_SE_HAMTAD begå mened HTTP 200 20003
SYNONYMER_SE_HAMTAD begå mened HTTP 200 203838
WIKTIONARY_HAMTAD begå mened HTTP 200 398
UPPSLAGSORD begå mened traffar=INGEN
SVENSKA_SE_HAMTAD behaviorism HTTP 200 5269
SYNONYMER_SE_HAMTAD behaviorism HTTP 200 249385
WIKTIONARY_HAMTAD behaviorism HTTP 200 891
UPPSLAGSORD behaviorism traffar=saol,so
FRAS_UTAN_UPPSLAGSORD behäftad med -- svenska.se-traffarna galler bestandsdelarna, inte frasen. Kastas.
SVENSKA_SE_HAMTAD behäftad med HTTP 200 19824
SYNONYMER_SE_HAMTAD behäftad med HTTP 200 226002
WIKTIONARY_HAMTAD behäftad med HTTP 200 398
UPPSLAGSORD behäftad med traffar=INGEN
SVENSKA_SE_HAMTAD behändig HTTP 200 7154
SYNONYMER_SE_HAMTAD behändig HTTP 200 277991
WIKTIONARY_HAMTAD behändig HTTP 200 749
UPPSLAGSORD behändig traffar=saol,so,saob
SVENSKA_SE_HAMTAD bekantgöra HTTP 200 8543
SYNONYMER_SE_HAMTAD bekantgöra HTTP 200 274385
WIKTIONARY_HAMTAD bekantgöra HTTP 200 398
UPPSLAGSORD bekantgöra traffar=saol,so,saob
SVENSKA_SE_HAMTAD bekransa HTTP 200 8122
SYNONYMER_SE_HAMTAD bekransa HTTP 200 253349
WIKTIONARY_HAMTAD bekransa HTTP 200 411
UPPSLAGSORD bekransa traffar=saol,so,saob
SVENSKA_SE_HAMTAD bekräfta HTTP 200 11890
SYNONYMER_SE_HAMTAD bekräfta HTTP 200 275779
WIKTIONARY_HAMTAD bekräfta HTTP 200 1509
UPPSLAGSORD bekräfta traffar=saol,so,saob
SVENSKA_SE_HAMTAD bekväma sig HTTP 200 7223
SYNONYMER_SE_HAMTAD bekväma sig HTTP 200 241366
WIKTIONARY_HAMTAD bekväma sig HTTP 429 0
UPPSLAGSORD bekväma sig traffar=saol,so
FRAS_UTAN_UPPSLAGSORD bekväma sig till -- svenska.se-traffarna galler bestandsdelarna, inte frasen. Kastas.
SVENSKA_SE_HAMTAD bekväma sig till HTTP 200 2265
SYNONYMER_SE_HAMTAD bekväma sig till HTTP 200 223519
WIKTIONARY_HAMTAD bekväma sig till HTTP 429 0
UPPSLAGSORD bekväma sig till traffar=INGEN
SVENSKA_SE_HAMTAD beljuga HTTP 200 8590
SYNONYMER_SE_HAMTAD beljuga HTTP 200 258026
WIKTIONARY_HAMTAD beljuga HTTP 200 398
UPPSLAGSORD beljuga traffar=saol,so,saob
SVENSKA_SE_HAMTAD belöpa HTTP 200 14239
SYNONYMER_SE_HAMTAD belöpa HTTP 200 253669
WIKTIONARY_HAMTAD belöpa HTTP 200 398
UPPSLAGSORD belöpa traffar=saob
SVENSKA_SE_HAMTAD bemedlad HTTP 200 5219
SYNONYMER_SE_HAMTAD bemedlad HTTP 200 269400
WIKTIONARY_HAMTAD bemedlad HTTP 200 691
UPPSLAGSORD bemedlad traffar=saol,so,saob
SVENSKA_SE_HAMTAD bemyndiga HTTP 200 7758
SYNONYMER_SE_HAMTAD bemyndiga HTTP 200 275503
WIKTIONARY_HAMTAD bemyndiga HTTP 200 533
UPPSLAGSORD bemyndiga traffar=saol,so,saob
SVENSKA_SE_HAMTAD bemyndigande HTTP 200 12046
SYNONYMER_SE_HAMTAD bemyndigande HTTP 200 248135
WIKTIONARY_HAMTAD bemyndigande HTTP 200 544
UPPSLAGSORD bemyndigande traffar=saol,so,saob
SVENSKA_SE_HAMTAD bemängd HTTP 200 10650
SYNONYMER_SE_HAMTAD bemängd HTTP 200 234775
WIKTIONARY_HAMTAD bemängd HTTP 200 398
UPPSLAGSORD bemängd hittad som uppslagsform 'bemänga'
UPPSLAGSORD bemängd traffar=saol,so,saob via=bemänga
SVENSKA_SE_HAMTAD bemärkt HTTP 200 7449
SYNONYMER_SE_HAMTAD bemärkt HTTP 200 240651
WIKTIONARY_HAMTAD bemärkt HTTP 200 609
UPPSLAGSORD bemärkt traffar=saol,so
FRAS_UTAN_UPPSLAGSORD bemästra sig -- svenska.se-traffarna galler bestandsdelarna, inte frasen. Kastas.
SVENSKA_SE_HAMTAD bemästra sig HTTP 200 19722
SYNONYMER_SE_HAMTAD bemästra sig HTTP 200 215569
WIKTIONARY_HAMTAD bemästra sig HTTP 200 398
UPPSLAGSORD bemästra sig traffar=INGEN
SVENSKA_SE_HAMTAD benign HTTP 200 7828
SYNONYMER_SE_HAMTAD benign HTTP 200 243081
WIKTIONARY_HAMTAD benign HTTP 200 405
UPPSLAGSORD benign traffar=saol,so
SVENSKA_SE_HAMTAD benjamin HTTP 200 4367
SYNONYMER_SE_HAMTAD benjamin HTTP 200 232025
WIKTIONARY_HAMTAD benjamin HTTP 200 398
UPPSLAGSORD benjamin traffar=saol,so,saob
SVENSKA_SE_HAMTAD beredvillig HTTP 200 5080
SYNONYMER_SE_HAMTAD beredvillig HTTP 200 254621
WIKTIONARY_HAMTAD beredvillig HTTP 429 0
UPPSLAGSORD beredvillig traffar=saol,so,saob
FRAS_UTAN_UPPSLAGSORD berget födde en råtta -- svenska.se-traffarna galler bestandsdelarna, inte frasen. Kastas.
SVENSKA_SE_HAMTAD berget födde en råtta HTTP 200 17733
SYNONYMER_SE_HAMTAD berget födde en råtta HTTP 200 204360
WIKTIONARY_HAMTAD berget födde en råtta HTTP 429 0
UPPSLAGSORD berget födde en råtta traffar=INGEN
SVENSKA_SE_HAMTAD bergfast HTTP 200 5065
SYNONYMER_SE_HAMTAD bergfast HTTP 200 246639
WIKTIONARY_HAMTAD bergfast HTTP 200 398
UPPSLAGSORD bergfast traffar=saol,so,saob
SVENSKA_SE_HAMTAD bergtagen HTTP 200 7218
SYNONYMER_SE_HAMTAD bergtagen HTTP 200 253087
WIKTIONARY_HAMTAD bergtagen HTTP 200 398
UPPSLAGSORD bergtagen traffar=saol,so
SVENSKA_SE_HAMTAD beriden HTTP 200 5039
SYNONYMER_SE_HAMTAD beriden HTTP 200 237701
WIKTIONARY_HAMTAD beriden HTTP 200 835
UPPSLAGSORD beriden traffar=saol,so,saob
SVENSKA_SE_HAMTAD berlock HTTP 200 6027
SYNONYMER_SE_HAMTAD berlock HTTP 200 262287
WIKTIONARY_HAMTAD berlock HTTP 200 677
UPPSLAGSORD berlock traffar=saol,so,saob
SVENSKA_SE_HAMTAD bermudas HTTP 200 6397
SYNONYMER_SE_HAMTAD bermudas HTTP 200 241757
WIKTIONARY_HAMTAD bermudas HTTP 200 398
UPPSLAGSORD bermudas traffar=saol,so
SVENSKA_SE_HAMTAD berått HTTP 200 7525
SYNONYMER_SE_HAMTAD berått HTTP 200 239157
WIKTIONARY_HAMTAD berått HTTP 200 398
UPPSLAGSORD berått traffar=saol,so
SVENSKA_SE_HAMTAD besjälad HTTP 200 9576
SYNONYMER_SE_HAMTAD besjälad HTTP 200 245499
WIKTIONARY_HAMTAD besjälad HTTP 200 1214
UPPSLAGSORD besjälad traffar=saol,saob
SVENSKA_SE_HAMTAD beskäftig HTTP 200 6212
SYNONYMER_SE_HAMTAD beskäftig HTTP 200 261457
WIKTIONARY_HAMTAD beskäftig HTTP 200 1249
UPPSLAGSORD beskäftig traffar=saol,so,saob
SVENSKA_SE_HAMTAD beskällare HTTP 200 12751
SYNONYMER_SE_HAMTAD beskällare HTTP 200 251038
WIKTIONARY_HAMTAD beskällare HTTP 200 384
UPPSLAGSORD beskällare traffar=saol,saob
SVENSKA_SE_HAMTAD beskänkt HTTP 200 5535
SYNONYMER_SE_HAMTAD beskänkt HTTP 200 253370
WIKTIONARY_HAMTAD beskänkt HTTP 200 398
UPPSLAGSORD beskänkt traffar=saol,so,saob
SVENSKA_SE_HAMTAD bestorma HTTP 200 7902
SYNONYMER_SE_HAMTAD bestorma HTTP 200 266790
WIKTIONARY_HAMTAD bestorma HTTP 429 0
UPPSLAGSORD bestorma traffar=saol,so,saob
SVENSKA_SE_HAMTAD bestseller HTTP 200 8158
SYNONYMER_SE_HAMTAD bestseller HTTP 200 260672
WIKTIONARY_HAMTAD bestseller HTTP 429 0
UPPSLAGSORD bestseller traffar=saol,so
SVENSKA_SE_HAMTAD bestyra HTTP 200 9015
SYNONYMER_SE_HAMTAD bestyra HTTP 200 256890
WIKTIONARY_HAMTAD bestyra HTTP 200 398
UPPSLAGSORD bestyra traffar=saol,so,saob
FRAS_UTAN_UPPSLAGSORD bestå ett eldprov -- svenska.se-traffarna galler bestandsdelarna, inte frasen. Kastas.
SVENSKA_SE_HAMTAD bestå ett eldprov HTTP 200 17711
SYNONYMER_SE_HAMTAD bestå ett eldprov HTTP 200 204472
WIKTIONARY_HAMTAD bestå ett eldprov HTTP 200 398
UPPSLAGSORD bestå ett eldprov traffar=INGEN
SVENSKA_SE_HAMTAD besynnerlig HTTP 200 7238
SYNONYMER_SE_HAMTAD besynnerlig HTTP 200 254100
WIKTIONARY_HAMTAD besynnerlig HTTP 200 2236
UPPSLAGSORD besynnerlig traffar=saol,so,saob
SVENSKA_SE_HAMTAD betagande HTTP 200 11365
SYNONYMER_SE_HAMTAD betagande HTTP 200 236729
WIKTIONARY_HAMTAD betagande HTTP 200 403
UPPSLAGSORD betagande traffar=saol,so,saob
SVENSKA_SE_HAMTAD betitta HTTP 200 7786
SYNONYMER_SE_HAMTAD betitta HTTP 200 249247
WIKTIONARY_HAMTAD betitta HTTP 200 400
UPPSLAGSORD betitta traffar=saol,so,saob
SVENSKA_SE_HAMTAD betro HTTP 200 8545
SYNONYMER_SE_HAMTAD betro HTTP 200 277168
WIKTIONARY_HAMTAD betro HTTP 200 398
UPPSLAGSORD betro traffar=saol,so,saob
SVENSKA_SE_HAMTAD betrodd HTTP 200 11514
SYNONYMER_SE_HAMTAD betrodd HTTP 200 250422
WIKTIONARY_HAMTAD betrodd HTTP 200 358
UPPSLAGSORD betrodd traffar=saol,so,saob
SVENSKA_SE_HAMTAD beträffa HTTP 200 7262
SYNONYMER_SE_HAMTAD beträffa HTTP 200 271921
WIKTIONARY_HAMTAD beträffa HTTP 200 486
UPPSLAGSORD beträffa traffar=saol,so,saob
SVENSKA_SE_HAMTAD beträngd HTTP 200 4986
SYNONYMER_SE_HAMTAD beträngd HTTP 200 228845
WIKTIONARY_HAMTAD beträngd HTTP 200 398
UPPSLAGSORD beträngd traffar=saol,so,saob
SVENSKA_SE_HAMTAD bettlare HTTP 200 6150
SYNONYMER_SE_HAMTAD bettlare HTTP 200 242767
WIKTIONARY_HAMTAD bettlare HTTP 200 528
UPPSLAGSORD bettlare traffar=saol,so,saob
SVENSKA_SE_HAMTAD betvingande HTTP 200 10014
SYNONYMER_SE_HAMTAD betvingande HTTP 200 239679
WIKTIONARY_HAMTAD betvingande HTTP 429 0
UPPSLAGSORD betvingande traffar=so,saob
SVENSKA_SE_HAMTAD betydelseglidning HTTP 200 8180
SYNONYMER_SE_HAMTAD betydelseglidning HTTP 200 242003
WIKTIONARY_HAMTAD betydelseglidning HTTP 429 0
UPPSLAGSORD betydelseglidning traffar=saol
SVENSKA_SE_HAMTAD betänkande HTTP 200 13709
SYNONYMER_SE_HAMTAD betänkande HTTP 200 273700
WIKTIONARY_HAMTAD betänkande HTTP 200 569
UPPSLAGSORD betänkande traffar=saol,so,saob
SVENSKA_SE_HAMTAD betänklighet HTTP 200 6713
SYNONYMER_SE_HAMTAD betänklighet HTTP 200 264487
WIKTIONARY_HAMTAD betänklighet HTTP 200 480
UPPSLAGSORD betänklighet traffar=saol,so,saob
SVENSKA_SE_HAMTAD bevars HTTP 200 4764
SYNONYMER_SE_HAMTAD bevars HTTP 200 231553
WIKTIONARY_HAMTAD bevars HTTP 200 398
UPPSLAGSORD bevars traffar=saol,so,saob
SVENSKA_SE_HAMTAD bevista HTTP 200 7820
SYNONYMER_SE_HAMTAD bevista HTTP 200 263584
WIKTIONARY_HAMTAD bevista HTTP 200 558
UPPSLAGSORD bevista traffar=saol,so,saob
SVENSKA_SE_HAMTAD bevärdiga HTTP 200 7863
SYNONYMER_SE_HAMTAD bevärdiga HTTP 200 258486
WIKTIONARY_HAMTAD bevärdiga HTTP 200 398
UPPSLAGSORD bevärdiga traffar=saol,so,saob
SVENSKA_SE_HAMTAD beväring HTTP 200 7355
SYNONYMER_SE_HAMTAD beväring HTTP 200 269532
WIKTIONARY_HAMTAD beväring HTTP 200 398
UPPSLAGSORD beväring traffar=saol,so,saob
SVENSKA_SE_HAMTAD bibelot HTTP 200 128491
SYNONYMER_SE_HAMTAD bibelot HTTP 200 204345
WIKTIONARY_HAMTAD bibelot HTTP 200 159
UPPSLAGSORD bibelot traffar=INGEN
FRAS_UTAN_UPPSLAGSORD bida sin tid -- svenska.se-traffarna galler bestandsdelarna, inte frasen. Kastas.
SVENSKA_SE_HAMTAD bida sin tid HTTP 200 19712
SYNONYMER_SE_HAMTAD bida sin tid HTTP 200 187662
WIKTIONARY_HAMTAD bida sin tid HTTP 200 2159
UPPSLAGSORD bida sin tid traffar=INGEN
SVENSKA_SE_HAMTAD bidan HTTP 200 11787
SYNONYMER_SE_HAMTAD bidan HTTP 200 231130
WIKTIONARY_HAMTAD bidan HTTP 200 398
UPPSLAGSORD bidan traffar=saol,saob
SVENSKA_SE_HAMTAD bidé HTTP 200 6176
SYNONYMER_SE_HAMTAD bidé HTTP 200 248118
WIKTIONARY_HAMTAD bidé HTTP 200 1727
UPPSLAGSORD bidé traffar=saol,so,saob
SVENSKA_SE_HAMTAD biennal HTTP 200 8323
SYNONYMER_SE_HAMTAD biennal HTTP 200 251843
WIKTIONARY_HAMTAD biennal HTTP 429 0
UPPSLAGSORD biennal traffar=saol,so
SVENSKA_SE_HAMTAD bijouteri HTTP 200 18163
SYNONYMER_SE_HAMTAD bijouteri HTTP 200 227999
WIKTIONARY_HAMTAD bijouteri HTTP 429 0
UPPSLAGSORD bijouteri traffar=saob
FRAS_UTAN_UPPSLAGSORD bilda epok -- svenska.se-traffarna galler bestandsdelarna, inte frasen. Kastas.
SVENSKA_SE_HAMTAD bilda epok HTTP 200 19674
SYNONYMER_SE_HAMTAD bilda epok HTTP 200 187578
WIKTIONARY_HAMTAD bilda epok HTTP 200 398
UPPSLAGSORD bilda epok traffar=INGEN
SVENSKA_SE_HAMTAD bildskön HTTP 200 5773
SYNONYMER_SE_HAMTAD bildskön HTTP 200 255066
WIKTIONARY_HAMTAD bildskön HTTP 200 680
UPPSLAGSORD bildskön traffar=saol,so,saob
SVENSKA_SE_HAMTAD bilingual HTTP 200 13301
SYNONYMER_SE_HAMTAD bilingual HTTP 200 220653
SYNONYMER_SE_ENDAST_ANVANDARBIDRAG bilingual
WIKTIONARY_HAMTAD bilingual HTTP 200 584
UPPSLAGSORD bilingual traffar=so
FRAS_UTAN_UPPSLAGSORD binda ris för/åt egen rygg -- svenska.se-traffarna galler bestandsdelarna, inte frasen. Kastas.
SVENSKA_SE_HAMTAD binda ris för/åt egen rygg HTTP 200 17746
SYNONYMER_SE_HAMTAD binda ris för/åt egen rygg HTTP 404 0
WIKTIONARY_HAMTAD binda ris för/åt egen rygg HTTP 200 398
UPPSLAGSORD binda ris för/åt egen rygg traffar=INGEN
SVENSKA_SE_HAMTAD binokel HTTP 200 12083
SYNONYMER_SE_HAMTAD binokel HTTP 200 231819
WIKTIONARY_HAMTAD binokel HTTP 200 398
UPPSLAGSORD binokel traffar=so,saob
SVENSKA_SE_HAMTAD biodynamisk HTTP 200 7453
SYNONYMER_SE_HAMTAD biodynamisk HTTP 200 245712
WIKTIONARY_HAMTAD biodynamisk HTTP 200 498
UPPSLAGSORD biodynamisk traffar=saol,so
SVENSKA_SE_HAMTAD biografisk HTTP 200 7007
SYNONYMER_SE_HAMTAD biografisk HTTP 200 241804
WIKTIONARY_HAMTAD biografisk HTTP 200 338
UPPSLAGSORD biografisk traffar=saol,so,saob
SVENSKA_SE_HAMTAD biopsi HTTP 200 8060
SYNONYMER_SE_HAMTAD biopsi HTTP 200 245768
WIKTIONARY_HAMTAD biopsi HTTP 200 388
UPPSLAGSORD biopsi traffar=saol,so
SVENSKA_SE_HAMTAD biotop HTTP 200 9418
SYNONYMER_SE_HAMTAD biotop HTTP 200 263785
WIKTIONARY_HAMTAD biotop HTTP 200 1811
UPPSLAGSORD biotop traffar=saol,so
SVENSKA_SE_HAMTAD biplanet HTTP 200 17994
SYNONYMER_SE_HAMTAD biplanet HTTP 200 229589
WIKTIONARY_HAMTAD biplanet HTTP 200 161
UPPSLAGSORD biplanet traffar=saob
SVENSKA_SE_HAMTAD bipolär HTTP 200 5540
SYNONYMER_SE_HAMTAD bipolär HTTP 200 230177
WIKTIONARY_HAMTAD bipolär HTTP 429 0
UPPSLAGSORD bipolär traffar=saol,so,saob
SVENSKA_SE_HAMTAD bisektris HTTP 200 5722
SYNONYMER_SE_HAMTAD bisektris HTTP 200 246008
WIKTIONARY_HAMTAD bisektris HTTP 429 0
UPPSLAGSORD bisektris traffar=saol,so,saob
SVENSKA_SE_HAMTAD bistå HTTP 200 9642
SYNONYMER_SE_HAMTAD bistå HTTP 200 280032
WIKTIONARY_HAMTAD bistå HTTP 200 671
UPPSLAGSORD bistå traffar=saol,so,saob
FRAS_UTAN_UPPSLAGSORD bita av någon -- svenska.se-traffarna galler bestandsdelarna, inte frasen. Kastas.
SVENSKA_SE_HAMTAD bita av någon HTTP 200 17669
SYNONYMER_SE_HAMTAD bita av någon HTTP 200 188062
WIKTIONARY_HAMTAD bita av någon HTTP 200 398
UPPSLAGSORD bita av någon traffar=INGEN
FRAS_UTAN_UPPSLAGSORD bita huvudet av skammen -- svenska.se-traffarna galler bestandsdelarna, inte frasen. Kastas.
SVENSKA_SE_HAMTAD bita huvudet av skammen HTTP 200 17753
SYNONYMER_SE_HAMTAD bita huvudet av skammen HTTP 200 204832
WIKTIONARY_HAMTAD bita huvudet av skammen HTTP 200 1876
UPPSLAGSORD bita huvudet av skammen traffar=INGEN
FRAS_UTAN_UPPSLAGSORD bita i gräset -- svenska.se-traffarna galler bestandsdelarna, inte frasen. Kastas.
SVENSKA_SE_HAMTAD bita i gräset HTTP 200 19805
SYNONYMER_SE_HAMTAD bita i gräset HTTP 200 229182
WIKTIONARY_HAMTAD bita i gräset HTTP 200 1367
UPPSLAGSORD bita i gräset traffar=INGEN
SVENSKA_SE_HAMTAD bitanke HTTP 200 6165
SYNONYMER_SE_HAMTAD bitanke HTTP 200 242861
WIKTIONARY_HAMTAD bitanke HTTP 200 398
UPPSLAGSORD bitanke traffar=saol,so,saob
SVENSKA_SE_HAMTAD biträda HTTP 200 9496
SYNONYMER_SE_HAMTAD biträda HTTP 200 280430
WIKTIONARY_HAMTAD biträda HTTP 200 783
UPPSLAGSORD biträda traffar=saol,so,saob
SVENSKA_SE_HAMTAD bittersta HTTP 200 4916
SYNONYMER_SE_HAMTAD bittersta HTTP 200 251681
WIKTIONARY_HAMTAD bittersta HTTP 200 398
UPPSLAGSORD bittersta traffar=saol,so,saob
FRAS_UTAN_UPPSLAGSORD bjuda med armbågen -- svenska.se-traffarna galler bestandsdelarna, inte frasen. Kastas.
SVENSKA_SE_HAMTAD bjuda med armbågen HTTP 200 17704
SYNONYMER_SE_HAMTAD bjuda med armbågen HTTP 200 204942
WIKTIONARY_HAMTAD bjuda med armbågen HTTP 200 649
UPPSLAGSORD bjuda med armbågen traffar=INGEN
SVENSKA_SE_HAMTAD bjäbb HTTP 200 6675
SYNONYMER_SE_HAMTAD bjäbb HTTP 200 244569
WIKTIONARY_HAMTAD bjäbb HTTP 200 275
UPPSLAGSORD bjäbb traffar=saol,so,saob
SVENSKA_SE_HAMTAD bjärt HTTP 200 6622
SYNONYMER_SE_HAMTAD bjärt HTTP 200 255344
WIKTIONARY_HAMTAD bjärt HTTP 200 1826
UPPSLAGSORD bjärt traffar=saol,so,saob
SVENSKA_SE_HAMTAD blaj HTTP 200 6014
SYNONYMER_SE_HAMTAD blaj HTTP 200 237249
WIKTIONARY_HAMTAD blaj HTTP 429 0
UPPSLAGSORD blaj traffar=saol,so,saob
SVENSKA_SE_HAMTAD blam HTTP 200 19193
SYNONYMER_SE_HAMTAD blam HTTP 200 216772
WIKTIONARY_HAMTAD blam HTTP 429 0
UPPSLAGSORD blam traffar=saob
SVENSKA_SE_HAMTAD blamant HTTP 200 7494
SYNONYMER_SE_HAMTAD blamant HTTP 200 234017
WIKTIONARY_HAMTAD blamant HTTP 200 398
UPPSLAGSORD blamant traffar=saol,so
SVENSKA_SE_HAMTAD blankvers HTTP 200 4847
SYNONYMER_SE_HAMTAD blankvers HTTP 200 244748
WIKTIONARY_HAMTAD blankvers HTTP 200 615
UPPSLAGSORD blankvers traffar=saol,so,saob
SVENSKA_SE_HAMTAD blarr HTTP 200 12126
SYNONYMER_SE_HAMTAD blarr HTTP 200 229133
WIKTIONARY_HAMTAD blarr HTTP 200 398
UPPSLAGSORD blarr traffar=so,saob
FRAS_UTAN_UPPSLAGSORD blek kopia -- svenska.se-traffarna galler bestandsdelarna, inte frasen. Kastas.
SVENSKA_SE_HAMTAD blek kopia HTTP 200 18924
SYNONYMER_SE_HAMTAD blek kopia HTTP 200 204053
WIKTIONARY_HAMTAD blek kopia HTTP 200 398
UPPSLAGSORD blek kopia traffar=INGEN
FRAS_UTAN_UPPSLAGSORD blek som (ett) lärft -- svenska.se-traffarna galler bestandsdelarna, inte frasen. Kastas.
SVENSKA_SE_HAMTAD blek som (ett) lärft HTTP 200 17638
SYNONYMER_SE_HAMTAD blek som (ett) lärft HTTP 200 204483
WIKTIONARY_HAMTAD blek som (ett) lärft HTTP 200 398
UPPSLAGSORD blek som (ett) lärft traffar=INGEN
SVENSKA_SE_HAMTAD blessera HTTP 200 12510
SYNONYMER_SE_HAMTAD blessera HTTP 200 259068
WIKTIONARY_HAMTAD blessera HTTP 200 465
UPPSLAGSORD blessera traffar=saol,saob
SVENSKA_SE_HAMTAD blessyr HTTP 200 5795
SYNONYMER_SE_HAMTAD blessyr HTTP 200 249255
WIKTIONARY_HAMTAD blessyr HTTP 200 384
UPPSLAGSORD blessyr traffar=saol,so,saob
FRAS_UTAN_UPPSLAGSORD bli blåst/snuvad/lurad på konfekten -- svenska.se-traffarna galler bestandsdelarna, inte frasen. Kastas.
SVENSKA_SE_HAMTAD bli blåst/snuvad/lurad på konfekten HTTP 200 5456
SYNONYMER_SE_HAMTAD bli blåst/snuvad/lurad på konfekten HTTP 404 0
WIKTIONARY_HAMTAD bli blåst/snuvad/lurad på konfekten HTTP 200 398
UPPSLAGSORD bli blåst/snuvad/lurad på konfekten traffar=INGEN
FRAS_UTAN_UPPSLAGSORD bli vid sin läst -- svenska.se-traffarna galler bestandsdelarna, inte frasen. Kastas.
SVENSKA_SE_HAMTAD bli vid sin läst HTTP 200 17669
SYNONYMER_SE_HAMTAD bli vid sin läst HTTP 200 187812
WIKTIONARY_HAMTAD bli vid sin läst HTTP 200 398
UPPSLAGSORD bli vid sin läst traffar=INGEN
SVENSKA_SE_HAMTAD blickfält HTTP 200 6726
SYNONYMER_SE_HAMTAD blickfält HTTP 200 246905
WIKTIONARY_HAMTAD blickfält HTTP 200 618
UPPSLAGSORD blickfält traffar=saol,so,saob
SVENSKA_SE_HAMTAD blini HTTP 200 6130
SYNONYMER_SE_HAMTAD blini HTTP 200 238294
WIKTIONARY_HAMTAD blini HTTP 429 0
UPPSLAGSORD blini traffar=saol,so,saob
FRAS_UTAN_UPPSLAGSORD blod på händerna -- svenska.se-traffarna galler bestandsdelarna, inte frasen. Kastas.
SVENSKA_SE_HAMTAD blod på händerna HTTP 200 17683
SYNONYMER_SE_HAMTAD blod på händerna HTTP 200 205073
WIKTIONARY_HAMTAD blod på händerna HTTP 429 0
UPPSLAGSORD blod på händerna traffar=INGEN
SVENSKA_SE_HAMTAD blygas HTTP 200 7445
SYNONYMER_SE_HAMTAD blygas HTTP 200 261936
WIKTIONARY_HAMTAD blygas HTTP 200 580
UPPSLAGSORD blygas traffar=saol,so,saob
SVENSKA_SE_HAMTAD blända HTTP 200 11664
SYNONYMER_SE_HAMTAD blända HTTP 200 284419
WIKTIONARY_HAMTAD blända HTTP 200 1416
UPPSLAGSORD blända traffar=saol,so,saob
SVENSKA_SE_HAMTAD bländverk HTTP 200 7014
SYNONYMER_SE_HAMTAD bländverk HTTP 200 277209
WIKTIONARY_HAMTAD bländverk HTTP 200 478
UPPSLAGSORD bländverk traffar=saol,so,saob
SVENSKA_SE_HAMTAD blästra HTTP 200 8591
SYNONYMER_SE_HAMTAD blästra HTTP 200 260739
WIKTIONARY_HAMTAD blästra HTTP 200 636
UPPSLAGSORD blästra traffar=saol,so,saob
FRAS_UTAN_UPPSLAGSORD blåsa faran över -- svenska.se-traffarna galler bestandsdelarna, inte frasen. Kastas.
SVENSKA_SE_HAMTAD blåsa faran över HTTP 200 17668
SYNONYMER_SE_HAMTAD blåsa faran över HTTP 200 188411
WIKTIONARY_HAMTAD blåsa faran över HTTP 200 398
UPPSLAGSORD blåsa faran över traffar=INGEN
SVENSKA_SE_HAMTAD blåställ HTTP 200 8049
SYNONYMER_SE_HAMTAD blåställ HTTP 200 255405
WIKTIONARY_HAMTAD blåställ HTTP 200 483
UPPSLAGSORD blåställ traffar=saol,so
SVENSKA_SE_HAMTAD blödig HTTP 200 6643
SYNONYMER_SE_HAMTAD blödig HTTP 200 265776
WIKTIONARY_HAMTAD blödig HTTP 200 1465
UPPSLAGSORD blödig traffar=saol,so,saob
SVENSKA_SE_HAMTAD bohemisk HTTP 200 5987
SYNONYMER_SE_HAMTAD bohemisk HTTP 200 245937
WIKTIONARY_HAMTAD bohemisk HTTP 200 256
UPPSLAGSORD bohemisk traffar=saol,so,saob
SVENSKA_SE_HAMTAD bokstavstro HTTP 200 5517
SYNONYMER_SE_HAMTAD bokstavstro HTTP 200 243682
WIKTIONARY_HAMTAD bokstavstro HTTP 200 398
UPPSLAGSORD bokstavstro traffar=saol,so
SVENSKA_SE_HAMTAD bokstavstrogen HTTP 200 6337
SYNONYMER_SE_HAMTAD bokstavstrogen HTTP 200 236843
WIKTIONARY_HAMTAD bokstavstrogen HTTP 200 398
UPPSLAGSORD bokstavstrogen traffar=saol,so
SVENSKA_SE_HAMTAD bolare HTTP 200 18573
SYNONYMER_SE_HAMTAD bolare HTTP 200 219748
WIKTIONARY_HAMTAD bolare HTTP 429 0
UPPSLAGSORD bolare traffar=saob
FRAS_UTAN_UPPSLAGSORD bollen är rund -- svenska.se-traffarna galler bestandsdelarna, inte frasen. Kastas.
SVENSKA_SE_HAMTAD bollen är rund HTTP 200 17682
SYNONYMER_SE_HAMTAD bollen är rund HTTP 200 188196
WIKTIONARY_HAMTAD bollen är rund HTTP 429 0
UPPSLAGSORD bollen är rund traffar=INGEN
SVENSKA_SE_HAMTAD bolma HTTP 200 8039
SYNONYMER_SE_HAMTAD bolma HTTP 200 255499
WIKTIONARY_HAMTAD bolma HTTP 200 629
UPPSLAGSORD bolma traffar=saol,so,saob
FRAS_UTAN_UPPSLAGSORD bomber och granater -- svenska.se-traffarna galler bestandsdelarna, inte frasen. Kastas.
SVENSKA_SE_HAMTAD bomber och granater HTTP 200 17722
SYNONYMER_SE_HAMTAD bomber och granater HTTP 200 205092
WIKTIONARY_HAMTAD bomber och granater HTTP 200 262
UPPSLAGSORD bomber och granater traffar=INGEN
SVENSKA_SE_HAMTAD bondpermission HTTP 200 5871
SYNONYMER_SE_HAMTAD bondpermission HTTP 200 243286
WIKTIONARY_HAMTAD bondpermission HTTP 200 513
UPPSLAGSORD bondpermission traffar=saol,so,saob
SVENSKA_SE_HAMTAD bondsk HTTP 200 5429
SYNONYMER_SE_HAMTAD bondsk HTTP 200 239060
WIKTIONARY_HAMTAD bondsk HTTP 200 497
UPPSLAGSORD bondsk traffar=saol,so,saob
SVENSKA_SE_HAMTAD bondtjuv HTTP 200 18691
SYNONYMER_SE_HAMTAD bondtjuv HTTP 200 233268
WIKTIONARY_HAMTAD bondtjuv HTTP 200 398
UPPSLAGSORD bondtjuv traffar=INGEN
SVENSKA_SE_HAMTAD bondtur HTTP 200 4895
SYNONYMER_SE_HAMTAD bondtur HTTP 200 247044
WIKTIONARY_HAMTAD bondtur HTTP 200 398
UPPSLAGSORD bondtur traffar=saol,so,saob
SVENSKA_SE_HAMTAD bondånger HTTP 200 11287
SYNONYMER_SE_HAMTAD bondånger HTTP 200 228968
WIKTIONARY_HAMTAD bondånger HTTP 200 398
UPPSLAGSORD bondånger traffar=saol,saob
SVENSKA_SE_HAMTAD bonvivant HTTP 200 147694
SYNONYMER_SE_HAMTAD bonvivant HTTP 200 213288
WIKTIONARY_HAMTAD bonvivant HTTP 200 398
UPPSLAGSORD bonvivant traffar=INGEN
FRAS_UTAN_UPPSLAGSORD borga för -- svenska.se-traffarna galler bestandsdelarna, inte frasen. Kastas.
SVENSKA_SE_HAMTAD borga för HTTP 200 20430
SYNONYMER_SE_HAMTAD borga för HTTP 200 234032
WIKTIONARY_HAMTAD borga för HTTP 200 398
UPPSLAGSORD borga för traffar=INGEN
SVENSKA_SE_HAMTAD boricka HTTP 200 6435
SYNONYMER_SE_HAMTAD boricka HTTP 200 245815
WIKTIONARY_HAMTAD boricka HTTP 200 271
UPPSLAGSORD boricka traffar=saol,so,saob
SVENSKA_SE_HAMTAD bornera HTTP 200 6857
SYNONYMER_SE_HAMTAD bornera HTTP 200 261886
WIKTIONARY_HAMTAD bornera HTTP 429 0
UPPSLAGSORD bornera traffar=saol,so,saob
SVENSKA_SE_HAMTAD bornerad HTTP 200 4800
SYNONYMER_SE_HAMTAD bornerad HTTP 200 250695
WIKTIONARY_HAMTAD bornerad HTTP 429 0
UPPSLAGSORD bornerad traffar=saol,so,saob
SVENSKA_SE_HAMTAD bortkollrad HTTP 200 12350
SYNONYMER_SE_HAMTAD bortkollrad HTTP 200 238115
WIKTIONARY_HAMTAD bortkollrad HTTP 200 398
UPPSLAGSORD bortkollrad traffar=saol
SVENSKA_SE_HAMTAD bossanova HTTP 200 7582
SYNONYMER_SE_HAMTAD bossanova HTTP 200 246129
WIKTIONARY_HAMTAD bossanova HTTP 200 507
UPPSLAGSORD bossanova traffar=saol,so
FRAS_UTAN_UPPSLAGSORD bottna i -- svenska.se-traffarna galler bestandsdelarna, inte frasen. Kastas.
SVENSKA_SE_HAMTAD bottna i HTTP 200 20029
SYNONYMER_SE_HAMTAD bottna i HTTP 200 220630
WIKTIONARY_HAMTAD bottna i HTTP 200 398
UPPSLAGSORD bottna i traffar=INGEN
SVENSKA_SE_HAMTAD boudoir HTTP 200 9468
SYNONYMER_SE_HAMTAD boudoir HTTP 200 258808
WIKTIONARY_HAMTAD boudoir HTTP 200 267
UPPSLAGSORD boudoir traffar=INGEN
SVENSKA_SE_HAMTAD bouillabaisse HTTP 200 4765
SYNONYMER_SE_HAMTAD bouillabaisse HTTP 200 241136
WIKTIONARY_HAMTAD bouillabaisse HTTP 200 284
UPPSLAGSORD bouillabaisse traffar=saol,so
SVENSKA_SE_HAMTAD bouppteckning HTTP 200 7229
SYNONYMER_SE_HAMTAD bouppteckning HTTP 200 251398
WIKTIONARY_HAMTAD bouppteckning HTTP 200 812
UPPSLAGSORD bouppteckning traffar=saol,so,saob
SVENSKA_SE_HAMTAD bradykardi HTTP 200 4489
SYNONYMER_SE_HAMTAD bradykardi HTTP 200 234384
WIKTIONARY_HAMTAD bradykardi HTTP 200 668
UPPSLAGSORD bradykardi traffar=saol,so
SVENSKA_SE_HAMTAD braille HTTP 200 127973
SYNONYMER_SE_HAMTAD braille HTTP 200 229434
WIKTIONARY_HAMTAD braille HTTP 200 398
UPPSLAGSORD braille traffar=INGEN
SVENSKA_SE_HAMTAD brailleskrift HTTP 200 6394
SYNONYMER_SE_HAMTAD brailleskrift HTTP 200 238596
WIKTIONARY_HAMTAD brailleskrift HTTP 200 398
UPPSLAGSORD brailleskrift traffar=saol,so
SVENSKA_SE_HAMTAD brallis HTTP 200 8361
SYNONYMER_SE_HAMTAD brallis HTTP 200 233261
WIKTIONARY_HAMTAD brallis HTTP 200 436
UPPSLAGSORD brallis traffar=saol,so
SVENSKA_SE_HAMTAD brandtal HTTP 200 6831
SYNONYMER_SE_HAMTAD brandtal HTTP 200 254920
WIKTIONARY_HAMTAD brandtal HTTP 429 0
UPPSLAGSORD brandtal traffar=saol,so,saob
SVENSKA_SE_HAMTAD braskande HTTP 200 8341
SYNONYMER_SE_HAMTAD braskande HTTP 200 247841
WIKTIONARY_HAMTAD braskande HTTP 429 0
UPPSLAGSORD braskande traffar=saol,so,saob
SVENSKA_SE_HAMTAD brasklapp HTTP 200 7777
SYNONYMER_SE_HAMTAD brasklapp HTTP 200 262651
WIKTIONARY_HAMTAD brasklapp HTTP 200 996
UPPSLAGSORD brasklapp traffar=saol,so
SVENSKA_SE_HAMTAD brasserie HTTP 200 129234
SYNONYMER_SE_HAMTAD brasserie HTTP 200 226366
WIKTIONARY_HAMTAD brasserie HTTP 200 163
UPPSLAGSORD brasserie traffar=INGEN
SVENSKA_SE_HAMTAD bravera HTTP 200 7526
SYNONYMER_SE_HAMTAD bravera HTTP 200 259158
WIKTIONARY_HAMTAD bravera HTTP 200 659
UPPSLAGSORD bravera traffar=saol,so,saob
SVENSKA_SE_HAMTAD briljera HTTP 200 7161
SYNONYMER_SE_HAMTAD briljera HTTP 200 260319
WIKTIONARY_HAMTAD briljera HTTP 200 882
UPPSLAGSORD briljera traffar=saol,so,saob
FRAS_UTAN_UPPSLAGSORD brinner i knutarna -- svenska.se-traffarna galler bestandsdelarna, inte frasen. Kastas.
SVENSKA_SE_HAMTAD brinner i knutarna HTTP 200 17680
SYNONYMER_SE_HAMTAD brinner i knutarna HTTP 200 204557
WIKTIONARY_HAMTAD brinner i knutarna HTTP 200 398
UPPSLAGSORD brinner i knutarna traffar=INGEN
SVENSKA_SE_HAMTAD brittsommar HTTP 200 5988
SYNONYMER_SE_HAMTAD brittsommar HTTP 200 268097
WIKTIONARY_HAMTAD brittsommar HTTP 200 821
UPPSLAGSORD brittsommar traffar=saol,so,saob
SVENSKA_SE_HAMTAD brokad HTTP 200 6762
SYNONYMER_SE_HAMTAD brokad HTTP 200 257829
WIKTIONARY_HAMTAD brokad HTTP 200 661
UPPSLAGSORD brokad traffar=saol,so,saob
SVENSKA_SE_HAMTAD bronker HTTP 200 5442
SYNONYMER_SE_HAMTAD bronker HTTP 200 239974
WIKTIONARY_HAMTAD bronker HTTP 200 398
UPPSLAGSORD bronker traffar=so,saob
SVENSKA_SE_HAMTAD bronkit HTTP 200 6377
SYNONYMER_SE_HAMTAD bronkit HTTP 200 262057
WIKTIONARY_HAMTAD bronkit HTTP 200 851
UPPSLAGSORD bronkit traffar=saol,so,saob
SVENSKA_SE_HAMTAD brorslott HTTP 200 5979
SYNONYMER_SE_HAMTAD brorslott HTTP 200 251383
WIKTIONARY_HAMTAD brorslott HTTP 200 398
UPPSLAGSORD brorslott traffar=saol,so,saob
SVENSKA_SE_HAMTAD brudnäbb HTTP 200 5946
SYNONYMER_SE_HAMTAD brudnäbb HTTP 200 250344
WIKTIONARY_HAMTAD brudnäbb HTTP 429 0
UPPSLAGSORD brudnäbb traffar=saol,so,saob
SVENSKA_SE_HAMTAD brumbjörn HTTP 200 11681
SYNONYMER_SE_HAMTAD brumbjörn HTTP 200 249191
WIKTIONARY_HAMTAD brumbjörn HTTP 429 0
UPPSLAGSORD brumbjörn traffar=saol,saob
SVENSKA_SE_HAMTAD brushuvud HTTP 200 8405
SYNONYMER_SE_HAMTAD brushuvud HTTP 200 251246
WIKTIONARY_HAMTAD brushuvud HTTP 200 730
UPPSLAGSORD brushuvud traffar=saol,so
SVENSKA_SE_HAMTAD brutalisera HTTP 200 7131
SYNONYMER_SE_HAMTAD brutalisera HTTP 200 259746
WIKTIONARY_HAMTAD brutalisera HTTP 200 461
UPPSLAGSORD brutalisera traffar=saol,so,saob
SVENSKA_SE_HAMTAD brydd HTTP 200 10555
SYNONYMER_SE_HAMTAD brydd HTTP 200 253243
WIKTIONARY_HAMTAD brydd HTTP 200 792
UPPSLAGSORD brydd traffar=saol,so,saob
FRAS_UTAN_UPPSLAGSORD bryta/dra en lans för någon/något -- svenska.se-traffarna galler bestandsdelarna, inte frasen. Kastas.
SVENSKA_SE_HAMTAD bryta/dra en lans för någon/något HTTP 200 12870
SYNONYMER_SE_HAMTAD bryta/dra en lans för någon/något HTTP 404 0
WIKTIONARY_HAMTAD bryta/dra en lans för någon/något HTTP 200 398
UPPSLAGSORD bryta/dra en lans för någon/något traffar=INGEN
SVENSKA_SE_HAMTAD brytningstid HTTP 200 5550
SYNONYMER_SE_HAMTAD brytningstid HTTP 200 247465
WIKTIONARY_HAMTAD brytningstid HTTP 200 398
UPPSLAGSORD brytningstid traffar=saol,so,saob
SVENSKA_SE_HAMTAD brädslå HTTP 200 11652
SYNONYMER_SE_HAMTAD brädslå HTTP 200 215900
WIKTIONARY_HAMTAD brädslå HTTP 200 398
UPPSLAGSORD brädslå traffar=so,saob
FRAS_UTAN_UPPSLAGSORD bränna sina skepp -- svenska.se-traffarna galler bestandsdelarna, inte frasen. Kastas.
SVENSKA_SE_HAMTAD bränna sina skepp HTTP 200 17672
SYNONYMER_SE_HAMTAD bränna sina skepp HTTP 200 187968
WIKTIONARY_HAMTAD bränna sina skepp HTTP 200 975
UPPSLAGSORD bränna sina skepp traffar=INGEN
FRAS_UTAN_UPPSLAGSORD bränna sitt ljus i båda ändar -- svenska.se-traffarna galler bestandsdelarna, inte frasen. Kastas.
SVENSKA_SE_HAMTAD bränna sitt ljus i båda ändar HTTP 200 17808
SYNONYMER_SE_HAMTAD bränna sitt ljus i båda ändar HTTP 200 205022
WIKTIONARY_HAMTAD bränna sitt ljus i båda ändar HTTP 200 504
UPPSLAGSORD bränna sitt ljus i båda ändar traffar=INGEN
SVENSKA_SE_HAMTAD brännande HTTP 200 18605
SYNONYMER_SE_HAMTAD brännande HTTP 200 255665
WIKTIONARY_HAMTAD brännande HTTP 200 744
UPPSLAGSORD brännande traffar=saol,so,saob
SVENSKA_SE_HAMTAD bränning HTTP 200 8219
SYNONYMER_SE_HAMTAD bränning HTTP 200 268905
WIKTIONARY_HAMTAD bränning HTTP 200 922
UPPSLAGSORD bränning traffar=saol,so,saob
SVENSKA_SE_HAMTAD bräsma HTTP 200 6566
SYNONYMER_SE_HAMTAD bräsma HTTP 200 251959
WIKTIONARY_HAMTAD bräsma HTTP 429 0
UPPSLAGSORD bräsma traffar=saol,so,saob
SVENSKA_SE_HAMTAD bråddning HTTP 200 136515
SYNONYMER_SE_HAMTAD bråddning HTTP 200 204551
WIKTIONARY_HAMTAD bråddning HTTP 429 0
UPPSLAGSORD bråddning traffar=INGEN
SVENSKA_SE_HAMTAD bråte HTTP 200 11879
SYNONYMER_SE_HAMTAD bråte HTTP 200 285466
WIKTIONARY_HAMTAD bråte HTTP 200 1258
UPPSLAGSORD bråte traffar=saol,so,saob
FRAS_UTAN_UPPSLAGSORD bröd och skådespel -- svenska.se-traffarna galler bestandsdelarna, inte frasen. Kastas.
SVENSKA_SE_HAMTAD bröd och skådespel HTTP 200 17695
SYNONYMER_SE_HAMTAD bröd och skådespel HTTP 200 187651
WIKTIONARY_HAMTAD bröd och skådespel HTTP 200 398
UPPSLAGSORD bröd och skådespel traffar=INGEN
SVENSKA_SE_HAMTAD brödtext HTTP 200 5523
SYNONYMER_SE_HAMTAD brödtext HTTP 200 254020
WIKTIONARY_HAMTAD brödtext HTTP 200 1259
UPPSLAGSORD brödtext traffar=saol,so
SVENSKA_SE_HAMTAD brösta HTTP 200 16590
SYNONYMER_SE_HAMTAD brösta HTTP 200 264769
WIKTIONARY_HAMTAD brösta HTTP 200 398
UPPSLAGSORD brösta traffar=saol,so,saob
SVENSKA_SE_HAMTAD bröstgänges HTTP 200 5247
SYNONYMER_SE_HAMTAD bröstgänges HTTP 200 241189
WIKTIONARY_HAMTAD bröstgänges HTTP 200 398
UPPSLAGSORD bröstgänges traffar=saol,so,saob
SVENSKA_SE_HAMTAD budget HTTP 200 7896
SYNONYMER_SE_HAMTAD budget HTTP 200 282698
WIKTIONARY_HAMTAD budget HTTP 200 1895
UPPSLAGSORD budget traffar=saol,so,saob
SVENSKA_SE_HAMTAD budgetering HTTP 200 13602
SYNONYMER_SE_HAMTAD budgetering HTTP 200 246511
WIKTIONARY_HAMTAD budgetering HTTP 200 325
UPPSLAGSORD budgetering traffar=saol
SVENSKA_SE_HAMTAD budo HTTP 200 7314
SYNONYMER_SE_HAMTAD budo HTTP 200 245009
WIKTIONARY_HAMTAD budo HTTP 200 398
UPPSLAGSORD budo traffar=saol,so
SVENSKA_SE_HAMTAD bulbus HTTP 200 138648
SYNONYMER_SE_HAMTAD bulbus HTTP 200 204080
WIKTIONARY_HAMTAD bulbus HTTP 200 398
UPPSLAGSORD bulbus traffar=INGEN
SVENSKA_SE_HAMTAD buldan HTTP 200 11846
SYNONYMER_SE_HAMTAD buldan HTTP 200 230670
WIKTIONARY_HAMTAD buldan HTTP 200 248
UPPSLAGSORD buldan traffar=so,saob
SVENSKA_SE_HAMTAD bulgur HTTP 200 7604
SYNONYMER_SE_HAMTAD bulgur HTTP 200 243777
WIKTIONARY_HAMTAD bulgur HTTP 429 0
UPPSLAGSORD bulgur traffar=saol,so
SVENSKA_SE_HAMTAD bulk HTTP 200 8429
SYNONYMER_SE_HAMTAD bulk HTTP 200 239849
WIKTIONARY_HAMTAD bulk HTTP 429 0
UPPSLAGSORD bulk traffar=saol,so
SVENSKA_SE_HAMTAD burspråk HTTP 200 7619
SYNONYMER_SE_HAMTAD burspråk HTTP 200 262028
WIKTIONARY_HAMTAD burspråk HTTP 200 1198
UPPSLAGSORD burspråk traffar=saol,so,saob
SVENSKA_SE_HAMTAD busfrö HTTP 200 5936
SYNONYMER_SE_HAMTAD busfrö HTTP 200 257746
WIKTIONARY_HAMTAD busfrö HTTP 200 518
UPPSLAGSORD busfrö traffar=saol,so,saob
SVENSKA_SE_HAMTAD buskis HTTP 200 8655
SYNONYMER_SE_HAMTAD buskis HTTP 200 246112
WIKTIONARY_HAMTAD buskis HTTP 200 295
UPPSLAGSORD buskis traffar=saol,so
SVENSKA_SE_HAMTAD butelj HTTP 200 6990
SYNONYMER_SE_HAMTAD butelj HTTP 200 268599
WIKTIONARY_HAMTAD butelj HTTP 200 1338
UPPSLAGSORD butelj traffar=saol,so,saob
FRAS_UTAN_UPPSLAGSORD bygga broar -- svenska.se-traffarna galler bestandsdelarna, inte frasen. Kastas.
SVENSKA_SE_HAMTAD bygga broar HTTP 200 19858
SYNONYMER_SE_HAMTAD bygga broar HTTP 200 203984
WIKTIONARY_HAMTAD bygga broar HTTP 200 389
UPPSLAGSORD bygga broar traffar=INGEN
SVENSKA_SE_HAMTAD byke HTTP 200 5277
SYNONYMER_SE_HAMTAD byke HTTP 200 244833
WIKTIONARY_HAMTAD byke HTTP 200 398
UPPSLAGSORD byke traffar=saol,so,saob
SVENSKA_SE_HAMTAD byline HTTP 200 7810
SYNONYMER_SE_HAMTAD byline HTTP 200 249868
WIKTIONARY_HAMTAD byline HTTP 200 1072
UPPSLAGSORD byline traffar=saol,so
SVENSKA_SE_HAMTAD byling HTTP 200 6261
SYNONYMER_SE_HAMTAD byling HTTP 200 240694
WIKTIONARY_HAMTAD byling HTTP 200 1194
UPPSLAGSORD byling traffar=saol,so,saob
SVENSKA_SE_HAMTAD bylsig HTTP 200 9043
SYNONYMER_SE_HAMTAD bylsig HTTP 200 247640
WIKTIONARY_HAMTAD bylsig HTTP 200 398
UPPSLAGSORD bylsig traffar=saol,so
SVENSKA_SE_HAMTAD bylte HTTP 200 6743
SYNONYMER_SE_HAMTAD bylte HTTP 200 265671
WIKTIONARY_HAMTAD bylte HTTP 200 584
UPPSLAGSORD bylte traffar=saol,so,saob
SVENSKA_SE_HAMTAD byrett HTTP 200 6226
SYNONYMER_SE_HAMTAD byrett HTTP 200 248028
WIKTIONARY_HAMTAD byrett HTTP 429 0
UPPSLAGSORD byrett traffar=saol,so,saob
SVENSKA_SE_HAMTAD byssja HTTP 200 8084
SYNONYMER_SE_HAMTAD byssja HTTP 200 249179
WIKTIONARY_HAMTAD byssja HTTP 429 0
UPPSLAGSORD byssja traffar=saol,so,saob
FRAS_UTAN_UPPSLAGSORD byta fot -- svenska.se-traffarna galler bestandsdelarna, inte frasen. Kastas.
SVENSKA_SE_HAMTAD byta fot HTTP 200 20250
SYNONYMER_SE_HAMTAD byta fot HTTP 200 187471
WIKTIONARY_HAMTAD byta fot HTTP 200 480
UPPSLAGSORD byta fot traffar=INGEN
SVENSKA_SE_HAMTAD bälga HTTP 200 20956
SYNONYMER_SE_HAMTAD bälga HTTP 200 272092
WIKTIONARY_HAMTAD bälga HTTP 200 395
UPPSLAGSORD bälga traffar=saob
FRAS_UTAN_UPPSLAGSORD bära i gullstol -- svenska.se-traffarna galler bestandsdelarna, inte frasen. Kastas.
SVENSKA_SE_HAMTAD bära i gullstol HTTP 200 17673
SYNONYMER_SE_HAMTAD bära i gullstol HTTP 200 204390
WIKTIONARY_HAMTAD bära i gullstol HTTP 200 398
UPPSLAGSORD bära i gullstol traffar=INGEN
FRAS_UTAN_UPPSLAGSORD bära i sitt sköte -- svenska.se-traffarna galler bestandsdelarna, inte frasen. Kastas.
SVENSKA_SE_HAMTAD bära i sitt sköte HTTP 200 17693
SYNONYMER_SE_HAMTAD bära i sitt sköte HTTP 200 210215
WIKTIONARY_HAMTAD bära i sitt sköte HTTP 200 398
UPPSLAGSORD bära i sitt sköte traffar=INGEN
SVENSKA_SE_HAMTAD bära sig HTTP 200 7877
SYNONYMER_SE_HAMTAD bära sig HTTP 200 231004
WIKTIONARY_HAMTAD bära sig HTTP 200 398
UPPSLAGSORD bära sig traffar=saol,so
SVENSKA_SE_HAMTAD bärm HTTP 200 18408
SYNONYMER_SE_HAMTAD bärm HTTP 200 212136
WIKTIONARY_HAMTAD bärm HTTP 200 398
UPPSLAGSORD bärm traffar=saob
SVENSKA_SE_HAMTAD bågna HTTP 200 7481
SYNONYMER_SE_HAMTAD bågna HTTP 200 253885
WIKTIONARY_HAMTAD bågna HTTP 200 762
UPPSLAGSORD bågna traffar=saol,so,saob
SVENSKA_SE_HAMTAD båk HTTP 200 6729
SYNONYMER_SE_HAMTAD båk HTTP 200 266605
WIKTIONARY_HAMTAD båk HTTP 200 627
UPPSLAGSORD båk traffar=saol,so,saob
SVENSKA_SE_HAMTAD bålverk HTTP 200 11583
SYNONYMER_SE_HAMTAD bålverk HTTP 200 270448
WIKTIONARY_HAMTAD bålverk HTTP 200 1322
UPPSLAGSORD bålverk traffar=saol,so,saob
FRAS_UTAN_UPPSLAGSORD börja få gråa hår -- svenska.se-traffarna galler bestandsdelarna, inte frasen. Kastas.
SVENSKA_SE_HAMTAD börja få gråa hår HTTP 200 17692
SYNONYMER_SE_HAMTAD börja få gråa hår HTTP 200 187879
WIKTIONARY_HAMTAD börja få gråa hår HTTP 200 398
UPPSLAGSORD börja få gråa hår traffar=INGEN
FRAS_UTAN_UPPSLAGSORD börja på ny kula -- svenska.se-traffarna galler bestandsdelarna, inte frasen. Kastas.
SVENSKA_SE_HAMTAD börja på ny kula HTTP 200 17633
SYNONYMER_SE_HAMTAD börja på ny kula HTTP 200 237145
WIKTIONARY_HAMTAD börja på ny kula HTTP 429 0
UPPSLAGSORD börja på ny kula traffar=INGEN
SVENSKA_SE_HAMTAD calypso HTTP 200 7517
SYNONYMER_SE_HAMTAD calypso HTTP 200 245287
WIKTIONARY_HAMTAD calypso HTTP 429 0
UPPSLAGSORD calypso traffar=saol,so
SVENSKA_SE_HAMTAD camembert HTTP 200 7367
SYNONYMER_SE_HAMTAD camembert HTTP 200 246020
WIKTIONARY_HAMTAD camembert HTTP 200 854
UPPSLAGSORD camembert traffar=saol,so
SVENSKA_SE_HAMTAD canasta HTTP 200 7722
SYNONYMER_SE_HAMTAD canasta HTTP 200 246825
WIKTIONARY_HAMTAD canasta HTTP 200 631
UPPSLAGSORD canasta traffar=saol,so
SVENSKA_SE_HAMTAD cedilj HTTP 200 5807
SYNONYMER_SE_HAMTAD cedilj HTTP 200 245677
WIKTIONARY_HAMTAD cedilj HTTP 200 788
UPPSLAGSORD cedilj traffar=saol,so,saob
SVENSKA_SE_HAMTAD celebrera HTTP 200 7814
SYNONYMER_SE_HAMTAD celebrera HTTP 200 251213
WIKTIONARY_HAMTAD celebrera HTTP 200 267
UPPSLAGSORD celebrera traffar=saol,so,saob
SVENSKA_SE_HAMTAD celebrerad HTTP 200 9690
SYNONYMER_SE_HAMTAD celebrerad HTTP 200 251212
WIKTIONARY_HAMTAD celebrerad HTTP 200 186
UPPSLAGSORD celebrerad hittad som uppslagsform 'celebrera'
UPPSLAGSORD celebrerad traffar=saol,so,saob via=celebrera
SVENSKA_SE_HAMTAD celiaki HTTP 200 6775
SYNONYMER_SE_HAMTAD celiaki HTTP 200 245323
SYNONYMER_SE_ENDAST_ANVANDARBIDRAG celiaki
WIKTIONARY_HAMTAD celiaki HTTP 200 273
UPPSLAGSORD celiaki traffar=saol,so
SVENSKA_SE_HAMTAD cello HTTP 200 6338
SYNONYMER_SE_HAMTAD cello HTTP 200 253219
WIKTIONARY_HAMTAD cello HTTP 200 2930
UPPSLAGSORD cello traffar=saol,so,saob
SVENSKA_SE_HAMTAD cellofan HTTP 200 7694
SYNONYMER_SE_HAMTAD cellofan HTTP 200 244981
WIKTIONARY_HAMTAD cellofan HTTP 200 436
UPPSLAGSORD cellofan traffar=saol,so
SVENSKA_SE_HAMTAD cementa HTTP 200 7586
SYNONYMER_SE_HAMTAD cementa HTTP 200 253401
WIKTIONARY_HAMTAD cementa HTTP 200 398
UPPSLAGSORD cementa traffar=saol,so,saob
SVENSKA_SE_HAMTAD cendré HTTP 200 4623
SYNONYMER_SE_HAMTAD cendré HTTP 200 239588
WIKTIONARY_HAMTAD cendré HTTP 200 527
UPPSLAGSORD cendré traffar=saol,so,saob
SVENSKA_SE_HAMTAD censur HTTP 200 6316
SYNONYMER_SE_HAMTAD censur HTTP 200 256376
WIKTIONARY_HAMTAD censur HTTP 429 0
UPPSLAGSORD censur traffar=saol,so,saob
SVENSKA_SE_HAMTAD centerbord HTTP 200 6764
SYNONYMER_SE_HAMTAD centerbord HTTP 200 258016
WIKTIONARY_HAMTAD centerbord HTTP 429 0
UPPSLAGSORD centerbord traffar=saol,so,saob
SVENSKA_SE_HAMTAD centilong HTTP 200 6093
SYNONYMER_SE_HAMTAD centilong HTTP 200 226461
WIKTIONARY_HAMTAD centilong HTTP 200 503
UPPSLAGSORD centilong traffar=saol,so
SVENSKA_SE_HAMTAD cerat HTTP 200 5943
SYNONYMER_SE_HAMTAD cerat HTTP 200 242798
WIKTIONARY_HAMTAD cerat HTTP 200 445
UPPSLAGSORD cerat traffar=saol,so,saob
SVENSKA_SE_HAMTAD cert HTTP 200 6261
SYNONYMER_SE_HAMTAD cert HTTP 200 238364
WIKTIONARY_HAMTAD cert HTTP 200 398
UPPSLAGSORD cert traffar=saol,so,saob
SVENSKA_SE_HAMTAD certifikat HTTP 200 6741
SYNONYMER_SE_HAMTAD certifikat HTTP 200 260069
WIKTIONARY_HAMTAD certifikat HTTP 200 1673
UPPSLAGSORD certifikat traffar=saol,so,saob
SVENSKA_SE_HAMTAD cervix HTTP 200 20124
SYNONYMER_SE_HAMTAD cervix HTTP 200 223100
WIKTIONARY_HAMTAD cervix HTTP 200 409
UPPSLAGSORD cervix traffar=INGEN
SVENSKA_SE_HAMTAD cesarisk HTTP 200 18158
SYNONYMER_SE_HAMTAD cesarisk HTTP 200 224276
WIKTIONARY_HAMTAD cesarisk HTTP 200 398
UPPSLAGSORD cesarisk traffar=saob
SVENSKA_SE_HAMTAD changemang HTTP 200 6450
SYNONYMER_SE_HAMTAD changemang HTTP 200 232606
WIKTIONARY_HAMTAD changemang HTTP 200 335
UPPSLAGSORD changemang traffar=saol,so,saob
SVENSKA_SE_HAMTAD chanson HTTP 200 6348
SYNONYMER_SE_HAMTAD chanson HTTP 200 247177
WIKTIONARY_HAMTAD chanson HTTP 200 1277
UPPSLAGSORD chanson traffar=saol,so,saob
SVENSKA_SE_HAMTAD chapeau-claque HTTP 200 6047
SYNONYMER_SE_HAMTAD chapeau-claque HTTP 200 203600
WIKTIONARY_HAMTAD chapeau-claque HTTP 200 398
UPPSLAGSORD chapeau-claque traffar=saol,so,saob
SVENSKA_SE_HAMTAD chargé-d'affaires HTTP 200 5384
SYNONYMER_SE_HAMTAD chargé-d'affaires HTTP 200 187616
WIKTIONARY_HAMTAD chargé-d'affaires HTTP 200 776
UPPSLAGSORD chargé-d'affaires traffar=saol,so,saob
SVENSKA_SE_HAMTAD chassi HTTP 200 9494
SYNONYMER_SE_HAMTAD chassi HTTP 200 255596
WIKTIONARY_HAMTAD chassi HTTP 429 0
UPPSLAGSORD chassi traffar=saol,so
SVENSKA_SE_HAMTAD chaussé HTTP 200 6026
SYNONYMER_SE_HAMTAD chaussé HTTP 200 251885
WIKTIONARY_HAMTAD chaussé HTTP 429 0
UPPSLAGSORD chaussé traffar=saol,so,saob
SVENSKA_SE_HAMTAD chauvinism HTTP 200 5193
SYNONYMER_SE_HAMTAD chauvinism HTTP 200 262602
WIKTIONARY_HAMTAD chauvinism HTTP 200 1102
UPPSLAGSORD chauvinism traffar=saol,so,saob
SVENSKA_SE_HAMTAD chiffong HTTP 200 5858
SYNONYMER_SE_HAMTAD chiffong HTTP 200 250487
WIKTIONARY_HAMTAD chiffong HTTP 200 607
UPPSLAGSORD chiffong traffar=saol,so,saob
SVENSKA_SE_HAMTAD cineast HTTP 200 7831
SYNONYMER_SE_HAMTAD cineast HTTP 200 249000
WIKTIONARY_HAMTAD cineast HTTP 200 1147
UPPSLAGSORD cineast traffar=saol,so
SVENSKA_SE_HAMTAD cinnober HTTP 200 5110
SYNONYMER_SE_HAMTAD cinnober HTTP 200 252435
WIKTIONARY_HAMTAD cinnober HTTP 200 885
UPPSLAGSORD cinnober traffar=saol,so,saob
FRAS_UTAN_UPPSLAGSORD cirkeln är sluten -- svenska.se-traffarna galler bestandsdelarna, inte frasen. Kastas.
SVENSKA_SE_HAMTAD cirkeln är sluten HTTP 200 17710
SYNONYMER_SE_HAMTAD cirkeln är sluten HTTP 200 204060
WIKTIONARY_HAMTAD cirkeln är sluten HTTP 200 398
UPPSLAGSORD cirkeln är sluten traffar=INGEN
SVENSKA_SE_HAMTAD cirkumferens HTTP 200 20104
SYNONYMER_SE_HAMTAD cirkumferens HTTP 200 203696
WIKTIONARY_HAMTAD cirkumferens HTTP 200 398
UPPSLAGSORD cirkumferens traffar=INGEN
SVENSKA_SE_HAMTAD cirkumflex HTTP 200 6920
SYNONYMER_SE_HAMTAD cirkumflex HTTP 200 246476
WIKTIONARY_HAMTAD cirkumflex HTTP 200 1122
UPPSLAGSORD cirkumflex traffar=saol,so,saob
SVENSKA_SE_HAMTAD civilkurage HTTP 200 6891
SYNONYMER_SE_HAMTAD civilkurage HTTP 200 245340
WIKTIONARY_HAMTAD civilkurage HTTP 200 1061
UPPSLAGSORD civilkurage traffar=saol,so
SVENSKA_SE_HAMTAD civilstånd HTTP 200 6969
SYNONYMER_SE_HAMTAD civilstånd HTTP 200 255070
SYNONYMER_SE_ENDAST_ANVANDARBIDRAG civilstånd
WIKTIONARY_HAMTAD civilstånd HTTP 200 984
UPPSLAGSORD civilstånd traffar=saol,so,saob
SVENSKA_SE_HAMTAD clou HTTP 200 5172
SYNONYMER_SE_HAMTAD clou HTTP 200 245550
WIKTIONARY_HAMTAD clou HTTP 200 1317
UPPSLAGSORD clou traffar=saol,so,saob
SVENSKA_SE_HAMTAD consensus HTTP 200 9374
SYNONYMER_SE_HAMTAD consensus HTTP 200 259143
WIKTIONARY_HAMTAD consensus HTTP 429 0
UPPSLAGSORD consensus traffar=INGEN
SVENSKA_SE_HAMTAD crepe HTTP 200 10882
SYNONYMER_SE_HAMTAD crepe HTTP 200 204074
WIKTIONARY_HAMTAD crepe HTTP 429 0
UPPSLAGSORD crepe traffar=INGEN
SVENSKA_SE_HAMTAD crème-de-la-crème HTTP 200 6556
SYNONYMER_SE_HAMTAD crème-de-la-crème HTTP 200 236667
WIKTIONARY_HAMTAD crème-de-la-crème HTTP 200 398
UPPSLAGSORD crème-de-la-crème traffar=so
SVENSKA_SE_HAMTAD crêpe HTTP 200 10874
SYNONYMER_SE_HAMTAD crêpe HTTP 200 251602
WIKTIONARY_HAMTAD crêpe HTTP 200 1324
UPPSLAGSORD crêpe traffar=saol,so,saob
SVENSKA_SE_HAMTAD curare HTTP 200 6025
SYNONYMER_SE_HAMTAD curare HTTP 200 244290
WIKTIONARY_HAMTAD curare HTTP 200 398
UPPSLAGSORD curare traffar=saol,so
SVENSKA_SE_HAMTAD cyklamat HTTP 200 7962
SYNONYMER_SE_HAMTAD cyklamat HTTP 200 245076
WIKTIONARY_HAMTAD cyklamat HTTP 200 398
UPPSLAGSORD cyklamat traffar=saol,so
SVENSKA_SE_HAMTAD cyklop HTTP 200 10608
SYNONYMER_SE_HAMTAD cyklop HTTP 200 255486
WIKTIONARY_HAMTAD cyklop HTTP 200 1119
UPPSLAGSORD cyklop traffar=saol,so,saob
SVENSKA_SE_HAMTAD cypress HTTP 200 6513
SYNONYMER_SE_HAMTAD cypress HTTP 200 257456
WIKTIONARY_HAMTAD cypress HTTP 200 1214
UPPSLAGSORD cypress traffar=saol,so,saob
SVENSKA_SE_HAMTAD cytostatika HTTP 200 5360
SYNONYMER_SE_HAMTAD cytostatika HTTP 200 234728
SYNONYMER_SE_ENDAST_ANVANDARBIDRAG cytostatika
WIKTIONARY_HAMTAD cytostatika HTTP 200 664
UPPSLAGSORD cytostatika traffar=saol,so
SVENSKA_SE_HAMTAD dadaism HTTP 200 7003
SYNONYMER_SE_HAMTAD dadaism HTTP 200 245803
WIKTIONARY_HAMTAD dadaism HTTP 200 1001
UPPSLAGSORD dadaism traffar=saol,so
SVENSKA_SE_HAMTAD daktyloskopi HTTP 200 13268
SYNONYMER_SE_HAMTAD daktyloskopi HTTP 200 231837
SYNONYMER_SE_ENDAST_ANVANDARBIDRAG daktyloskopi
WIKTIONARY_HAMTAD daktyloskopi HTTP 200 398
UPPSLAGSORD daktyloskopi traffar=so
SVENSKA_SE_HAMTAD dalta HTTP 200 7158
SYNONYMER_SE_HAMTAD dalta HTTP 200 259922
WIKTIONARY_HAMTAD dalta HTTP 200 1050
UPPSLAGSORD dalta traffar=saol,so,saob
SVENSKA_SE_HAMTAD damejeanne HTTP 200 6151
SYNONYMER_SE_HAMTAD damejeanne HTTP 200 255961
WIKTIONARY_HAMTAD damejeanne HTTP 429 0
UPPSLAGSORD damejeanne traffar=saol,so,saob
FRAS_UTAN_UPPSLAGSORD dansa efter någons pipa -- svenska.se-traffarna galler bestandsdelarna, inte frasen. Kastas.
SVENSKA_SE_HAMTAD dansa efter någons pipa HTTP 200 17727
SYNONYMER_SE_HAMTAD dansa efter någons pipa HTTP 200 204087
WIKTIONARY_HAMTAD dansa efter någons pipa HTTP 429 0
UPPSLAGSORD dansa efter någons pipa traffar=INGEN
FRAS_UTAN_UPPSLAGSORD dansen kring gyllende kalven -- svenska.se-traffarna galler bestandsdelarna, inte frasen. Kastas.
SVENSKA_SE_HAMTAD dansen kring gyllende kalven HTTP 200 17762
SYNONYMER_SE_HAMTAD dansen kring gyllende kalven HTTP 200 204762
WIKTIONARY_HAMTAD dansen kring gyllende kalven HTTP 200 398
UPPSLAGSORD dansen kring gyllende kalven traffar=INGEN
SVENSKA_SE_HAMTAD datja HTTP 200 8256
SYNONYMER_SE_HAMTAD datja HTTP 200 250654
WIKTIONARY_HAMTAD datja HTTP 200 398
UPPSLAGSORD datja traffar=saol,so
SVENSKA_SE_HAMTAD datortomografi HTTP 200 6327
SYNONYMER_SE_HAMTAD datortomografi HTTP 200 249255
WIKTIONARY_HAMTAD datortomografi HTTP 200 533
UPPSLAGSORD datortomografi traffar=saol,so
FRAS_UTAN_UPPSLAGSORD de novo -- svenska.se-traffarna galler bestandsdelarna, inte frasen. Kastas.
SVENSKA_SE_HAMTAD de novo HTTP 200 19831
SYNONYMER_SE_HAMTAD de novo HTTP 200 204497
WIKTIONARY_HAMTAD de novo HTTP 200 398
UPPSLAGSORD de novo traffar=INGEN
SVENSKA_SE_HAMTAD defekt HTTP 200 11742
SYNONYMER_SE_HAMTAD defekt HTTP 200 267706
WIKTIONARY_HAMTAD defekt HTTP 200 1791
UPPSLAGSORD defekt traffar=saol,so,saob
SVENSKA_SE_HAMTAD defilera HTTP 200 8187
SYNONYMER_SE_HAMTAD defilera HTTP 200 267615
WIKTIONARY_HAMTAD defilera HTTP 200 2093
UPPSLAGSORD defilera traffar=saol,so,saob
SVENSKA_SE_HAMTAD deformation HTTP 200 6807
SYNONYMER_SE_HAMTAD deformation HTTP 200 256787
WIKTIONARY_HAMTAD deformation HTTP 200 915
UPPSLAGSORD deformation traffar=saol,so,saob
SVENSKA_SE_HAMTAD degeneration HTTP 200 5634
SYNONYMER_SE_HAMTAD degeneration HTTP 200 253083
WIKTIONARY_HAMTAD degeneration HTTP 200 723
UPPSLAGSORD degeneration traffar=saol,so,saob
SVENSKA_SE_HAMTAD degression HTTP 200 18381
SYNONYMER_SE_HAMTAD degression HTTP 200 204458
WIKTIONARY_HAMTAD degression HTTP 200 398
UPPSLAGSORD degression traffar=saob
SVENSKA_SE_HAMTAD dehydration HTTP 200 19724
SYNONYMER_SE_HAMTAD dehydration HTTP 200 187501
WIKTIONARY_HAMTAD dehydration HTTP 200 398
UPPSLAGSORD dehydration traffar=INGEN
SVENSKA_SE_HAMTAD dekadens HTTP 200 11278
SYNONYMER_SE_HAMTAD dekadens HTTP 200 255976
WIKTIONARY_HAMTAD dekadens HTTP 429 0
UPPSLAGSORD dekadens traffar=saol,so
SVENSKA_SE_HAMTAD dekanus HTTP 200 5608
SYNONYMER_SE_HAMTAD dekanus HTTP 200 233441
WIKTIONARY_HAMTAD dekanus HTTP 429 0
UPPSLAGSORD dekanus traffar=saol,so,saob
SVENSKA_SE_HAMTAD dekis HTTP 200 4701
SYNONYMER_SE_HAMTAD dekis HTTP 200 251921
WIKTIONARY_HAMTAD dekis HTTP 200 786
UPPSLAGSORD dekis traffar=saol,so,saob
SVENSKA_SE_HAMTAD deklassera HTTP 200 7630
SYNONYMER_SE_HAMTAD deklassera HTTP 200 252651
WIKTIONARY_HAMTAD deklassera HTTP 200 488
UPPSLAGSORD deklassera traffar=saol,so,saob
FRAS_UTAN_UPPSLAGSORD dela sina gracer -- svenska.se-traffarna galler bestandsdelarna, inte frasen. Kastas.
SVENSKA_SE_HAMTAD dela sina gracer HTTP 200 17639
SYNONYMER_SE_HAMTAD dela sina gracer HTTP 200 204415
WIKTIONARY_HAMTAD dela sina gracer HTTP 200 398
UPPSLAGSORD dela sina gracer traffar=INGEN
FRAS_UTAN_UPPSLAGSORD delge /delgiva -- svenska.se-traffarna galler bestandsdelarna, inte frasen. Kastas.
SVENSKA_SE_HAMTAD delge /delgiva HTTP 200 17630
SYNONYMER_SE_HAMTAD delge /delgiva HTTP 404 0
WIKTIONARY_HAMTAD delge /delgiva HTTP 200 398
UPPSLAGSORD delge /delgiva traffar=INGEN
SVENSKA_SE_HAMTAD delo HTTP 200 5186
SYNONYMER_SE_HAMTAD delo HTTP 200 260338
WIKTIONARY_HAMTAD delo HTTP 200 398
UPPSLAGSORD delo traffar=saol,so,saob
SVENSKA_SE_HAMTAD demaskera HTTP 200 8201
SYNONYMER_SE_HAMTAD demaskera HTTP 200 270188
WIKTIONARY_HAMTAD demaskera HTTP 200 427
UPPSLAGSORD demaskera traffar=saol,so,saob
FRAS_UTAN_UPPSLAGSORD den gubben går inte -- svenska.se-traffarna galler bestandsdelarna, inte frasen. Kastas.
SVENSKA_SE_HAMTAD den gubben går inte HTTP 200 17723
SYNONYMER_SE_HAMTAD den gubben går inte HTTP 200 218651
WIKTIONARY_HAMTAD den gubben går inte HTTP 200 398
UPPSLAGSORD den gubben går inte traffar=INGEN
SVENSKA_SE_HAMTAD dental HTTP 200 9294
SYNONYMER_SE_HAMTAD dental HTTP 200 254682
WIKTIONARY_HAMTAD dental HTTP 200 2467
UPPSLAGSORD dental traffar=saol,so,saob
SVENSKA_SE_HAMTAD dentist HTTP 200 7995
SYNONYMER_SE_HAMTAD dentist HTTP 200 204318
WIKTIONARY_HAMTAD dentist HTTP 200 837
UPPSLAGSORD dentist traffar=saob
SVENSKA_SE_HAMTAD deodorant HTTP 200 7875
SYNONYMER_SE_HAMTAD deodorant HTTP 200 254642
WIKTIONARY_HAMTAD deodorant HTTP 200 1358
UPPSLAGSORD deodorant traffar=saol,so
SVENSKA_SE_HAMTAD designera HTTP 200 8681
SYNONYMER_SE_HAMTAD designera HTTP 200 254951
WIKTIONARY_HAMTAD designera HTTP 429 0
UPPSLAGSORD designera traffar=saol,so,saob
SVENSKA_SE_HAMTAD desinfektera HTTP 200 8133
SYNONYMER_SE_HAMTAD desinfektera HTTP 200 264158
WIKTIONARY_HAMTAD desinfektera HTTP 429 0
UPPSLAGSORD desinfektera traffar=saol,so,saob
SVENSKA_SE_HAMTAD despot HTTP 200 6828
SYNONYMER_SE_HAMTAD despot HTTP 200 269577
WIKTIONARY_HAMTAD despot HTTP 200 2405
UPPSLAGSORD despot traffar=saol,so,saob
SVENSKA_SE_HAMTAD destillering HTTP 200 11862
SYNONYMER_SE_HAMTAD destillering HTTP 200 254933
WIKTIONARY_HAMTAD destillering HTTP 200 398
UPPSLAGSORD destillering traffar=saol,saob
FRAS_UTAN_UPPSLAGSORD det allena saliggörande -- svenska.se-traffarna galler bestandsdelarna, inte frasen. Kastas.
SVENSKA_SE_HAMTAD det allena saliggörande HTTP 200 17755
SYNONYMER_SE_HAMTAD det allena saliggörande HTTP 200 204341
WIKTIONARY_HAMTAD det allena saliggörande HTTP 200 398
UPPSLAGSORD det allena saliggörande traffar=INGEN
FRAS_UTAN_UPPSLAGSORD det drar ihop sig -- svenska.se-traffarna galler bestandsdelarna, inte frasen. Kastas.
SVENSKA_SE_HAMTAD det drar ihop sig HTTP 200 17702
SYNONYMER_SE_HAMTAD det drar ihop sig HTTP 200 188259
WIKTIONARY_HAMTAD det drar ihop sig HTTP 200 398
UPPSLAGSORD det drar ihop sig traffar=INGEN
FRAS_UTAN_UPPSLAGSORD det flyger inga stekta sparvar i munnen på en -- svenska.se-traffarna galler bestandsdelarna, inte frasen. Kastas.
SVENSKA_SE_HAMTAD det flyger inga stekta sparvar i munnen på en HTTP 200 3020
SYNONYMER_SE_HAMTAD det flyger inga stekta sparvar i munnen på en HTTP 200 188728
WIKTIONARY_HAMTAD det flyger inga stekta sparvar i munnen på en HTTP 200 398
UPPSLAGSORD det flyger inga stekta sparvar i munnen på en traffar=INGEN
FRAS_UTAN_UPPSLAGSORD det går sin gilla gång -- svenska.se-traffarna galler bestandsdelarna, inte frasen. Kastas.
SVENSKA_SE_HAMTAD det går sin gilla gång HTTP 200 17741
SYNONYMER_SE_HAMTAD det går sin gilla gång HTTP 200 188191
WIKTIONARY_HAMTAD det går sin gilla gång HTTP 200 398
UPPSLAGSORD det går sin gilla gång traffar=INGEN
FRAS_UTAN_UPPSLAGSORD det går troll i något -- svenska.se-traffarna galler bestandsdelarna, inte frasen. Kastas.
SVENSKA_SE_HAMTAD det går troll i något HTTP 200 17719
SYNONYMER_SE_HAMTAD det går troll i något HTTP 200 204566
WIKTIONARY_HAMTAD det går troll i något HTTP 200 398
UPPSLAGSORD det går troll i något traffar=INGEN
FRAS_UTAN_UPPSLAGSORD det går upp en talgdank för ngn -- svenska.se-traffarna galler bestandsdelarna, inte frasen. Kastas.
SVENSKA_SE_HAMTAD det går upp en talgdank för ngn HTTP 200 7910
SYNONYMER_SE_HAMTAD det går upp en talgdank för ngn HTTP 200 204977
WIKTIONARY_HAMTAD det går upp en talgdank för ngn HTTP 200 398
UPPSLAGSORD det går upp en talgdank för ngn traffar=INGEN
FRAS_UTAN_UPPSLAGSORD det hänger på gärsgårn -- svenska.se-traffarna galler bestandsdelarna, inte frasen. Kastas.
SVENSKA_SE_HAMTAD det hänger på gärsgårn HTTP 200 17746
SYNONYMER_SE_HAMTAD det hänger på gärsgårn HTTP 200 204749
WIKTIONARY_HAMTAD det hänger på gärsgårn HTTP 200 398
UPPSLAGSORD det hänger på gärsgårn traffar=INGEN
FRAS_UTAN_UPPSLAGSORD det lackar/lider mot jul -- svenska.se-traffarna galler bestandsdelarna, inte frasen. Kastas.
SVENSKA_SE_HAMTAD det lackar/lider mot jul HTTP 200 17739
SYNONYMER_SE_HAMTAD det lackar/lider mot jul HTTP 404 0
WIKTIONARY_HAMTAD det lackar/lider mot jul HTTP 200 398
UPPSLAGSORD det lackar/lider mot jul traffar=INGEN
FRAS_UTAN_UPPSLAGSORD det man inte har i huvudet får man ha i benen -- svenska.se-traffarna galler bestandsdelarna, inte frasen. Kastas.
SVENSKA_SE_HAMTAD det man inte har i huvudet får man ha i benen HTTP 200 3020
SYNONYMER_SE_HAMTAD det man inte har i huvudet får man ha i benen HTTP 200 204989
WIKTIONARY_HAMTAD det man inte har i huvudet får man ha i benen HTTP 429 0
UPPSLAGSORD det man inte har i huvudet får man ha i benen traffar=INGEN
FRAS_UTAN_UPPSLAGSORD det täcka könet -- svenska.se-traffarna galler bestandsdelarna, inte frasen. Kastas.
SVENSKA_SE_HAMTAD det täcka könet HTTP 200 17695
SYNONYMER_SE_HAMTAD det täcka könet HTTP 200 204611
WIKTIONARY_HAMTAD det täcka könet HTTP 429 0
UPPSLAGSORD det täcka könet traffar=INGEN
FRAS_UTAN_UPPSLAGSORD det vete fåglarna -- svenska.se-traffarna galler bestandsdelarna, inte frasen. Kastas.
SVENSKA_SE_HAMTAD det vete fåglarna HTTP 200 17710
SYNONYMER_SE_HAMTAD det vete fåglarna HTTP 200 204607
WIKTIONARY_HAMTAD det vete fåglarna HTTP 200 208
UPPSLAGSORD det vete fåglarna traffar=INGEN
FRAS_UTAN_UPPSLAGSORD det är lätt att säga tulipanaros -- svenska.se-traffarna galler bestandsdelarna, inte frasen. Kastas.
SVENSKA_SE_HAMTAD det är lätt att säga tulipanaros HTTP 200 2986
SYNONYMER_SE_HAMTAD det är lätt att säga tulipanaros HTTP 200 204943
WIKTIONARY_HAMTAD det är lätt att säga tulipanaros HTTP 200 398
UPPSLAGSORD det är lätt att säga tulipanaros traffar=INGEN
FRAS_UTAN_UPPSLAGSORD det är många om budet -- svenska.se-traffarna galler bestandsdelarna, inte frasen. Kastas.
SVENSKA_SE_HAMTAD det är många om budet HTTP 200 17742
SYNONYMER_SE_HAMTAD det är många om budet HTTP 200 204788
WIKTIONARY_HAMTAD det är många om budet HTTP 200 398
UPPSLAGSORD det är många om budet traffar=INGEN
SVENSKA_SE_HAMTAD detaljhandel HTTP 200 5615
SYNONYMER_SE_HAMTAD detaljhandel HTTP 200 263611
WIKTIONARY_HAMTAD detaljhandel HTTP 200 1171
UPPSLAGSORD detaljhandel traffar=saol,so,saob
SVENSKA_SE_HAMTAD determinism HTTP 200 5417
SYNONYMER_SE_HAMTAD determinism HTTP 200 251977
WIKTIONARY_HAMTAD determinism HTTP 200 1242
UPPSLAGSORD determinism traffar=saol,so,saob
SVENSKA_SE_HAMTAD diabolisk HTTP 200 5780
SYNONYMER_SE_HAMTAD diabolisk HTTP 200 236542
WIKTIONARY_HAMTAD diabolisk HTTP 200 860
UPPSLAGSORD diabolisk traffar=saol,so,saob
SVENSKA_SE_HAMTAD diakoni HTTP 200 4898
SYNONYMER_SE_HAMTAD diakoni HTTP 200 246295
WIKTIONARY_HAMTAD diakoni HTTP 200 647
UPPSLAGSORD diakoni traffar=saol,so,saob
SVENSKA_SE_HAMTAD diakritisk HTTP 200 5454
SYNONYMER_SE_HAMTAD diakritisk HTTP 200 246488
WIKTIONARY_HAMTAD diakritisk HTTP 200 528
UPPSLAGSORD diakritisk traffar=saol,so,saob
SVENSKA_SE_HAMTAD dialektik HTTP 200 5875
SYNONYMER_SE_HAMTAD dialektik HTTP 200 251279
WIKTIONARY_HAMTAD dialektik HTTP 200 773
UPPSLAGSORD dialektik traffar=saol,so,saob
SVENSKA_SE_HAMTAD diametral HTTP 200 4511
SYNONYMER_SE_HAMTAD diametral HTTP 200 248366
WIKTIONARY_HAMTAD diametral HTTP 200 754
UPPSLAGSORD diametral traffar=saol,so,saob
SVENSKA_SE_HAMTAD diarie HTTP 200 129066
SYNONYMER_SE_HAMTAD diarie HTTP 200 225628
SYNONYMER_SE_ENDAST_ANVANDARBIDRAG diarie
WIKTIONARY_HAMTAD diarie HTTP 429 0
UPPSLAGSORD diarie traffar=INGEN
SVENSKA_SE_HAMTAD diftong HTTP 200 6961
SYNONYMER_SE_HAMTAD diftong HTTP 200 253732
WIKTIONARY_HAMTAD diftong HTTP 429 0
UPPSLAGSORD diftong traffar=saol,so,saob
SVENSKA_SE_HAMTAD diglossi HTTP 200 6630
SYNONYMER_SE_HAMTAD diglossi HTTP 200 241553
WIKTIONARY_HAMTAD diglossi HTTP 200 1313
UPPSLAGSORD diglossi traffar=saol,so
SVENSKA_SE_HAMTAD diligens HTTP 200 6009
SYNONYMER_SE_HAMTAD diligens HTTP 200 265327
WIKTIONARY_HAMTAD diligens HTTP 200 538
UPPSLAGSORD diligens traffar=saol,so,saob
FRAS_UTAN_UPPSLAGSORD dilla (om) -- svenska.se-traffarna galler bestandsdelarna, inte frasen. Kastas.
SVENSKA_SE_HAMTAD dilla (om) HTTP 200 19673
SYNONYMER_SE_HAMTAD dilla (om) HTTP 200 203910
WIKTIONARY_HAMTAD dilla (om) HTTP 200 398
UPPSLAGSORD dilla (om) traffar=INGEN
SVENSKA_SE_HAMTAD dimension HTTP 200 8990
SYNONYMER_SE_HAMTAD dimension HTTP 200 267079
WIKTIONARY_HAMTAD dimension HTTP 200 2150
UPPSLAGSORD dimension traffar=saol,so,saob
SVENSKA_SE_HAMTAD diminutiv HTTP 200 10045
SYNONYMER_SE_HAMTAD diminutiv HTTP 200 263652
WIKTIONARY_HAMTAD diminutiv HTTP 200 2032
UPPSLAGSORD diminutiv traffar=saol,so,saob
SVENSKA_SE_HAMTAD dimorf HTTP 200 4926
SYNONYMER_SE_HAMTAD dimorf HTTP 200 238754
WIKTIONARY_HAMTAD dimorf HTTP 200 269
UPPSLAGSORD dimorf traffar=saol,so,saob
SVENSKA_SE_HAMTAD disambiguera HTTP 200 14195
SYNONYMER_SE_HAMTAD disambiguera HTTP 200 229324
WIKTIONARY_HAMTAD disambiguera HTTP 200 633
UPPSLAGSORD disambiguera traffar=saol
SVENSKA_SE_HAMTAD diskrepans HTTP 200 6802
SYNONYMER_SE_HAMTAD diskrepans HTTP 200 244289
WIKTIONARY_HAMTAD diskrepans HTTP 200 1091
UPPSLAGSORD diskrepans traffar=saol,so,saob
SVENSKA_SE_HAMTAD diskurs HTTP 200 8736
SYNONYMER_SE_HAMTAD diskurs HTTP 200 267009
WIKTIONARY_HAMTAD diskurs HTTP 200 830
UPPSLAGSORD diskurs traffar=saol,so,saob
SVENSKA_SE_HAMTAD dispenser HTTP 200 10417
SYNONYMER_SE_HAMTAD dispenser HTTP 200 233259
WIKTIONARY_HAMTAD dispenser HTTP 200 600
UPPSLAGSORD dispenser traffar=so
SVENSKA_SE_HAMTAD disponera HTTP 200 10803
SYNONYMER_SE_HAMTAD disponera HTTP 200 277089
WIKTIONARY_HAMTAD disponera HTTP 429 0
UPPSLAGSORD disponera traffar=saol,so,saob
SVENSKA_SE_HAMTAD disputation HTTP 200 6661
SYNONYMER_SE_HAMTAD disputation HTTP 200 263773
WIKTIONARY_HAMTAD disputation HTTP 429 0
UPPSLAGSORD disputation traffar=saol,so,saob
SVENSKA_SE_HAMTAD dissonant HTTP 200 6458
SYNONYMER_SE_HAMTAD dissonant HTTP 200 227331
WIKTIONARY_HAMTAD dissonant HTTP 200 398
UPPSLAGSORD dissonant traffar=saol,so,saob
SVENSKA_SE_HAMTAD distorsion HTTP 200 6458
SYNONYMER_SE_HAMTAD distorsion HTTP 200 251498
WIKTIONARY_HAMTAD distorsion HTTP 200 842
UPPSLAGSORD distorsion traffar=saol,so,saob
SVENSKA_SE_HAMTAD divan HTTP 200 9647
SYNONYMER_SE_HAMTAD divan HTTP 200 262471
WIKTIONARY_HAMTAD divan HTTP 200 1029
UPPSLAGSORD divan traffar=saol,so,saob
SVENSKA_SE_HAMTAD djonk HTTP 200 6771
SYNONYMER_SE_HAMTAD djonk HTTP 200 246441
SYNONYMER_SE_ENDAST_ANVANDARBIDRAG djonk
WIKTIONARY_HAMTAD djonk HTTP 200 945
UPPSLAGSORD djonk traffar=saol,so,saob
SVENSKA_SE_HAMTAD docka HTTP 200 17990
SYNONYMER_SE_HAMTAD docka HTTP 200 301825
WIKTIONARY_HAMTAD docka HTTP 200 5031
UPPSLAGSORD docka traffar=saol,so,saob
SVENSKA_SE_HAMTAD doge HTTP 200 7098
SYNONYMER_SE_HAMTAD doge HTTP 200 234784
WIKTIONARY_HAMTAD doge HTTP 200 704
UPPSLAGSORD doge traffar=saol,so,saob
SVENSKA_SE_HAMTAD doktrin HTTP 200 7263
SYNONYMER_SE_HAMTAD doktrin HTTP 200 247858
WIKTIONARY_HAMTAD doktrin HTTP 200 1334
UPPSLAGSORD doktrin traffar=saol,so,saob
SVENSKA_SE_HAMTAD doktrinär HTTP 200 5123
SYNONYMER_SE_HAMTAD doktrinär HTTP 200 250641
WIKTIONARY_HAMTAD doktrinär HTTP 200 1645
UPPSLAGSORD doktrinär traffar=saol,so,saob
SVENSKA_SE_HAMTAD domänförlust HTTP 200 7451
SYNONYMER_SE_HAMTAD domänförlust HTTP 200 250040
WIKTIONARY_HAMTAD domänförlust HTTP 200 687
UPPSLAGSORD domänförlust traffar=saol,so
FRAS_UTAN_UPPSLAGSORD don efter person -- svenska.se-traffarna galler bestandsdelarna, inte frasen. Kastas.
SVENSKA_SE_HAMTAD don efter person HTTP 200 17668
SYNONYMER_SE_HAMTAD don efter person HTTP 200 187331
WIKTIONARY_HAMTAD don efter person HTTP 200 398
UPPSLAGSORD don efter person traffar=INGEN
SVENSKA_SE_HAMTAD dossier HTTP 200 8610
SYNONYMER_SE_HAMTAD dossier HTTP 200 254856
WIKTIONARY_HAMTAD dossier HTTP 429 0
UPPSLAGSORD dossier traffar=saol,so
FRAS_UTAN_UPPSLAGSORD dra (stora) växlar på ngt -- svenska.se-traffarna galler bestandsdelarna, inte frasen. Kastas.
SVENSKA_SE_HAMTAD dra (stora) växlar på ngt HTTP 200 17686
SYNONYMER_SE_HAMTAD dra (stora) växlar på ngt HTTP 200 204700
WIKTIONARY_HAMTAD dra (stora) växlar på ngt HTTP 429 0
UPPSLAGSORD dra (stora) växlar på ngt traffar=INGEN
FRAS_UTAN_UPPSLAGSORD dra det tyngsta lasset -- svenska.se-traffarna galler bestandsdelarna, inte frasen. Kastas.
SVENSKA_SE_HAMTAD dra det tyngsta lasset HTTP 200 17750
SYNONYMER_SE_HAMTAD dra det tyngsta lasset HTTP 200 224255
SYNONYMER_SE_ENDAST_ANVANDARBIDRAG dra det tyngsta lasset
WIKTIONARY_HAMTAD dra det tyngsta lasset HTTP 200 398
UPPSLAGSORD dra det tyngsta lasset traffar=INGEN
FRAS_UTAN_UPPSLAGSORD dra dit pepparn växer -- svenska.se-traffarna galler bestandsdelarna, inte frasen. Kastas.
SVENSKA_SE_HAMTAD dra dit pepparn växer HTTP 200 17712
SYNONYMER_SE_HAMTAD dra dit pepparn växer HTTP 200 204451
WIKTIONARY_HAMTAD dra dit pepparn växer HTTP 200 1252
UPPSLAGSORD dra dit pepparn växer traffar=INGEN
FRAS_UTAN_UPPSLAGSORD dra ett streck över det som varit -- svenska.se-traffarna galler bestandsdelarna, inte frasen. Kastas.
SVENSKA_SE_HAMTAD dra ett streck över det som varit HTTP 200 10396
SYNONYMER_SE_HAMTAD dra ett streck över det som varit HTTP 200 204626
WIKTIONARY_HAMTAD dra ett streck över det som varit HTTP 200 398
UPPSLAGSORD dra ett streck över det som varit traffar=INGEN
FRAS_UTAN_UPPSLAGSORD dra i långbänk -- svenska.se-traffarna galler bestandsdelarna, inte frasen. Kastas.
SVENSKA_SE_HAMTAD dra i långbänk HTTP 200 2261
SYNONYMER_SE_HAMTAD dra i långbänk HTTP 200 204248
WIKTIONARY_HAMTAD dra i långbänk HTTP 200 398
UPPSLAGSORD dra i långbänk traffar=INGEN
FRAS_UTAN_UPPSLAGSORD dra ngn vid näsan -- svenska.se-traffarna galler bestandsdelarna, inte frasen. Kastas.
SVENSKA_SE_HAMTAD dra ngn vid näsan HTTP 200 17709
SYNONYMER_SE_HAMTAD dra ngn vid näsan HTTP 200 204609
WIKTIONARY_HAMTAD dra ngn vid näsan HTTP 200 398
UPPSLAGSORD dra ngn vid näsan traffar=INGEN
FRAS_UTAN_UPPSLAGSORD dra på trissor -- svenska.se-traffarna galler bestandsdelarna, inte frasen. Kastas.
SVENSKA_SE_HAMTAD dra på trissor HTTP 200 17659
SYNONYMER_SE_HAMTAD dra på trissor HTTP 200 204310
WIKTIONARY_HAMTAD dra på trissor HTTP 200 623
UPPSLAGSORD dra på trissor traffar=INGEN
FRAS_UTAN_UPPSLAGSORD dra sin färde -- svenska.se-traffarna galler bestandsdelarna, inte frasen. Kastas.
SVENSKA_SE_HAMTAD dra sin färde HTTP 200 17708
SYNONYMER_SE_HAMTAD dra sin färde HTTP 200 204123
WIKTIONARY_HAMTAD dra sin färde HTTP 200 398
UPPSLAGSORD dra sin färde traffar=INGEN
FRAS_UTAN_UPPSLAGSORD dra åt svångremmen -- svenska.se-traffarna galler bestandsdelarna, inte frasen. Kastas.
SVENSKA_SE_HAMTAD dra åt svångremmen HTTP 200 17700
SYNONYMER_SE_HAMTAD dra åt svångremmen HTTP 200 203938
WIKTIONARY_HAMTAD dra åt svångremmen HTTP 200 2570
UPPSLAGSORD dra åt svångremmen traffar=INGEN
FRAS_UTAN_UPPSLAGSORD dra/hålla i tåtarna -- svenska.se-traffarna galler bestandsdelarna, inte frasen. Kastas.
SVENSKA_SE_HAMTAD dra/hålla i tåtarna HTTP 200 17738
SYNONYMER_SE_HAMTAD dra/hålla i tåtarna HTTP 404 0
WIKTIONARY_HAMTAD dra/hålla i tåtarna HTTP 200 398
UPPSLAGSORD dra/hålla i tåtarna traffar=INGEN
SVENSKA_SE_HAMTAD dragga HTTP 200 7365
SYNONYMER_SE_HAMTAD dragga HTTP 200 254021
WIKTIONARY_HAMTAD dragga HTTP 200 612
UPPSLAGSORD dragga traffar=saol,so,saob
SVENSKA_SE_HAMTAD drastisk HTTP 200 6058
SYNONYMER_SE_HAMTAD drastisk HTTP 200 259495
WIKTIONARY_HAMTAD drastisk HTTP 429 0
UPPSLAGSORD drastisk traffar=saol,so,saob
SVENSKA_SE_HAMTAD dressör HTTP 200 7375
SYNONYMER_SE_HAMTAD dressör HTTP 200 249996
WIKTIONARY_HAMTAD dressör HTTP 429 0
UPPSLAGSORD dressör traffar=saol,so,saob
SVENSKA_SE_HAMTAD drittel HTTP 200 5910
SYNONYMER_SE_HAMTAD drittel HTTP 200 259197
WIKTIONARY_HAMTAD drittel HTTP 200 394
UPPSLAGSORD drittel traffar=saol,so,saob
SVENSKA_SE_HAMTAD drivbänk HTTP 200 8097
SYNONYMER_SE_HAMTAD drivbänk HTTP 200 258815
WIKTIONARY_HAMTAD drivbänk HTTP 200 1271
UPPSLAGSORD drivbänk traffar=saol,so
SVENSKA_SE_HAMTAD drive-through HTTP 200 126713
SYNONYMER_SE_HAMTAD drive-through HTTP 200 187960
WIKTIONARY_HAMTAD drive-through HTTP 200 398
UPPSLAGSORD drive-through traffar=INGEN
SVENSKA_SE_HAMTAD dräll HTTP 200 12612
SYNONYMER_SE_HAMTAD dräll HTTP 200 244182
WIKTIONARY_HAMTAD dräll HTTP 200 973
UPPSLAGSORD dräll traffar=saol,so,saob
SVENSKA_SE_HAMTAD dråsa HTTP 200 7139
SYNONYMER_SE_HAMTAD dråsa HTTP 200 272745
WIKTIONARY_HAMTAD dråsa HTTP 200 398
UPPSLAGSORD dråsa traffar=saol,so,saob
SVENSKA_SE_HAMTAD drömslott HTTP 200 6100
SYNONYMER_SE_HAMTAD drömslott HTTP 200 243789
WIKTIONARY_HAMTAD drömslott HTTP 200 398
UPPSLAGSORD drömslott traffar=saol,so,saob
SVENSKA_SE_HAMTAD dualism HTTP 200 6587
SYNONYMER_SE_HAMTAD dualism HTTP 200 261923
WIKTIONARY_HAMTAD dualism HTTP 200 949
UPPSLAGSORD dualism traffar=saol,so,saob
SVENSKA_SE_HAMTAD duffel HTTP 200 8966
SYNONYMER_SE_HAMTAD duffel HTTP 200 251523
WIKTIONARY_HAMTAD duffel HTTP 200 432
UPPSLAGSORD duffel traffar=saol,so
SVENSKA_SE_HAMTAD duplikat HTTP 200 6326
SYNONYMER_SE_HAMTAD duplikat HTTP 200 247062
WIKTIONARY_HAMTAD duplikat HTTP 200 431
UPPSLAGSORD duplikat traffar=saol,so,saob
SVENSKA_SE_HAMTAD dust HTTP 200 7166
SYNONYMER_SE_HAMTAD dust HTTP 200 261038
WIKTIONARY_HAMTAD dust HTTP 200 2069
UPPSLAGSORD dust traffar=saol,so,saob
SVENSKA_SE_HAMTAD dygdemönster HTTP 200 7823
SYNONYMER_SE_HAMTAD dygdemönster HTTP 200 255872
WIKTIONARY_HAMTAD dygdemönster HTTP 429 0
UPPSLAGSORD dygdemönster traffar=saol,so
SVENSKA_SE_HAMTAD dynamometer HTTP 200 5934
SYNONYMER_SE_HAMTAD dynamometer HTTP 200 248955
WIKTIONARY_HAMTAD dynamometer HTTP 429 0
UPPSLAGSORD dynamometer traffar=saol,so,saob
SVENSKA_SE_HAMTAD dynasti HTTP 200 6053
SYNONYMER_SE_HAMTAD dynasti HTTP 200 266589
WIKTIONARY_HAMTAD dynasti HTTP 200 1375
UPPSLAGSORD dynasti traffar=saol,so,saob
SVENSKA_SE_HAMTAD dysenteri HTTP 200 4774
SYNONYMER_SE_HAMTAD dysenteri HTTP 200 247225
WIKTIONARY_HAMTAD dysenteri HTTP 200 1244
UPPSLAGSORD dysenteri traffar=saol,so,saob
SVENSKA_SE_HAMTAD dyslexi HTTP 200 7445
SYNONYMER_SE_HAMTAD dyslexi HTTP 200 241593
WIKTIONARY_HAMTAD dyslexi HTTP 200 2261
UPPSLAGSORD dyslexi traffar=saol,so
FRAS_UTAN_UPPSLAGSORD därmed basta -- svenska.se-traffarna galler bestandsdelarna, inte frasen. Kastas.
SVENSKA_SE_HAMTAD därmed basta HTTP 200 18702
SYNONYMER_SE_HAMTAD därmed basta HTTP 200 232407
WIKTIONARY_HAMTAD därmed basta HTTP 200 398
UPPSLAGSORD därmed basta traffar=INGEN
FRAS_UTAN_UPPSLAGSORD därom tvista de lärde -- svenska.se-traffarna galler bestandsdelarna, inte frasen. Kastas.
SVENSKA_SE_HAMTAD därom tvista de lärde HTTP 200 17739
SYNONYMER_SE_HAMTAD därom tvista de lärde HTTP 200 204626
WIKTIONARY_HAMTAD därom tvista de lärde HTTP 200 398
UPPSLAGSORD därom tvista de lärde traffar=INGEN
SVENSKA_SE_HAMTAD dävert HTTP 200 6834
SYNONYMER_SE_HAMTAD dävert HTTP 200 254266
WIKTIONARY_HAMTAD dävert HTTP 200 1201
UPPSLAGSORD dävert traffar=saol,so
SVENSKA_SE_HAMTAD dåd HTTP 200 7583
SYNONYMER_SE_HAMTAD dåd HTTP 200 288269
WIKTIONARY_HAMTAD dåd HTTP 200 1764
UPPSLAGSORD dåd traffar=saol,so,saob
FRAS_UTAN_UPPSLAGSORD döden i grytan -- svenska.se-traffarna galler bestandsdelarna, inte frasen. Kastas.
SVENSKA_SE_HAMTAD döden i grytan HTTP 200 17665
SYNONYMER_SE_HAMTAD döden i grytan HTTP 200 226484
WIKTIONARY_HAMTAD döden i grytan HTTP 200 398
UPPSLAGSORD döden i grytan traffar=INGEN
SVENSKA_SE_HAMTAD dödsjö HTTP 200 5367
SYNONYMER_SE_HAMTAD dödsjö HTTP 200 228063
WIKTIONARY_HAMTAD dödsjö HTTP 200 398
UPPSLAGSORD dödsjö traffar=saol,so,saob
SVENSKA_SE_HAMTAD ebenholts HTTP 200 5985
SYNONYMER_SE_HAMTAD ebenholts HTTP 200 253932
WIKTIONARY_HAMTAD ebenholts HTTP 200 983
UPPSLAGSORD ebenholts traffar=saol,so,saob
SVENSKA_SE_HAMTAD echaufferad HTTP 200 7006
SYNONYMER_SE_HAMTAD echaufferad HTTP 200 246732
WIKTIONARY_HAMTAD echaufferad HTTP 429 0
UPPSLAGSORD echaufferad traffar=saol,so
SVENSKA_SE_HAMTAD echelong HTTP 200 11460
SYNONYMER_SE_HAMTAD echelong HTTP 200 229479
WIKTIONARY_HAMTAD echelong HTTP 429 0
UPPSLAGSORD echelong traffar=so,saob
SVENSKA_SE_HAMTAD ecklesiastik HTTP 200 5584
SYNONYMER_SE_HAMTAD ecklesiastik HTTP 200 247361
WIKTIONARY_HAMTAD ecklesiastik HTTP 200 658
UPPSLAGSORD ecklesiastik traffar=saol,so,saob
FRAS_UTAN_UPPSLAGSORD efter konstens alla regler -- svenska.se-traffarna galler bestandsdelarna, inte frasen. Kastas.
SVENSKA_SE_HAMTAD efter konstens alla regler HTTP 200 17746
SYNONYMER_SE_HAMTAD efter konstens alla regler HTTP 200 187761
WIKTIONARY_HAMTAD efter konstens alla regler HTTP 200 398
UPPSLAGSORD efter konstens alla regler traffar=INGEN
SVENSKA_SE_HAMTAD efterdyningar HTTP 200 8730
SYNONYMER_SE_HAMTAD efterdyningar HTTP 200 257306
WIKTIONARY_HAMTAD efterdyningar HTTP 200 176
UPPSLAGSORD efterdyningar traffar=INGEN
SVENSKA_SE_HAMTAD efterkomma HTTP 200 8458
SYNONYMER_SE_HAMTAD efterkomma HTTP 200 268972
WIKTIONARY_HAMTAD efterkomma HTTP 200 792
UPPSLAGSORD efterkomma traffar=saol,so,saob
FRAS_UTAN_UPPSLAGSORD eftertankens kranka blekhet -- svenska.se-traffarna galler bestandsdelarna, inte frasen. Kastas.
SVENSKA_SE_HAMTAD eftertankens kranka blekhet HTTP 200 17759
SYNONYMER_SE_HAMTAD eftertankens kranka blekhet HTTP 200 230226
WIKTIONARY_HAMTAD eftertankens kranka blekhet HTTP 200 398
UPPSLAGSORD eftertankens kranka blekhet traffar=INGEN
SVENSKA_SE_HAMTAD egenartad HTTP 200 6138
SYNONYMER_SE_HAMTAD egenartad HTTP 200 242333
WIKTIONARY_HAMTAD egenartad HTTP 200 896
UPPSLAGSORD egenartad traffar=saol,so,saob
SVENSKA_SE_HAMTAD egg HTTP 200 6592
SYNONYMER_SE_HAMTAD egg HTTP 200 273140
WIKTIONARY_HAMTAD egg HTTP 200 4725
UPPSLAGSORD egg traffar=saol,so,saob
SVENSKA_SE_HAMTAD ekarté HTTP 200 5228
SYNONYMER_SE_HAMTAD ekarté HTTP 200 228077
WIKTIONARY_HAMTAD ekarté HTTP 200 188
UPPSLAGSORD ekarté traffar=saol,so,saob
SVENSKA_SE_HAMTAD ekg HTTP 200 8730
SYNONYMER_SE_HAMTAD ekg HTTP 200 238975
WIKTIONARY_HAMTAD ekg HTTP 200 398
UPPSLAGSORD ekg traffar=saol,so
SVENSKA_SE_HAMTAD ekipering HTTP 200 6434
SYNONYMER_SE_HAMTAD ekipering HTTP 200 255392
WIKTIONARY_HAMTAD ekipering HTTP 200 381
UPPSLAGSORD ekipering traffar=saol,so,saob
SVENSKA_SE_HAMTAD eklatera HTTP 200 7477
SYNONYMER_SE_HAMTAD eklatera HTTP 200 254276
WIKTIONARY_HAMTAD eklatera HTTP 429 0
UPPSLAGSORD eklatera traffar=saol,so,saob
SVENSKA_SE_HAMTAD eklog HTTP 200 6417
SYNONYMER_SE_HAMTAD eklog HTTP 200 228888
WIKTIONARY_HAMTAD eklog HTTP 429 0
UPPSLAGSORD eklog traffar=saol,so,saob
SVENSKA_SE_HAMTAD ekolod HTTP 200 8624
SYNONYMER_SE_HAMTAD ekolod HTTP 200 254769
SYNONYMER_SE_ENDAST_ANVANDARBIDRAG ekolod
WIKTIONARY_HAMTAD ekolod HTTP 200 860
UPPSLAGSORD ekolod traffar=saol,so
SVENSKA_SE_HAMTAD ektomi HTTP 200 8591
SYNONYMER_SE_HAMTAD ektomi HTTP 200 229914
WIKTIONARY_HAMTAD ektomi HTTP 200 398
UPPSLAGSORD ektomi traffar=saol,so
SVENSKA_SE_HAMTAD ekumenik HTTP 200 7326
SYNONYMER_SE_HAMTAD ekumenik HTTP 200 246315
WIKTIONARY_HAMTAD ekumenik HTTP 200 764
UPPSLAGSORD ekumenik traffar=saol,so
SVENSKA_SE_HAMTAD ekvilibristik HTTP 200 5208
SYNONYMER_SE_HAMTAD ekvilibristik HTTP 200 240791
WIKTIONARY_HAMTAD ekvilibristik HTTP 200 398
UPPSLAGSORD ekvilibristik traffar=saol,so,saob
SVENSKA_SE_HAMTAD elan HTTP 200 7631
SYNONYMER_SE_HAMTAD elan HTTP 200 210880
WIKTIONARY_HAMTAD elan HTTP 200 398
UPPSLAGSORD elan traffar=INGEN
FRAS_UTAN_UPPSLAGSORD eld i berget! -- svenska.se-traffarna galler bestandsdelarna, inte frasen. Kastas.
SVENSKA_SE_HAMTAD eld i berget! HTTP 200 17682
SYNONYMER_SE_HAMTAD eld i berget! HTTP 200 187619
WIKTIONARY_HAMTAD eld i berget! HTTP 200 398
UPPSLAGSORD eld i berget! traffar=INGEN
SVENSKA_SE_HAMTAD elementa HTTP 200 7040
SYNONYMER_SE_HAMTAD elementa HTTP 200 254158
WIKTIONARY_HAMTAD elementa HTTP 200 398
UPPSLAGSORD elementa traffar=saol,so
SVENSKA_SE_HAMTAD elokvent HTTP 200 6873
SYNONYMER_SE_HAMTAD elokvent HTTP 200 240423
WIKTIONARY_HAMTAD elokvent HTTP 200 617
UPPSLAGSORD elokvent traffar=saol,so
SVENSKA_SE_HAMTAD eloxera HTTP 200 10105
SYNONYMER_SE_HAMTAD eloxera HTTP 200 251346
WIKTIONARY_HAMTAD eloxera HTTP 200 398
UPPSLAGSORD eloxera traffar=saol,so
SVENSKA_SE_HAMTAD eluera HTTP 200 10054
SYNONYMER_SE_HAMTAD eluera HTTP 200 251708
SYNONYMER_SE_ENDAST_ANVANDARBIDRAG eluera
WIKTIONARY_HAMTAD eluera HTTP 200 398
UPPSLAGSORD eluera traffar=saol,so
SVENSKA_SE_HAMTAD elusion HTTP 200 121680
SYNONYMER_SE_HAMTAD elusion HTTP 200 204096
WIKTIONARY_HAMTAD elusion HTTP 429 0
UPPSLAGSORD elusion traffar=INGEN
SVENSKA_SE_HAMTAD eluvial HTTP 200 5075
SYNONYMER_SE_HAMTAD eluvial HTTP 200 231909
WIKTIONARY_HAMTAD eluvial HTTP 429 0
UPPSLAGSORD eluvial traffar=saol,so,saob
SVENSKA_SE_HAMTAD eluvium HTTP 200 18166
SYNONYMER_SE_HAMTAD eluvium HTTP 200 204136
WIKTIONARY_HAMTAD eluvium HTTP 200 398
UPPSLAGSORD eluvium traffar=saob
SVENSKA_SE_HAMTAD emalj HTTP 200 6685
SYNONYMER_SE_HAMTAD emalj HTTP 200 266746
WIKTIONARY_HAMTAD emalj HTTP 200 985
UPPSLAGSORD emalj traffar=saol,so,saob
SVENSKA_SE_HAMTAD embryologi HTTP 200 4877
SYNONYMER_SE_HAMTAD embryologi HTTP 200 249266
WIKTIONARY_HAMTAD embryologi HTTP 200 1317
UPPSLAGSORD embryologi traffar=saol,so,saob
SVENSKA_SE_HAMTAD embryonisk HTTP 200 11101
SYNONYMER_SE_HAMTAD embryonisk HTTP 200 229352
WIKTIONARY_HAMTAD embryonisk HTTP 200 392
UPPSLAGSORD embryonisk traffar=saol,saob
SVENSKA_SE_HAMTAD emendation HTTP 200 6919
SYNONYMER_SE_HAMTAD emendation HTTP 200 255196
WIKTIONARY_HAMTAD emendation HTTP 200 398
UPPSLAGSORD emendation traffar=saol,so,saob
SVENSKA_SE_HAMTAD emerita HTTP 200 8878
SYNONYMER_SE_HAMTAD emerita HTTP 200 245824
WIKTIONARY_HAMTAD emerita HTTP 200 398
UPPSLAGSORD emerita traffar=saol,so
SVENSKA_SE_HAMTAD emfysem HTTP 200 5731
SYNONYMER_SE_HAMTAD emfysem HTTP 200 249979
WIKTIONARY_HAMTAD emfysem HTTP 200 398
UPPSLAGSORD emfysem traffar=saol,so,saob
SVENSKA_SE_HAMTAD emulgera HTTP 200 7764
SYNONYMER_SE_HAMTAD emulgera HTTP 200 257016
WIKTIONARY_HAMTAD emulgera HTTP 200 300
UPPSLAGSORD emulgera traffar=saol,so,saob
SVENSKA_SE_HAMTAD emulsion HTTP 200 6710
SYNONYMER_SE_HAMTAD emulsion HTTP 200 262948
WIKTIONARY_HAMTAD emulsion HTTP 200 494
UPPSLAGSORD emulsion traffar=saol,so,saob
FRAS_UTAN_UPPSLAGSORD en koloss på lerfötter -- svenska.se-traffarna galler bestandsdelarna, inte frasen. Kastas.
SVENSKA_SE_HAMTAD en koloss på lerfötter HTTP 200 17710
SYNONYMER_SE_HAMTAD en koloss på lerfötter HTTP 200 204762
WIKTIONARY_HAMTAD en koloss på lerfötter HTTP 200 398
UPPSLAGSORD en koloss på lerfötter traffar=INGEN
FRAS_UTAN_UPPSLAGSORD en orm i paradiset -- svenska.se-traffarna galler bestandsdelarna, inte frasen. Kastas.
SVENSKA_SE_HAMTAD en orm i paradiset HTTP 200 17712
SYNONYMER_SE_HAMTAD en orm i paradiset HTTP 200 204930
WIKTIONARY_HAMTAD en orm i paradiset HTTP 429 0
UPPSLAGSORD en orm i paradiset traffar=INGEN
FRAS_UTAN_UPPSLAGSORD en polsk riksdag -- svenska.se-traffarna galler bestandsdelarna, inte frasen. Kastas.
SVENSKA_SE_HAMTAD en polsk riksdag HTTP 200 17661
SYNONYMER_SE_HAMTAD en polsk riksdag HTTP 200 187939
WIKTIONARY_HAMTAD en polsk riksdag HTTP 429 0
UPPSLAGSORD en polsk riksdag traffar=INGEN
FRAS_UTAN_UPPSLAGSORD en vit fläck på kartan -- svenska.se-traffarna galler bestandsdelarna, inte frasen. Kastas.
SVENSKA_SE_HAMTAD en vit fläck på kartan HTTP 200 17737
SYNONYMER_SE_HAMTAD en vit fläck på kartan HTTP 200 204719
WIKTIONARY_HAMTAD en vit fläck på kartan HTTP 200 398
UPPSLAGSORD en vit fläck på kartan traffar=INGEN
SVENSKA_SE_HAMTAD en-tous-cas HTTP 200 19154
SYNONYMER_SE_HAMTAD en-tous-cas HTTP 200 188121
WIKTIONARY_HAMTAD en-tous-cas HTTP 200 398
UPPSLAGSORD en-tous-cas traffar=INGEN
SVENSKA_SE_HAMTAD enahanda HTTP 200 6666
SYNONYMER_SE_HAMTAD enahanda HTTP 200 241383
WIKTIONARY_HAMTAD enahanda HTTP 200 555
UPPSLAGSORD enahanda traffar=saol,so,saob
SVENSKA_SE_HAMTAD enaktare HTTP 200 5763
SYNONYMER_SE_HAMTAD enaktare HTTP 200 249369
WIKTIONARY_HAMTAD enaktare HTTP 200 398
UPPSLAGSORD enaktare traffar=saol,so,saob
SVENSKA_SE_HAMTAD encefalografi HTTP 200 10980
SYNONYMER_SE_HAMTAD encefalografi HTTP 200 234174
WIKTIONARY_HAMTAD encefalografi HTTP 200 398
UPPSLAGSORD encefalografi traffar=so
FRAS_UTAN_UPPSLAGSORD endera dagen -- svenska.se-traffarna galler bestandsdelarna, inte frasen. Kastas.
SVENSKA_SE_HAMTAD endera dagen HTTP 200 19409
SYNONYMER_SE_HAMTAD endera dagen HTTP 200 203990
WIKTIONARY_HAMTAD endera dagen HTTP 200 398
UPPSLAGSORD endera dagen traffar=INGEN
SVENSKA_SE_HAMTAD endiv HTTP 200 5445
SYNONYMER_SE_HAMTAD endiv HTTP 200 245866
WIKTIONARY_HAMTAD endiv HTTP 200 398
UPPSLAGSORD endiv traffar=saol,saob
SVENSKA_SE_HAMTAD endossat HTTP 200 18131
SYNONYMER_SE_HAMTAD endossat HTTP 200 204226
WIKTIONARY_HAMTAD endossat HTTP 200 325
UPPSLAGSORD endossat traffar=saob
SVENSKA_SE_HAMTAD endotermisk HTTP 200 7296
SYNONYMER_SE_HAMTAD endotermisk HTTP 200 224419
WIKTIONARY_HAMTAD endotermisk HTTP 200 542
UPPSLAGSORD endotermisk traffar=saol,so
SVENSKA_SE_HAMTAD enklitisk HTTP 200 5488
SYNONYMER_SE_HAMTAD enklitisk HTTP 200 237820
WIKTIONARY_HAMTAD enklitisk HTTP 200 249
UPPSLAGSORD enklitisk traffar=saol,so,saob
FRAS_UTAN_UPPSLAGSORD enligt ngns förmenande -- svenska.se-traffarna galler bestandsdelarna, inte frasen. Kastas.
SVENSKA_SE_HAMTAD enligt ngns förmenande HTTP 200 17733
SYNONYMER_SE_HAMTAD enligt ngns förmenande HTTP 200 204799
WIKTIONARY_HAMTAD enligt ngns förmenande HTTP 429 0
UPPSLAGSORD enligt ngns förmenande traffar=INGEN
FRAS_UTAN_UPPSLAGSORD enligt/efter konstens alla regler -- svenska.se-traffarna galler bestandsdelarna, inte frasen. Kastas.
SVENSKA_SE_HAMTAD enligt/efter konstens alla regler HTTP 200 17796
SYNONYMER_SE_HAMTAD enligt/efter konstens alla regler HTTP 404 0
WIKTIONARY_HAMTAD enligt/efter konstens alla regler HTTP 429 0
UPPSLAGSORD enligt/efter konstens alla regler traffar=INGEN
SVENSKA_SE_HAMTAD enrollera HTTP 200 7934
SYNONYMER_SE_HAMTAD enrollera HTTP 200 265546
WIKTIONARY_HAMTAD enrollera HTTP 200 299
UPPSLAGSORD enrollera traffar=saol,so,saob
SVENSKA_SE_HAMTAD enständig HTTP 200 12126
SYNONYMER_SE_HAMTAD enständig HTTP 200 250542
WIKTIONARY_HAMTAD enständig HTTP 200 398
UPPSLAGSORD enständig traffar=saol,saob
SVENSKA_SE_HAMTAD entlediga HTTP 200 7623
SYNONYMER_SE_HAMTAD entlediga HTTP 200 268981
WIKTIONARY_HAMTAD entlediga HTTP 200 915
UPPSLAGSORD entlediga traffar=saol,so,saob
SVENSKA_SE_HAMTAD entresol HTTP 200 5984
SYNONYMER_SE_HAMTAD entresol HTTP 200 255023
WIKTIONARY_HAMTAD entresol HTTP 200 879
UPPSLAGSORD entresol traffar=saol,so,saob
SVENSKA_SE_HAMTAD enumeration HTTP 200 20074
SYNONYMER_SE_HAMTAD enumeration HTTP 200 224633
WIKTIONARY_HAMTAD enumeration HTTP 200 704
UPPSLAGSORD enumeration traffar=INGEN
FRAS_UTAN_UPPSLAGSORD envar blir salig på sin tro -- svenska.se-traffarna galler bestandsdelarna, inte frasen. Kastas.
SVENSKA_SE_HAMTAD envar blir salig på sin tro HTTP 200 17749
SYNONYMER_SE_HAMTAD envar blir salig på sin tro HTTP 200 187503
WIKTIONARY_HAMTAD envar blir salig på sin tro HTTP 200 398
UPPSLAGSORD envar blir salig på sin tro traffar=INGEN
FRAS_UTAN_UPPSLAGSORD envar blir salig på sin tro/fason -- svenska.se-traffarna galler bestandsdelarna, inte frasen. Kastas.
SVENSKA_SE_HAMTAD envar blir salig på sin tro/fason HTTP 200 7915
SYNONYMER_SE_HAMTAD envar blir salig på sin tro/fason HTTP 404 0
WIKTIONARY_HAMTAD envar blir salig på sin tro/fason HTTP 200 398
UPPSLAGSORD envar blir salig på sin tro/fason traffar=INGEN
SVENSKA_SE_HAMTAD envig HTTP 200 8254
SYNONYMER_SE_HAMTAD envig HTTP 200 274318
WIKTIONARY_HAMTAD envig HTTP 200 1914
UPPSLAGSORD envig traffar=saol,so,saob
SVENSKA_SE_HAMTAD eocen HTTP 200 8060
SYNONYMER_SE_HAMTAD eocen HTTP 200 231996
WIKTIONARY_HAMTAD eocen HTTP 200 703
UPPSLAGSORD eocen traffar=saol,so,saob
SVENSKA_SE_HAMTAD eolisk HTTP 200 6811
SYNONYMER_SE_HAMTAD eolisk HTTP 200 239085
WIKTIONARY_HAMTAD eolisk HTTP 200 597
UPPSLAGSORD eolisk traffar=saol,so,saob
SVENSKA_SE_HAMTAD eosin HTTP 200 7222
SYNONYMER_SE_HAMTAD eosin HTTP 200 218191
WIKTIONARY_HAMTAD eosin HTTP 429 0
UPPSLAGSORD eosin traffar=saol,so
SVENSKA_SE_HAMTAD epifyt HTTP 200 8243
SYNONYMER_SE_HAMTAD epifyt HTTP 200 247436
WIKTIONARY_HAMTAD epifyt HTTP 429 0
UPPSLAGSORD epifyt traffar=saol,so
SVENSKA_SE_HAMTAD epilera HTTP 200 10928
SYNONYMER_SE_HAMTAD epilera HTTP 200 241747
WIKTIONARY_HAMTAD epilera HTTP 200 415
UPPSLAGSORD epilera traffar=saol,so
SVENSKA_SE_HAMTAD epilering HTTP 200 13977
SYNONYMER_SE_HAMTAD epilering HTTP 200 233102
WIKTIONARY_HAMTAD epilering HTTP 200 226
UPPSLAGSORD epilering traffar=saol
SVENSKA_SE_HAMTAD epilog HTTP 200 7164
SYNONYMER_SE_HAMTAD epilog HTTP 200 271655
WIKTIONARY_HAMTAD epilog HTTP 200 668
UPPSLAGSORD epilog traffar=saol,so,saob
SVENSKA_SE_HAMTAD epistyl HTTP 200 14164
SYNONYMER_SE_HAMTAD epistyl HTTP 200 220858
WIKTIONARY_HAMTAD epistyl HTTP 200 398
UPPSLAGSORD epistyl traffar=so
SVENSKA_SE_HAMTAD epitet HTTP 200 7574
SYNONYMER_SE_HAMTAD epitet HTTP 200 263958
WIKTIONARY_HAMTAD epitet HTTP 200 531
UPPSLAGSORD epitet traffar=saol,so,saob
SVENSKA_SE_HAMTAD eponym HTTP 200 8079
SYNONYMER_SE_HAMTAD eponym HTTP 200 247522
WIKTIONARY_HAMTAD eponym HTTP 200 885
UPPSLAGSORD eponym traffar=saol,so
SVENSKA_SE_HAMTAD epoxi HTTP 200 7705
SYNONYMER_SE_HAMTAD epoxi HTTP 200 231103
WIKTIONARY_HAMTAD epoxi HTTP 200 518
UPPSLAGSORD epoxi traffar=saol,so
SVENSKA_SE_HAMTAD erinring HTTP 200 7158
SYNONYMER_SE_HAMTAD erinring HTTP 200 268300
WIKTIONARY_HAMTAD erinring HTTP 200 174
UPPSLAGSORD erinring traffar=saol,so,saob
SVENSKA_SE_HAMTAD erkännsam HTTP 200 4850
SYNONYMER_SE_HAMTAD erkännsam HTTP 200 245053
WIKTIONARY_HAMTAD erkännsam HTTP 200 398
UPPSLAGSORD erkännsam traffar=saol,so,saob
SVENSKA_SE_HAMTAD erotisk HTTP 200 6162
SYNONYMER_SE_HAMTAD erotisk HTTP 200 254722
WIKTIONARY_HAMTAD erotisk HTTP 200 927
UPPSLAGSORD erotisk traffar=saol,so,saob
SVENSKA_SE_HAMTAD erratum HTTP 200 108112
SYNONYMER_SE_HAMTAD erratum HTTP 200 236380
WIKTIONARY_HAMTAD erratum HTTP 429 0
UPPSLAGSORD erratum traffar=INGEN
SVENSKA_SE_HAMTAD escargot HTTP 200 19669
SYNONYMER_SE_HAMTAD escargot HTTP 200 226636
WIKTIONARY_HAMTAD escargot HTTP 429 0
UPPSLAGSORD escargot traffar=INGEN
SVENSKA_SE_HAMTAD eskalation HTTP 200 5325
SYNONYMER_SE_HAMTAD eskalation HTTP 200 249293
WIKTIONARY_HAMTAD eskalation HTTP 200 398
UPPSLAGSORD eskalation traffar=saol,so
SVENSKA_SE_HAMTAD eskarp HTTP 200 18513
SYNONYMER_SE_HAMTAD eskarp HTTP 200 227996
WIKTIONARY_HAMTAD eskarp HTTP 200 398
UPPSLAGSORD eskarp traffar=saob
SVENSKA_SE_HAMTAD esomoftast HTTP 200 4245
SYNONYMER_SE_HAMTAD esomoftast HTTP 200 238662
WIKTIONARY_HAMTAD esomoftast HTTP 200 398
UPPSLAGSORD esomoftast traffar=saol,so,saob
SVENSKA_SE_HAMTAD espadrill HTTP 200 6855
SYNONYMER_SE_HAMTAD espadrill HTTP 200 241965
WIKTIONARY_HAMTAD espadrill HTTP 200 184
UPPSLAGSORD espadrill traffar=saol,so
SVENSKA_SE_HAMTAD espri HTTP 200 7180
SYNONYMER_SE_HAMTAD espri HTTP 200 251416
WIKTIONARY_HAMTAD espri HTTP 200 746
UPPSLAGSORD espri traffar=saol,so,saob
SVENSKA_SE_HAMTAD estetik HTTP 200 6593
SYNONYMER_SE_HAMTAD estetik HTTP 200 256398
WIKTIONARY_HAMTAD estetik HTTP 200 728
UPPSLAGSORD estetik traffar=saol,so,saob
SVENSKA_SE_HAMTAD eternit HTTP 200 7354
SYNONYMER_SE_HAMTAD eternit HTTP 200 248994
SYNONYMER_SE_ENDAST_ANVANDARBIDRAG eternit
WIKTIONARY_HAMTAD eternit HTTP 200 398
UPPSLAGSORD eternit traffar=saol,so
SVENSKA_SE_HAMTAD etsare HTTP 200 12194
SYNONYMER_SE_HAMTAD etsare HTTP 200 254074
WIKTIONARY_HAMTAD etsare HTTP 200 398
UPPSLAGSORD etsare traffar=saol,saob
FRAS_UTAN_UPPSLAGSORD ett angenämt problem -- svenska.se-traffarna galler bestandsdelarna, inte frasen. Kastas.
SVENSKA_SE_HAMTAD ett angenämt problem HTTP 200 17677
SYNONYMER_SE_HAMTAD ett angenämt problem HTTP 200 187914
WIKTIONARY_HAMTAD ett angenämt problem HTTP 200 398
UPPSLAGSORD ett angenämt problem traffar=INGEN
FRAS_UTAN_UPPSLAGSORD ett batteri (av) -- svenska.se-traffarna galler bestandsdelarna, inte frasen. Kastas.
SVENSKA_SE_HAMTAD ett batteri (av) HTTP 200 17643
SYNONYMER_SE_HAMTAD ett batteri (av) HTTP 200 204431
WIKTIONARY_HAMTAD ett batteri (av) HTTP 200 398
UPPSLAGSORD ett batteri (av) traffar=INGEN
FRAS_UTAN_UPPSLAGSORD ett kok stryk -- svenska.se-traffarna galler bestandsdelarna, inte frasen. Kastas.
SVENSKA_SE_HAMTAD ett kok stryk HTTP 200 17691
SYNONYMER_SE_HAMTAD ett kok stryk HTTP 200 188175
WIKTIONARY_HAMTAD ett kok stryk HTTP 429 0
UPPSLAGSORD ett kok stryk traffar=INGEN
FRAS_UTAN_UPPSLAGSORD ett strå vassare -- svenska.se-traffarna galler bestandsdelarna, inte frasen. Kastas.
SVENSKA_SE_HAMTAD ett strå vassare HTTP 200 17658
SYNONYMER_SE_HAMTAD ett strå vassare HTTP 200 229991
SYNONYMER_SE_ENDAST_ANVANDARBIDRAG ett strå vassare
WIKTIONARY_HAMTAD ett strå vassare HTTP 429 0
UPPSLAGSORD ett strå vassare traffar=INGEN
SVENSKA_SE_HAMTAD etyd HTTP 200 6322
SYNONYMER_SE_HAMTAD etyd HTTP 200 249075
WIKTIONARY_HAMTAD etyd HTTP 200 763
UPPSLAGSORD etyd traffar=saol,so,saob
SVENSKA_SE_HAMTAD eufemism HTTP 200 6347
SYNONYMER_SE_HAMTAD eufemism HTTP 200 256856
WIKTIONARY_HAMTAD eufemism HTTP 200 2635
UPPSLAGSORD eufemism traffar=saol,so,saob
SVENSKA_SE_HAMTAD eufonisk HTTP 200 11474
SYNONYMER_SE_HAMTAD eufonisk HTTP 200 225981
WIKTIONARY_HAMTAD eufonisk HTTP 200 475
UPPSLAGSORD eufonisk traffar=saol,saob
SVENSKA_SE_HAMTAD eutrof HTTP 200 7444
SYNONYMER_SE_HAMTAD eutrof HTTP 200 246248
WIKTIONARY_HAMTAD eutrof HTTP 200 398
UPPSLAGSORD eutrof traffar=saol,so
SVENSKA_SE_HAMTAD evart HTTP 200 18464
SYNONYMER_SE_HAMTAD evart HTTP 200 218791
WIKTIONARY_HAMTAD evart HTTP 200 225
UPPSLAGSORD evart traffar=saob
SVENSKA_SE_HAMTAD evidensbaserad HTTP 200 4951
SYNONYMER_SE_HAMTAD evidensbaserad HTTP 200 233724
WIKTIONARY_HAMTAD evidensbaserad HTTP 200 398
UPPSLAGSORD evidensbaserad traffar=saol,so
SVENSKA_SE_HAMTAD evinnerlig HTTP 200 5460
SYNONYMER_SE_HAMTAD evinnerlig HTTP 200 272209
WIKTIONARY_HAMTAD evinnerlig HTTP 200 740
UPPSLAGSORD evinnerlig traffar=saol,so,saob
FRAS_UTAN_UPPSLAGSORD exekutiv auktion -- svenska.se-traffarna galler bestandsdelarna, inte frasen. Kastas.
SVENSKA_SE_HAMTAD exekutiv auktion HTTP 200 15980
SYNONYMER_SE_HAMTAD exekutiv auktion HTTP 200 187547
WIKTIONARY_HAMTAD exekutiv auktion HTTP 200 574
UPPSLAGSORD exekutiv auktion traffar=INGEN
SVENSKA_SE_HAMTAD exklamation HTTP 200 5937
SYNONYMER_SE_HAMTAD exklamation HTTP 200 229537
WIKTIONARY_HAMTAD exklamation HTTP 200 398
UPPSLAGSORD exklamation traffar=saol,so,saob
SVENSKA_SE_HAMTAD exotermisk HTTP 200 7460
SYNONYMER_SE_HAMTAD exotermisk HTTP 200 226839
WIKTIONARY_HAMTAD exotermisk HTTP 200 498
UPPSLAGSORD exotermisk traffar=saol,so
SVENSKA_SE_HAMTAD explikation HTTP 200 7077
SYNONYMER_SE_HAMTAD explikation HTTP 200 246054
WIKTIONARY_HAMTAD explikation HTTP 429 0
UPPSLAGSORD explikation traffar=saol,so,saob
SVENSKA_SE_HAMTAD exposé HTTP 200 6754
SYNONYMER_SE_HAMTAD exposé HTTP 200 247331
WIKTIONARY_HAMTAD exposé HTTP 429 0
UPPSLAGSORD exposé traffar=saol,so,saob
SVENSKA_SE_HAMTAD expropriera HTTP 200 8489
SYNONYMER_SE_HAMTAD expropriera HTTP 200 252500
WIKTIONARY_HAMTAD expropriera HTTP 200 435
UPPSLAGSORD expropriera traffar=saol,so,saob
SVENSKA_SE_HAMTAD exsickat HTTP 200 5742
SYNONYMER_SE_HAMTAD exsickat HTTP 200 234941
WIKTIONARY_HAMTAD exsickat HTTP 200 398
UPPSLAGSORD exsickat traffar=saol,so,saob
SVENSKA_SE_HAMTAD extempore HTTP 200 4251
SYNONYMER_SE_HAMTAD extempore HTTP 200 241358
WIKTIONARY_HAMTAD extempore HTTP 200 398
UPPSLAGSORD extempore traffar=saol,so,saob
SVENSKA_SE_HAMTAD extrakt HTTP 200 6867
SYNONYMER_SE_HAMTAD extrakt HTTP 200 269578
WIKTIONARY_HAMTAD extrakt HTTP 200 560
UPPSLAGSORD extrakt traffar=saol,so,saob
SVENSKA_SE_HAMTAD extramural HTTP 200 7054
SYNONYMER_SE_HAMTAD extramural HTTP 200 234396
WIKTIONARY_HAMTAD extramural HTTP 200 856
UPPSLAGSORD extramural traffar=saol,so
SVENSKA_SE_HAMTAD extravagant HTTP 200 7721
SYNONYMER_SE_HAMTAD extravagant HTTP 200 248970
WIKTIONARY_HAMTAD extravagant HTTP 200 990
UPPSLAGSORD extravagant traffar=saol,so,saob
SVENSKA_SE_HAMTAD extremiteter HTTP 200 7651
SYNONYMER_SE_HAMTAD extremiteter HTTP 200 249899
WIKTIONARY_HAMTAD extremiteter HTTP 200 173
UPPSLAGSORD extremiteter traffar=INGEN
SVENSKA_SE_HAMTAD exulant HTTP 200 2716
SYNONYMER_SE_HAMTAD exulant HTTP 200 203932
WIKTIONARY_HAMTAD exulant HTTP 200 398
UPPSLAGSORD exulant traffar=saob
SVENSKA_SE_HAMTAD fabla HTTP 200 12185
SYNONYMER_SE_HAMTAD fabla HTTP 200 247192
WIKTIONARY_HAMTAD fabla HTTP 200 398
UPPSLAGSORD fabla traffar=saol,saob
SVENSKA_SE_HAMTAD faciliteter HTTP 200 7920
SYNONYMER_SE_HAMTAD faciliteter HTTP 200 257301
WIKTIONARY_HAMTAD faciliteter HTTP 200 170
UPPSLAGSORD faciliteter traffar=INGEN
SVENSKA_SE_HAMTAD fackverk HTTP 200 6738
SYNONYMER_SE_HAMTAD fackverk HTTP 200 251026
WIKTIONARY_HAMTAD fackverk HTTP 429 0
UPPSLAGSORD fackverk traffar=saol,so,saob
FRAS_UTAN_UPPSLAGSORD fagra ord -- svenska.se-traffarna galler bestandsdelarna, inte frasen. Kastas.
SVENSKA_SE_HAMTAD fagra ord HTTP 200 19783
SYNONYMER_SE_HAMTAD fagra ord HTTP 200 187264
WIKTIONARY_HAMTAD fagra ord HTTP 429 0
UPPSLAGSORD fagra ord traffar=INGEN
SVENSKA_SE_HAMTAD fahrenheit HTTP 200 13433
SYNONYMER_SE_HAMTAD fahrenheit HTTP 200 229625
WIKTIONARY_HAMTAD fahrenheit HTTP 200 398
UPPSLAGSORD fahrenheit traffar=so
SVENSKA_SE_HAMTAD fajans HTTP 200 6291
SYNONYMER_SE_HAMTAD fajans HTTP 200 255566
WIKTIONARY_HAMTAD fajans HTTP 200 878
UPPSLAGSORD fajans traffar=saol,so,saob
SVENSKA_SE_HAMTAD faktori HTTP 200 12280
SYNONYMER_SE_HAMTAD faktori HTTP 200 249639
WIKTIONARY_HAMTAD faktori HTTP 200 448
UPPSLAGSORD faktori traffar=saol,saob
SVENSKA_SE_HAMTAD falerner HTTP 200 18043
SYNONYMER_SE_HAMTAD falerner HTTP 200 203987
WIKTIONARY_HAMTAD falerner HTTP 200 398
UPPSLAGSORD falerner traffar=saob
FRAS_UTAN_UPPSLAGSORD falla mellan två stolar -- svenska.se-traffarna galler bestandsdelarna, inte frasen. Kastas.
SVENSKA_SE_HAMTAD falla mellan två stolar HTTP 200 17735
SYNONYMER_SE_HAMTAD falla mellan två stolar HTTP 200 204465
WIKTIONARY_HAMTAD falla mellan två stolar HTTP 200 398
UPPSLAGSORD falla mellan två stolar traffar=INGEN
FRAS_UTAN_UPPSLAGSORD falla ngn i talet -- svenska.se-traffarna galler bestandsdelarna, inte frasen. Kastas.
SVENSKA_SE_HAMTAD falla ngn i talet HTTP 200 17717
SYNONYMER_SE_HAMTAD falla ngn i talet HTTP 200 204337
WIKTIONARY_HAMTAD falla ngn i talet HTTP 200 400
UPPSLAGSORD falla ngn i talet traffar=INGEN
FRAS_UTAN_UPPSLAGSORD falla på eget grepp -- svenska.se-traffarna galler bestandsdelarna, inte frasen. Kastas.
SVENSKA_SE_HAMTAD falla på eget grepp HTTP 200 17721
SYNONYMER_SE_HAMTAD falla på eget grepp HTTP 200 187789
WIKTIONARY_HAMTAD falla på eget grepp HTTP 200 398
UPPSLAGSORD falla på eget grepp traffar=INGEN
FRAS_UTAN_UPPSLAGSORD falla på hälleberget -- svenska.se-traffarna galler bestandsdelarna, inte frasen. Kastas.
SVENSKA_SE_HAMTAD falla på hälleberget HTTP 200 17652
SYNONYMER_SE_HAMTAD falla på hälleberget HTTP 200 204276
WIKTIONARY_HAMTAD falla på hälleberget HTTP 200 398
UPPSLAGSORD falla på hälleberget traffar=INGEN
SVENSKA_SE_HAMTAD fallbila HTTP 200 6158
SYNONYMER_SE_HAMTAD fallbila HTTP 200 245336
WIKTIONARY_HAMTAD fallbila HTTP 200 502
UPPSLAGSORD fallbila traffar=saol,so,saob
SVENSKA_SE_HAMTAD falsett HTTP 200 6136
SYNONYMER_SE_HAMTAD falsett HTTP 200 262227
WIKTIONARY_HAMTAD falsett HTTP 200 445
UPPSLAGSORD falsett traffar=saol,so,saob
SVENSKA_SE_HAMTAD falskspelare HTTP 200 9171
SYNONYMER_SE_HAMTAD falskspelare HTTP 200 246930
WIKTIONARY_HAMTAD falskspelare HTTP 429 0
UPPSLAGSORD falskspelare traffar=saol,saob
FRAS_UTAN_UPPSLAGSORD fan och hans moster -- svenska.se-traffarna galler bestandsdelarna, inte frasen. Kastas.
SVENSKA_SE_HAMTAD fan och hans moster HTTP 200 17725
SYNONYMER_SE_HAMTAD fan och hans moster HTTP 200 204055
WIKTIONARY_HAMTAD fan och hans moster HTTP 429 0
UPPSLAGSORD fan och hans moster traffar=INGEN
SVENSKA_SE_HAMTAD fanjunkare HTTP 200 7705
SYNONYMER_SE_HAMTAD fanjunkare HTTP 200 248365
WIKTIONARY_HAMTAD fanjunkare HTTP 200 1019
UPPSLAGSORD fanjunkare traffar=saol,so,saob
SVENSKA_SE_HAMTAD fantasteri HTTP 200 6083
SYNONYMER_SE_HAMTAD fantasteri HTTP 200 259808
WIKTIONARY_HAMTAD fantasteri HTTP 200 307
UPPSLAGSORD fantasteri traffar=saol,so,saob
SVENSKA_SE_HAMTAD fantomsmärta HTTP 200 5353
SYNONYMER_SE_HAMTAD fantomsmärta HTTP 200 240310
WIKTIONARY_HAMTAD fantomsmärta HTTP 200 1245
UPPSLAGSORD fantomsmärta traffar=saol,so
SVENSKA_SE_HAMTAD fanér HTTP 200 6167
SYNONYMER_SE_HAMTAD fanér HTTP 200 203937
WIKTIONARY_HAMTAD fanér HTTP 200 201
UPPSLAGSORD fanér traffar=INGEN
FRAS_UTAN_UPPSLAGSORD fara (p)å färde -- svenska.se-traffarna galler bestandsdelarna, inte frasen. Kastas.
SVENSKA_SE_HAMTAD fara (p)å färde HTTP 200 17712
SYNONYMER_SE_HAMTAD fara (p)å färde HTTP 200 204090
WIKTIONARY_HAMTAD fara (p)å färde HTTP 200 398
UPPSLAGSORD fara (p)å färde traffar=INGEN
SVENSKA_SE_HAMTAD farad HTTP 200 4553
SYNONYMER_SE_HAMTAD farad HTTP 200 219080
WIKTIONARY_HAMTAD farad HTTP 200 959
UPPSLAGSORD farad traffar=saol,so,saob
FRAS_UTAN_UPPSLAGSORD farfars moster -- svenska.se-traffarna galler bestandsdelarna, inte frasen. Kastas.
SVENSKA_SE_HAMTAD farfars moster HTTP 200 19130
SYNONYMER_SE_HAMTAD farfars moster HTTP 200 203994
WIKTIONARY_HAMTAD farfars moster HTTP 200 398
UPPSLAGSORD farfars moster traffar=INGEN
SVENSKA_SE_HAMTAD farin HTTP 200 5483
SYNONYMER_SE_HAMTAD farin HTTP 200 242965
WIKTIONARY_HAMTAD farin HTTP 200 510
UPPSLAGSORD farin traffar=saol,so,saob
SVENSKA_SE_HAMTAD farmaci HTTP 200 5034
SYNONYMER_SE_HAMTAD farmaci HTTP 200 247845
WIKTIONARY_HAMTAD farmaci HTTP 200 1246
UPPSLAGSORD farmaci traffar=saol,so,saob
SVENSKA_SE_HAMTAD fars HTTP 200 31513
SYNONYMER_SE_HAMTAD fars HTTP 200 266227
WIKTIONARY_HAMTAD fars HTTP 200 1147
UPPSLAGSORD fars traffar=saol,so,saob
SVENSKA_SE_HAMTAD faryngal HTTP 200 11363
SYNONYMER_SE_HAMTAD faryngal HTTP 200 231816
WIKTIONARY_HAMTAD faryngal HTTP 429 0
UPPSLAGSORD faryngal traffar=so,saob
SVENSKA_SE_HAMTAD fascikel HTTP 200 7220
SYNONYMER_SE_HAMTAD fascikel HTTP 200 253928
WIKTIONARY_HAMTAD fascikel HTTP 429 0
UPPSLAGSORD fascikel traffar=saob
SVENSKA_SE_HAMTAD fatabur HTTP 200 8602
SYNONYMER_SE_HAMTAD fatabur HTTP 200 271762
WIKTIONARY_HAMTAD fatabur HTTP 200 1075
UPPSLAGSORD fatabur traffar=saol,so,saob
FRAS_UTAN_UPPSLAGSORD faute / fåt -- svenska.se-traffarna galler bestandsdelarna, inte frasen. Kastas.
SVENSKA_SE_HAMTAD faute / fåt HTTP 200 17655
SYNONYMER_SE_HAMTAD faute / fåt HTTP 404 0
WIKTIONARY_HAMTAD faute / fåt HTTP 200 398
UPPSLAGSORD faute / fåt traffar=INGEN
SVENSKA_SE_HAMTAD federalism HTTP 200 5001
SYNONYMER_SE_HAMTAD federalism HTTP 200 244582
WIKTIONARY_HAMTAD federalism HTTP 200 1765
UPPSLAGSORD federalism traffar=saol,so,saob
SVENSKA_SE_HAMTAD felgrepp HTTP 200 6115
SYNONYMER_SE_HAMTAD felgrepp HTTP 200 255099
WIKTIONARY_HAMTAD felgrepp HTTP 200 398
UPPSLAGSORD felgrepp traffar=saol,so,saob
SVENSKA_SE_HAMTAD ferie HTTP 200 6978
SYNONYMER_SE_HAMTAD ferie HTTP 200 261017
WIKTIONARY_HAMTAD ferie HTTP 200 2331
UPPSLAGSORD ferie traffar=saol,so,saob
FRAS_UTAN_UPPSLAGSORD ferm /färm -- svenska.se-traffarna galler bestandsdelarna, inte frasen. Kastas.
SVENSKA_SE_HAMTAD ferm /färm HTTP 200 19694
SYNONYMER_SE_HAMTAD ferm /färm HTTP 404 0
WIKTIONARY_HAMTAD ferm /färm HTTP 200 398
UPPSLAGSORD ferm /färm traffar=INGEN
SVENSKA_SE_HAMTAD fermat HTTP 200 7314
SYNONYMER_SE_HAMTAD fermat HTTP 200 244759
WIKTIONARY_HAMTAD fermat HTTP 200 338
UPPSLAGSORD fermat traffar=saol,so,saob
SVENSKA_SE_HAMTAD feromon HTTP 200 8296
SYNONYMER_SE_HAMTAD feromon HTTP 200 246791
WIKTIONARY_HAMTAD feromon HTTP 200 815
UPPSLAGSORD feromon traffar=saol,so
SVENSKA_SE_HAMTAD feromoner HTTP 200 7822
SYNONYMER_SE_HAMTAD feromoner HTTP 200 246831
WIKTIONARY_HAMTAD feromoner HTTP 200 398
UPPSLAGSORD feromoner traffar=INGEN
SVENSKA_SE_HAMTAD ferrit HTTP 200 6870
SYNONYMER_SE_HAMTAD ferrit HTTP 200 246527
WIKTIONARY_HAMTAD ferrit HTTP 200 486
UPPSLAGSORD ferrit traffar=saol,so,saob
SVENSKA_SE_HAMTAD fetischism HTTP 200 5219
SYNONYMER_SE_HAMTAD fetischism HTTP 200 246740
WIKTIONARY_HAMTAD fetischism HTTP 429 0
UPPSLAGSORD fetischism traffar=saol,so,saob
SVENSKA_SE_HAMTAD fez HTTP 200 5965
SYNONYMER_SE_HAMTAD fez HTTP 200 242177
WIKTIONARY_HAMTAD fez HTTP 429 0
UPPSLAGSORD fez traffar=saol,so,saob
SVENSKA_SE_HAMTAD fibrig HTTP 200 5219
SYNONYMER_SE_HAMTAD fibrig HTTP 200 236402
WIKTIONARY_HAMTAD fibrig HTTP 200 398
UPPSLAGSORD fibrig traffar=saol,so,saob
SVENSKA_SE_HAMTAD fibrill HTTP 200 6046
SYNONYMER_SE_HAMTAD fibrill HTTP 200 250520
WIKTIONARY_HAMTAD fibrill HTTP 200 398
UPPSLAGSORD fibrill traffar=saol,so,saob
SVENSKA_SE_HAMTAD fibrin HTTP 200 6337
SYNONYMER_SE_HAMTAD fibrin HTTP 200 250228
WIKTIONARY_HAMTAD fibrin HTTP 200 613
UPPSLAGSORD fibrin traffar=saol,so,saob
SVENSKA_SE_HAMTAD fibromyalgi HTTP 200 4512
SYNONYMER_SE_HAMTAD fibromyalgi HTTP 200 245379
WIKTIONARY_HAMTAD fibromyalgi HTTP 200 444
UPPSLAGSORD fibromyalgi traffar=saol,so
SVENSKA_SE_HAMTAD fideikommiss HTTP 200 6053
SYNONYMER_SE_HAMTAD fideikommiss HTTP 200 250548
WIKTIONARY_HAMTAD fideikommiss HTTP 200 1006
UPPSLAGSORD fideikommiss traffar=saol,so,saob
SVENSKA_SE_HAMTAD fidejkomiss HTTP 200 19163
SYNONYMER_SE_HAMTAD fidejkomiss HTTP 200 203895
WIKTIONARY_HAMTAD fidejkomiss HTTP 200 398
UPPSLAGSORD fidejkomiss traffar=INGEN
SVENSKA_SE_HAMTAD fikonspråk HTTP 200 5147
SYNONYMER_SE_HAMTAD fikonspråk HTTP 200 260274
WIKTIONARY_HAMTAD fikonspråk HTTP 200 422
UPPSLAGSORD fikonspråk traffar=saol,so,saob
SVENSKA_SE_HAMTAD filera HTTP 200 19223
SYNONYMER_SE_HAMTAD filera HTTP 200 204088
WIKTIONARY_HAMTAD filera HTTP 200 398
UPPSLAGSORD filera traffar=saob
SVENSKA_SE_HAMTAD filharmoniker HTTP 200 7480
SYNONYMER_SE_HAMTAD filharmoniker HTTP 200 253899
WIKTIONARY_HAMTAD filharmoniker HTTP 200 484
UPPSLAGSORD filharmoniker traffar=saol,so
SVENSKA_SE_HAMTAD filia HTTP 200 145832
SYNONYMER_SE_HAMTAD filia HTTP 200 203681
WIKTIONARY_HAMTAD filia HTTP 200 317
UPPSLAGSORD filia traffar=INGEN
SVENSKA_SE_HAMTAD filklove HTTP 200 6283
SYNONYMER_SE_HAMTAD filklove HTTP 200 236006
WIKTIONARY_HAMTAD filklove HTTP 429 0
UPPSLAGSORD filklove traffar=saol,so,saob
SVENSKA_SE_HAMTAD filolog HTTP 200 6461
SYNONYMER_SE_HAMTAD filolog HTTP 200 267385
WIKTIONARY_HAMTAD filolog HTTP 429 0
UPPSLAGSORD filolog traffar=saol,so,saob
SVENSKA_SE_HAMTAD fingervisning HTTP 200 6102
SYNONYMER_SE_HAMTAD fingervisning HTTP 200 255550
WIKTIONARY_HAMTAD fingervisning HTTP 200 430
UPPSLAGSORD fingervisning traffar=saol,so,saob
SVENSKA_SE_HAMTAD finlemmad HTTP 200 4643
SYNONYMER_SE_HAMTAD finlemmad HTTP 200 238612
WIKTIONARY_HAMTAD finlemmad HTTP 200 398
UPPSLAGSORD finlemmad traffar=saol,so,saob
SVENSKA_SE_HAMTAD finlir HTTP 200 7783
SYNONYMER_SE_HAMTAD finlir HTTP 200 248171
SYNONYMER_SE_ENDAST_ANVANDARBIDRAG finlir
WIKTIONARY_HAMTAD finlir HTTP 200 822
UPPSLAGSORD finlir traffar=saol,so
FRAS_UTAN_UPPSLAGSORD finna för gott att -- svenska.se-traffarna galler bestandsdelarna, inte frasen. Kastas.
SVENSKA_SE_HAMTAD finna för gott att HTTP 200 17677
SYNONYMER_SE_HAMTAD finna för gott att HTTP 200 187962
WIKTIONARY_HAMTAD finna för gott att HTTP 200 398
UPPSLAGSORD finna för gott att traffar=INGEN
FRAS_UTAN_UPPSLAGSORD finna sig i -- svenska.se-traffarna galler bestandsdelarna, inte frasen. Kastas.
SVENSKA_SE_HAMTAD finna sig i HTTP 200 19176
SYNONYMER_SE_HAMTAD finna sig i HTTP 200 232695
WIKTIONARY_HAMTAD finna sig i HTTP 200 400
UPPSLAGSORD finna sig i traffar=INGEN
SVENSKA_SE_HAMTAD finna ut HTTP 200 18115
SYNONYMER_SE_HAMTAD finna ut HTTP 200 187429
WIKTIONARY_HAMTAD finna ut HTTP 200 398
UPPSLAGSORD finna ut traffar=saob
SVENSKA_SE_HAMTAD finstilt HTTP 200 5239
SYNONYMER_SE_HAMTAD finstilt HTTP 200 235372
WIKTIONARY_HAMTAD finstilt HTTP 200 1216
UPPSLAGSORD finstilt traffar=saol,so,saob
SVENSKA_SE_HAMTAD finstämd HTTP 200 7564
SYNONYMER_SE_HAMTAD finstämd HTTP 200 247799
WIKTIONARY_HAMTAD finstämd HTTP 200 398
UPPSLAGSORD finstämd traffar=saol,so
SVENSKA_SE_HAMTAD finurlig HTTP 200 7018
SYNONYMER_SE_HAMTAD finurlig HTTP 200 258928
WIKTIONARY_HAMTAD finurlig HTTP 200 609
UPPSLAGSORD finurlig traffar=saol,so,saob
SVENSKA_SE_HAMTAD fioritur HTTP 200 7505
SYNONYMER_SE_HAMTAD fioritur HTTP 200 239320
WIKTIONARY_HAMTAD fioritur HTTP 200 398
UPPSLAGSORD fioritur traffar=saol,so
FRAS_UTAN_UPPSLAGSORD fiska i grumligt vatten -- svenska.se-traffarna galler bestandsdelarna, inte frasen. Kastas.
SVENSKA_SE_HAMTAD fiska i grumligt vatten HTTP 200 17736
SYNONYMER_SE_HAMTAD fiska i grumligt vatten HTTP 200 187868
WIKTIONARY_HAMTAD fiska i grumligt vatten HTTP 429 0
UPPSLAGSORD fiska i grumligt vatten traffar=INGEN
SVENSKA_SE_HAMTAD fistel HTTP 200 7729
SYNONYMER_SE_HAMTAD fistel HTTP 200 275005
WIKTIONARY_HAMTAD fistel HTTP 429 0
UPPSLAGSORD fistel traffar=saol,so,saob
SVENSKA_SE_HAMTAD fjording HTTP 200 8592
SYNONYMER_SE_HAMTAD fjording HTTP 200 250157
WIKTIONARY_HAMTAD fjording HTTP 200 278
UPPSLAGSORD fjording traffar=saol,so
FRAS_UTAN_UPPSLAGSORD fjäder i hatten -- svenska.se-traffarna galler bestandsdelarna, inte frasen. Kastas.
SVENSKA_SE_HAMTAD fjäder i hatten HTTP 200 18705
SYNONYMER_SE_HAMTAD fjäder i hatten HTTP 200 224700
WIKTIONARY_HAMTAD fjäder i hatten HTTP 200 398
UPPSLAGSORD fjäder i hatten traffar=INGEN
SVENSKA_SE_HAMTAD fjär HTTP 200 6691
SYNONYMER_SE_HAMTAD fjär HTTP 200 241269
WIKTIONARY_HAMTAD fjär HTTP 200 286
UPPSLAGSORD fjär traffar=saol,so,saob
SVENSKA_SE_HAMTAD flaggskepp HTTP 200 6047
SYNONYMER_SE_HAMTAD flaggskepp HTTP 200 257495
WIKTIONARY_HAMTAD flaggskepp HTTP 200 1223
UPPSLAGSORD flaggskepp traffar=saol,so,saob
FRAS_UTAN_UPPSLAGSORD flaggskepp i en samling -- svenska.se-traffarna galler bestandsdelarna, inte frasen. Kastas.
SVENSKA_SE_HAMTAD flaggskepp i en samling HTTP 200 17735
SYNONYMER_SE_HAMTAD flaggskepp i en samling HTTP 200 187733
WIKTIONARY_HAMTAD flaggskepp i en samling HTTP 200 398
UPPSLAGSORD flaggskepp i en samling traffar=INGEN
SVENSKA_SE_HAMTAD flamenco HTTP 200 7722
SYNONYMER_SE_HAMTAD flamenco HTTP 200 252717
WIKTIONARY_HAMTAD flamenco HTTP 200 1604
UPPSLAGSORD flamenco traffar=saol,so
SVENSKA_SE_HAMTAD flamingo HTTP 200 6565
SYNONYMER_SE_HAMTAD flamingo HTTP 200 252116
WIKTIONARY_HAMTAD flamingo HTTP 200 2241
UPPSLAGSORD flamingo traffar=saol,so,saob
SVENSKA_SE_HAMTAD flark HTTP 200 6186
SYNONYMER_SE_HAMTAD flark HTTP 200 247948
SYNONYMER_SE_ENDAST_ANVANDARBIDRAG flark
WIKTIONARY_HAMTAD flark HTTP 200 835
UPPSLAGSORD flark traffar=saol,so,saob
SVENSKA_SE_HAMTAD flash-back HTTP 200 19721
SYNONYMER_SE_HAMTAD flash-back HTTP 200 203494
WIKTIONARY_HAMTAD flash-back HTTP 200 398
UPPSLAGSORD flash-back traffar=INGEN
FRAS_UTAN_UPPSLAGSORD flexion / flektion -- svenska.se-traffarna galler bestandsdelarna, inte frasen. Kastas.
SVENSKA_SE_HAMTAD flexion / flektion HTTP 200 17713
SYNONYMER_SE_HAMTAD flexion / flektion HTTP 404 0
WIKTIONARY_HAMTAD flexion / flektion HTTP 200 398
UPPSLAGSORD flexion / flektion traffar=INGEN
SVENSKA_SE_HAMTAD florshuva HTTP 200 17875
SYNONYMER_SE_HAMTAD florshuva HTTP 200 236409
WIKTIONARY_HAMTAD florshuva HTTP 429 0
UPPSLAGSORD florshuva traffar=saob
SVENSKA_SE_HAMTAD florstunn HTTP 200 6432
SYNONYMER_SE_HAMTAD florstunn HTTP 200 233598
WIKTIONARY_HAMTAD florstunn HTTP 429 0
UPPSLAGSORD florstunn traffar=saol,saob
SVENSKA_SE_HAMTAD flugig HTTP 200 11780
SYNONYMER_SE_HAMTAD flugig HTTP 200 231786
WIKTIONARY_HAMTAD flugig HTTP 200 398
UPPSLAGSORD flugig traffar=saol,saob
SVENSKA_SE_HAMTAD fluorescens HTTP 200 6100
SYNONYMER_SE_HAMTAD fluorescens HTTP 200 245184
WIKTIONARY_HAMTAD fluorescens HTTP 200 979
UPPSLAGSORD fluorescens traffar=saol,so,saob
SVENSKA_SE_HAMTAD fluorescera HTTP 200 8361
SYNONYMER_SE_HAMTAD fluorescera HTTP 200 256733
WIKTIONARY_HAMTAD fluorescera HTTP 200 441
UPPSLAGSORD fluorescera traffar=saol,so,saob
SVENSKA_SE_HAMTAD flängd HTTP 200 14178
SYNONYMER_SE_HAMTAD flängd HTTP 200 215444
WIKTIONARY_HAMTAD flängd HTTP 200 398
UPPSLAGSORD flängd traffar=so
SVENSKA_SE_HAMTAD flänsa HTTP 200 8766
SYNONYMER_SE_HAMTAD flänsa HTTP 200 259868
WIKTIONARY_HAMTAD flänsa HTTP 200 296
UPPSLAGSORD flänsa traffar=saol,so,saob
SVENSKA_SE_HAMTAD fläsklägg HTTP 200 5629
SYNONYMER_SE_HAMTAD fläsklägg HTTP 200 250168
WIKTIONARY_HAMTAD fläsklägg HTTP 200 472
UPPSLAGSORD fläsklägg traffar=saol,so,saob
SVENSKA_SE_HAMTAD flåsig HTTP 200 8571
SYNONYMER_SE_HAMTAD flåsig HTTP 200 256842
WIKTIONARY_HAMTAD flåsig HTTP 200 398
UPPSLAGSORD flåsig traffar=saol,so
SVENSKA_SE_HAMTAD fnas HTTP 200 5128
SYNONYMER_SE_HAMTAD fnas HTTP 200 254913
WIKTIONARY_HAMTAD fnas HTTP 200 398
UPPSLAGSORD fnas traffar=saol,so,saob
SVENSKA_SE_HAMTAD fog HTTP 200 10912
SYNONYMER_SE_HAMTAD fog HTTP 200 297001
WIKTIONARY_HAMTAD fog HTTP 200 1440
UPPSLAGSORD fog traffar=saol,so,saob
SVENSKA_SE_HAMTAD foglig HTTP 200 7778
SYNONYMER_SE_HAMTAD foglig HTTP 200 263156
WIKTIONARY_HAMTAD foglig HTTP 200 809
UPPSLAGSORD foglig traffar=saol,so,saob
SVENSKA_SE_HAMTAD foliant HTTP 200 5699
SYNONYMER_SE_HAMTAD foliant HTTP 200 261328
WIKTIONARY_HAMTAD foliant HTTP 429 0
UPPSLAGSORD foliant traffar=saol,so,saob
SVENSKA_SE_HAMTAD folklig HTTP 200 7543
SYNONYMER_SE_HAMTAD folklig HTTP 200 256203
WIKTIONARY_HAMTAD folklig HTTP 429 0
UPPSLAGSORD folklig traffar=saol,so,saob
SVENSKA_SE_HAMTAD follikel HTTP 200 5621
SYNONYMER_SE_HAMTAD follikel HTTP 200 250655
WIKTIONARY_HAMTAD follikel HTTP 200 1495
UPPSLAGSORD follikel traffar=saol,so,saob
SVENSKA_SE_HAMTAD fondue HTTP 200 7826
SYNONYMER_SE_HAMTAD fondue HTTP 200 251323
WIKTIONARY_HAMTAD fondue HTTP 200 317
UPPSLAGSORD fondue traffar=saol,so
SVENSKA_SE_HAMTAD foniatrik HTTP 200 6691
SYNONYMER_SE_HAMTAD foniatrik HTTP 200 232112
WIKTIONARY_HAMTAD foniatrik HTTP 200 398
UPPSLAGSORD foniatrik traffar=saol,so
SVENSKA_SE_HAMTAD fontanell HTTP 200 5900
SYNONYMER_SE_HAMTAD fontanell HTTP 200 255384
WIKTIONARY_HAMTAD fontanell HTTP 200 450
UPPSLAGSORD fontanell traffar=saol,so,saob
SVENSKA_SE_HAMTAD fordom HTTP 200 4590
SYNONYMER_SE_HAMTAD fordom HTTP 200 269407
WIKTIONARY_HAMTAD fordom HTTP 200 1359
UPPSLAGSORD fordom traffar=saol,so,saob
SVENSKA_SE_HAMTAD forensisk HTTP 200 4824
SYNONYMER_SE_HAMTAD forensisk HTTP 200 247464
WIKTIONARY_HAMTAD forensisk HTTP 200 751
UPPSLAGSORD forensisk traffar=saol,so,saob
SVENSKA_SE_HAMTAD formatera HTTP 200 10127
SYNONYMER_SE_HAMTAD formatera HTTP 200 257886
WIKTIONARY_HAMTAD formatera HTTP 200 1325
UPPSLAGSORD formatera traffar=saol,so
SVENSKA_SE_HAMTAD formsak HTTP 200 6616
SYNONYMER_SE_HAMTAD formsak HTTP 200 246382
WIKTIONARY_HAMTAD formsak HTTP 200 398
UPPSLAGSORD formsak traffar=saol,so,saob
SVENSKA_SE_HAMTAD forsythia HTTP 200 7601
SYNONYMER_SE_HAMTAD forsythia HTTP 200 247906
WIKTIONARY_HAMTAD forsythia HTTP 200 1150
UPPSLAGSORD forsythia traffar=saol,so
SVENSKA_SE_HAMTAD fortis HTTP 200 5106
SYNONYMER_SE_HAMTAD fortis HTTP 200 219068
WIKTIONARY_HAMTAD fortis HTTP 200 398
UPPSLAGSORD fortis traffar=saol,so,saob
SVENSKA_SE_HAMTAD fortskridande HTTP 200 8349
SYNONYMER_SE_HAMTAD fortskridande HTTP 200 226595
WIKTIONARY_HAMTAD fortskridande HTTP 429 0
UPPSLAGSORD fortskridande traffar=INGEN
SVENSKA_SE_HAMTAD fortuna HTTP 200 4765
SYNONYMER_SE_HAMTAD fortuna HTTP 200 230368
WIKTIONARY_HAMTAD fortuna HTTP 429 0
UPPSLAGSORD fortuna traffar=saol,so,saob
SVENSKA_SE_HAMTAD fosforit HTTP 200 6083
SYNONYMER_SE_HAMTAD fosforit HTTP 200 238299
WIKTIONARY_HAMTAD fosforit HTTP 200 398
UPPSLAGSORD fosforit traffar=saol,so,saob
SVENSKA_SE_HAMTAD fosgen HTTP 200 7829
SYNONYMER_SE_HAMTAD fosgen HTTP 200 241866
WIKTIONARY_HAMTAD fosgen HTTP 200 479
UPPSLAGSORD fosgen traffar=saol,so
SVENSKA_SE_HAMTAD fossil HTTP 200 12100
SYNONYMER_SE_HAMTAD fossil HTTP 200 275482
WIKTIONARY_HAMTAD fossil HTTP 200 3680
UPPSLAGSORD fossil traffar=saol,so,saob
SVENSKA_SE_HAMTAD fotnot HTTP 200 6502
SYNONYMER_SE_HAMTAD fotnot HTTP 200 255752
WIKTIONARY_HAMTAD fotnot HTTP 200 2157
UPPSLAGSORD fotnot traffar=saol,so,saob
SVENSKA_SE_HAMTAD fotocell HTTP 200 7713
SYNONYMER_SE_HAMTAD fotocell HTTP 200 251926
WIKTIONARY_HAMTAD fotocell HTTP 200 268
UPPSLAGSORD fotocell traffar=saol,so
SVENSKA_SE_HAMTAD fotogenisk HTTP 200 6912
SYNONYMER_SE_HAMTAD fotogenisk HTTP 200 241307
WIKTIONARY_HAMTAD fotogenisk HTTP 200 1218
UPPSLAGSORD fotogenisk traffar=saol,so
SVENSKA_SE_HAMTAD frambrytande HTTP 200 12881
SYNONYMER_SE_HAMTAD frambrytande HTTP 200 232265
WIKTIONARY_HAMTAD frambrytande HTTP 200 398
UPPSLAGSORD frambrytande traffar=saol
SVENSKA_SE_HAMTAD frater HTTP 200 134546
SYNONYMER_SE_HAMTAD frater HTTP 200 233290
WIKTIONARY_HAMTAD frater HTTP 200 187
UPPSLAGSORD frater traffar=INGEN
FRAS_UTAN_UPPSLAGSORD freda sig -- svenska.se-traffarna galler bestandsdelarna, inte frasen. Kastas.
SVENSKA_SE_HAMTAD freda sig HTTP 200 20101
SYNONYMER_SE_HAMTAD freda sig HTTP 200 236226
WIKTIONARY_HAMTAD freda sig HTTP 200 398
UPPSLAGSORD freda sig traffar=INGEN
SVENSKA_SE_HAMTAD fresia HTTP 200 8618
SYNONYMER_SE_HAMTAD fresia HTTP 200 243957
WIKTIONARY_HAMTAD fresia HTTP 200 398
UPPSLAGSORD fresia traffar=saol,so
SVENSKA_SE_HAMTAD fribryteri HTTP 200 149329
SYNONYMER_SE_HAMTAD fribryteri HTTP 200 204357
WIKTIONARY_HAMTAD fribryteri HTTP 429 0
UPPSLAGSORD fribryteri traffar=INGEN
SVENSKA_SE_HAMTAD fribyteri HTTP 200 18219
SYNONYMER_SE_HAMTAD fribyteri HTTP 200 204636
WIKTIONARY_HAMTAD fribyteri HTTP 429 0
UPPSLAGSORD fribyteri traffar=saob
SVENSKA_SE_HAMTAD frifräsare HTTP 200 6074
SYNONYMER_SE_HAMTAD frifräsare HTTP 200 255789
WIKTIONARY_HAMTAD frifräsare HTTP 200 398
UPPSLAGSORD frifräsare traffar=saol,so,saob
SVENSKA_SE_HAMTAD frikadell HTTP 200 5773
SYNONYMER_SE_HAMTAD frikadell HTTP 200 261919
WIKTIONARY_HAMTAD frikadell HTTP 200 765
UPPSLAGSORD frikadell traffar=saol,so,saob
SVENSKA_SE_HAMTAD frimureri HTTP 200 5518
SYNONYMER_SE_HAMTAD frimureri HTTP 200 244714
WIKTIONARY_HAMTAD frimureri HTTP 200 398
UPPSLAGSORD frimureri traffar=saol,so,saob
SVENSKA_SE_HAMTAD frisera HTTP 200 17818
SYNONYMER_SE_HAMTAD frisera HTTP 200 273456
WIKTIONARY_HAMTAD frisera HTTP 200 1462
UPPSLAGSORD frisera traffar=saol,so,saob
FRAS_UTAN_UPPSLAGSORD friska i/på -- svenska.se-traffarna galler bestandsdelarna, inte frasen. Kastas.
SVENSKA_SE_HAMTAD friska i/på HTTP 200 19788
SYNONYMER_SE_HAMTAD friska i/på HTTP 404 0
WIKTIONARY_HAMTAD friska i/på HTTP 200 398
UPPSLAGSORD friska i/på traffar=INGEN
SVENSKA_SE_HAMTAD friskriva HTTP 200 15378
SYNONYMER_SE_HAMTAD friskriva HTTP 200 261852
WIKTIONARY_HAMTAD friskriva HTTP 200 398
UPPSLAGSORD friskriva traffar=saol
SVENSKA_SE_HAMTAD fromla HTTP 200 6635
SYNONYMER_SE_HAMTAD fromla HTTP 200 247580
WIKTIONARY_HAMTAD fromla HTTP 200 398
UPPSLAGSORD fromla traffar=saol,so,saob
SVENSKA_SE_HAMTAD frondera HTTP 200 7474
SYNONYMER_SE_HAMTAD frondera HTTP 200 253641
WIKTIONARY_HAMTAD frondera HTTP 200 464
UPPSLAGSORD frondera traffar=saol,so,saob
SVENSKA_SE_HAMTAD frontong HTTP 200 18225
SYNONYMER_SE_HAMTAD frontong HTTP 200 204612
WIKTIONARY_HAMTAD frontong HTTP 200 398
UPPSLAGSORD frontong traffar=saob
FRAS_UTAN_UPPSLAGSORD frottera sig med -- svenska.se-traffarna galler bestandsdelarna, inte frasen. Kastas.
SVENSKA_SE_HAMTAD frottera sig med HTTP 200 17588
SYNONYMER_SE_HAMTAD frottera sig med HTTP 200 227132
WIKTIONARY_HAMTAD frottera sig med HTTP 200 398
UPPSLAGSORD frottera sig med traffar=INGEN
SVENSKA_SE_HAMTAD frotté HTTP 200 6313
SYNONYMER_SE_HAMTAD frotté HTTP 200 250200
WIKTIONARY_HAMTAD frotté HTTP 429 0
UPPSLAGSORD frotté traffar=saol,so,saob
SVENSKA_SE_HAMTAD frälsarkrans HTTP 200 6122
SYNONYMER_SE_HAMTAD frälsarkrans HTTP 200 257946
WIKTIONARY_HAMTAD frälsarkrans HTTP 429 0
UPPSLAGSORD frälsarkrans traffar=saol,so,saob
FRAS_UTAN_UPPSLAGSORD från scratch -- svenska.se-traffarna galler bestandsdelarna, inte frasen. Kastas.
SVENSKA_SE_HAMTAD från scratch HTTP 200 19464
SYNONYMER_SE_HAMTAD från scratch HTTP 200 204631
WIKTIONARY_HAMTAD från scratch HTTP 200 398
UPPSLAGSORD från scratch traffar=INGEN
SVENSKA_SE_HAMTAD frånfälle HTTP 200 5955
SYNONYMER_SE_HAMTAD frånfälle HTTP 200 261503
WIKTIONARY_HAMTAD frånfälle HTTP 200 851
UPPSLAGSORD frånfälle traffar=saol,so,saob
SVENSKA_SE_HAMTAD ftalat HTTP 200 8169
SYNONYMER_SE_HAMTAD ftalat HTTP 200 247343
WIKTIONARY_HAMTAD ftalat HTTP 200 398
UPPSLAGSORD ftalat traffar=saol,so
SVENSKA_SE_HAMTAD fuga HTTP 200 5995
SYNONYMER_SE_HAMTAD fuga HTTP 200 255233
WIKTIONARY_HAMTAD fuga HTTP 200 1617
UPPSLAGSORD fuga traffar=saol,so,saob
FRAS_UTAN_UPPSLAGSORD fulla munderingen -- svenska.se-traffarna galler bestandsdelarna, inte frasen. Kastas.
SVENSKA_SE_HAMTAD fulla munderingen HTTP 200 17696
SYNONYMER_SE_HAMTAD fulla munderingen HTTP 200 204551
WIKTIONARY_HAMTAD fulla munderingen HTTP 200 398
UPPSLAGSORD fulla munderingen traffar=INGEN
SVENSKA_SE_HAMTAD fullblodig HTTP 200 12987
SYNONYMER_SE_HAMTAD fullblodig HTTP 200 235388
WIKTIONARY_HAMTAD fullblodig HTTP 200 398
UPPSLAGSORD fullblodig traffar=saol,saob
SVENSKA_SE_HAMTAD fullärd HTTP 200 12847
SYNONYMER_SE_HAMTAD fullärd HTTP 200 244672
WIKTIONARY_HAMTAD fullärd HTTP 200 398
UPPSLAGSORD fullärd traffar=INGEN
SVENSKA_SE_HAMTAD fullödig HTTP 200 7018
SYNONYMER_SE_HAMTAD fullödig HTTP 200 243332
WIKTIONARY_HAMTAD fullödig HTTP 200 1169
UPPSLAGSORD fullödig traffar=so
SVENSKA_SE_HAMTAD fundament HTTP 200 7375
SYNONYMER_SE_HAMTAD fundament HTTP 200 260142
WIKTIONARY_HAMTAD fundament HTTP 200 684
UPPSLAGSORD fundament traffar=saol,so,saob
SVENSKA_SE_HAMTAD funktionalism HTTP 200 7075
SYNONYMER_SE_HAMTAD funktionalism HTTP 200 244642
WIKTIONARY_HAMTAD funktionalism HTTP 200 605
UPPSLAGSORD funktionalism traffar=saol,so
SVENSKA_SE_HAMTAD funtad HTTP 200 5837
SYNONYMER_SE_HAMTAD funtad HTTP 200 259684
WIKTIONARY_HAMTAD funtad HTTP 429 0
UPPSLAGSORD funtad traffar=saol,so,saob
SVENSKA_SE_HAMTAD fusionera HTTP 200 10486
SYNONYMER_SE_HAMTAD fusionera HTTP 200 260890
WIKTIONARY_HAMTAD fusionera HTTP 429 0
UPPSLAGSORD fusionera traffar=saol,so
SVENSKA_SE_HAMTAD futhark HTTP 200 5766
SYNONYMER_SE_HAMTAD futhark HTTP 200 243484
WIKTIONARY_HAMTAD futhark HTTP 200 2799
UPPSLAGSORD futhark traffar=saol,so,saob
SVENSKA_SE_HAMTAD futurism HTTP 200 4984
SYNONYMER_SE_HAMTAD futurism HTTP 200 247288
WIKTIONARY_HAMTAD futurism HTTP 200 1088
UPPSLAGSORD futurism traffar=saol,so,saob
SVENSKA_SE_HAMTAD futuristisk HTTP 200 5029
SYNONYMER_SE_HAMTAD futuristisk HTTP 200 242881
WIKTIONARY_HAMTAD futuristisk HTTP 200 398
UPPSLAGSORD futuristisk traffar=saol,so,saob
SVENSKA_SE_HAMTAD futurolog HTTP 200 7626
SYNONYMER_SE_HAMTAD futurolog HTTP 200 258781
WIKTIONARY_HAMTAD futurolog HTTP 200 398
UPPSLAGSORD futurolog traffar=saol,so
SVENSKA_SE_HAMTAD fylogeni HTTP 200 4851
SYNONYMER_SE_HAMTAD fylogeni HTTP 200 248533
WIKTIONARY_HAMTAD fylogeni HTTP 200 499
UPPSLAGSORD fylogeni traffar=saol,so,saob
SVENSKA_SE_HAMTAD fysikus HTTP 200 19228
SYNONYMER_SE_HAMTAD fysikus HTTP 200 204536
WIKTIONARY_HAMTAD fysikus HTTP 200 398
UPPSLAGSORD fysikus traffar=saob
SVENSKA_SE_HAMTAD fysiologi HTTP 200 5386
SYNONYMER_SE_HAMTAD fysiologi HTTP 200 255324
WIKTIONARY_HAMTAD fysiologi HTTP 200 1867
UPPSLAGSORD fysiologi traffar=saol,so,saob
SVENSKA_SE_HAMTAD fäbod HTTP 200 7519
SYNONYMER_SE_HAMTAD fäbod HTTP 200 255344
WIKTIONARY_HAMTAD fäbod HTTP 200 787
UPPSLAGSORD fäbod traffar=saol,so,saob
SVENSKA_SE_HAMTAD fägnas HTTP 200 12033
SYNONYMER_SE_HAMTAD fägnas HTTP 200 238340
WIKTIONARY_HAMTAD fägnas HTTP 200 165
UPPSLAGSORD fägnas traffar=saol
SVENSKA_SE_HAMTAD fältvabel HTTP 200 140528
SYNONYMER_SE_HAMTAD fältvabel HTTP 200 204517
WIKTIONARY_HAMTAD fältvabel HTTP 200 398
UPPSLAGSORD fältvabel traffar=INGEN
FRAS_UTAN_UPPSLAGSORD fästa avseende vid -- svenska.se-traffarna galler bestandsdelarna, inte frasen. Kastas.
SVENSKA_SE_HAMTAD fästa avseende vid HTTP 200 17716
SYNONYMER_SE_HAMTAD fästa avseende vid HTTP 200 223638
WIKTIONARY_HAMTAD fästa avseende vid HTTP 429 0
UPPSLAGSORD fästa avseende vid traffar=INGEN
FRAS_UTAN_UPPSLAGSORD få en släng av sleven -- svenska.se-traffarna galler bestandsdelarna, inte frasen. Kastas.
SVENSKA_SE_HAMTAD få en släng av sleven HTTP 200 15257
SYNONYMER_SE_HAMTAD få en släng av sleven HTTP 200 230774
WIKTIONARY_HAMTAD få en släng av sleven HTTP 429 0
UPPSLAGSORD få en släng av sleven traffar=INGEN
FRAS_UTAN_UPPSLAGSORD få en syl i vädret -- svenska.se-traffarna galler bestandsdelarna, inte frasen. Kastas.
SVENSKA_SE_HAMTAD få en syl i vädret HTTP 200 17689
SYNONYMER_SE_HAMTAD få en syl i vädret HTTP 200 204636
WIKTIONARY_HAMTAD få en syl i vädret HTTP 200 1958
UPPSLAGSORD få en syl i vädret traffar=INGEN
FRAS_UTAN_UPPSLAGSORD få fötter -- svenska.se-traffarna galler bestandsdelarna, inte frasen. Kastas.
SVENSKA_SE_HAMTAD få fötter HTTP 200 19700
SYNONYMER_SE_HAMTAD få fötter HTTP 200 203992
WIKTIONARY_HAMTAD få fötter HTTP 200 398
UPPSLAGSORD få fötter traffar=INGEN
FRAS_UTAN_UPPSLAGSORD få gehör för -- svenska.se-traffarna galler bestandsdelarna, inte frasen. Kastas.
SVENSKA_SE_HAMTAD få gehör för HTTP 200 17640
SYNONYMER_SE_HAMTAD få gehör för HTTP 200 187495
WIKTIONARY_HAMTAD få gehör för HTTP 200 398
UPPSLAGSORD få gehör för traffar=INGEN
FRAS_UTAN_UPPSLAGSORD få insteg -- svenska.se-traffarna galler bestandsdelarna, inte frasen. Kastas.
SVENSKA_SE_HAMTAD få insteg HTTP 200 18970
SYNONYMER_SE_HAMTAD få insteg HTTP 200 203935
WIKTIONARY_HAMTAD få insteg HTTP 200 398
UPPSLAGSORD få insteg traffar=INGEN
FRAS_UTAN_UPPSLAGSORD få kalla handen -- svenska.se-traffarna galler bestandsdelarna, inte frasen. Kastas.
SVENSKA_SE_HAMTAD få kalla handen HTTP 200 17735
SYNONYMER_SE_HAMTAD få kalla handen HTTP 200 222789
SYNONYMER_SE_ENDAST_ANVANDARBIDRAG få kalla handen
WIKTIONARY_HAMTAD få kalla handen HTTP 200 812
UPPSLAGSORD få kalla handen traffar=INGEN
FRAS_UTAN_UPPSLAGSORD få ngt om bakfoten -- svenska.se-traffarna galler bestandsdelarna, inte frasen. Kastas.
SVENSKA_SE_HAMTAD få ngt om bakfoten HTTP 200 17725
SYNONYMER_SE_HAMTAD få ngt om bakfoten HTTP 200 204349
WIKTIONARY_HAMTAD få ngt om bakfoten HTTP 200 398
UPPSLAGSORD få ngt om bakfoten traffar=INGEN
FRAS_UTAN_UPPSLAGSORD få nöja sig med smulorna från den rikes bord -- svenska.se-traffarna galler bestandsdelarna, inte frasen. Kastas.
SVENSKA_SE_HAMTAD få nöja sig med smulorna från den rikes bord HTTP 200 3024
SYNONYMER_SE_HAMTAD få nöja sig med smulorna från den rikes bord HTTP 200 188095
WIKTIONARY_HAMTAD få nöja sig med smulorna från den rikes bord HTTP 200 398
UPPSLAGSORD få nöja sig med smulorna från den rikes bord traffar=INGEN
FRAS_UTAN_UPPSLAGSORD få på båten -- svenska.se-traffarna galler bestandsdelarna, inte frasen. Kastas.
SVENSKA_SE_HAMTAD få på båten HTTP 200 19074
SYNONYMER_SE_HAMTAD få på båten HTTP 200 204324
WIKTIONARY_HAMTAD få på båten HTTP 200 398
UPPSLAGSORD få på båten traffar=INGEN
FRAS_UTAN_UPPSLAGSORD få på huden -- svenska.se-traffarna galler bestandsdelarna, inte frasen. Kastas.
SVENSKA_SE_HAMTAD få på huden HTTP 200 18388
SYNONYMER_SE_HAMTAD få på huden HTTP 200 227888
WIKTIONARY_HAMTAD få på huden HTTP 200 398
UPPSLAGSORD få på huden traffar=INGEN
FRAS_UTAN_UPPSLAGSORD få tuppjuck -- svenska.se-traffarna galler bestandsdelarna, inte frasen. Kastas.
SVENSKA_SE_HAMTAD få tuppjuck HTTP 200 18358
SYNONYMER_SE_HAMTAD få tuppjuck HTTP 200 204035
WIKTIONARY_HAMTAD få tuppjuck HTTP 200 398
UPPSLAGSORD få tuppjuck traffar=INGEN
FRAS_UTAN_UPPSLAGSORD få vatten på kvarn -- svenska.se-traffarna galler bestandsdelarna, inte frasen. Kastas.
SVENSKA_SE_HAMTAD få vatten på kvarn HTTP 200 17689
SYNONYMER_SE_HAMTAD få vatten på kvarn HTTP 200 187736
WIKTIONARY_HAMTAD få vatten på kvarn HTTP 429 0
UPPSLAGSORD få vatten på kvarn traffar=INGEN
FRAS_UTAN_UPPSLAGSORD få veta att man lever -- svenska.se-traffarna galler bestandsdelarna, inte frasen. Kastas.
SVENSKA_SE_HAMTAD få veta att man lever HTTP 200 17706
SYNONYMER_SE_HAMTAD få veta att man lever HTTP 200 187724
WIKTIONARY_HAMTAD få veta att man lever HTTP 429 0
UPPSLAGSORD få veta att man lever traffar=INGEN
SVENSKA_SE_HAMTAD fåkunnig HTTP 200 5553
SYNONYMER_SE_HAMTAD fåkunnig HTTP 200 249519
WIKTIONARY_HAMTAD fåkunnig HTTP 200 398
UPPSLAGSORD fåkunnig traffar=saol,so,saob
SVENSKA_SE_HAMTAD fåra HTTP 200 15799
SYNONYMER_SE_HAMTAD fåra HTTP 200 291667
WIKTIONARY_HAMTAD fåra HTTP 200 2300
UPPSLAGSORD fåra traffar=saol,so,saob
SVENSKA_SE_HAMTAD födkrok HTTP 200 5684
SYNONYMER_SE_HAMTAD födkrok HTTP 200 255949
WIKTIONARY_HAMTAD födkrok HTTP 200 398
UPPSLAGSORD födkrok traffar=saol,so,saob
SVENSKA_SE_HAMTAD föraktfull HTTP 200 6059
SYNONYMER_SE_HAMTAD föraktfull HTTP 200 244456
WIKTIONARY_HAMTAD föraktfull HTTP 200 1020
UPPSLAGSORD föraktfull traffar=saol,so,saob
SVENSKA_SE_HAMTAD förandligad HTTP 200 11731
SYNONYMER_SE_HAMTAD förandligad HTTP 200 239941
WIKTIONARY_HAMTAD förandligad HTTP 200 400
UPPSLAGSORD förandligad traffar=saol,so
SVENSKA_SE_HAMTAD föranlåta HTTP 200 8282
SYNONYMER_SE_HAMTAD föranlåta HTTP 200 255852
WIKTIONARY_HAMTAD föranlåta HTTP 200 398
UPPSLAGSORD föranlåta traffar=saol,so,saob
SVENSKA_SE_HAMTAD föranstalta HTTP 200 8291
SYNONYMER_SE_HAMTAD föranstalta HTTP 200 274270
WIKTIONARY_HAMTAD föranstalta HTTP 200 214
UPPSLAGSORD föranstalta traffar=saol,so,saob
SVENSKA_SE_HAMTAD förborga HTTP 200 8876
SYNONYMER_SE_HAMTAD förborga HTTP 200 272654
WIKTIONARY_HAMTAD förborga HTTP 200 398
UPPSLAGSORD förborga traffar=saol,so,saob
SVENSKA_SE_HAMTAD förbålt HTTP 200 4807
SYNONYMER_SE_HAMTAD förbålt HTTP 200 230754
WIKTIONARY_HAMTAD förbålt HTTP 200 398
UPPSLAGSORD förbålt traffar=saol,so,saob
SVENSKA_SE_HAMTAD fördetta HTTP 200 11492
SYNONYMER_SE_HAMTAD fördetta HTTP 200 219845
WIKTIONARY_HAMTAD fördetta HTTP 200 398
UPPSLAGSORD fördetta traffar=so,saob
SVENSKA_SE_HAMTAD fördragen HTTP 200 16081
SYNONYMER_SE_HAMTAD fördragen HTTP 200 241573
WIKTIONARY_HAMTAD fördragen HTTP 429 0
UPPSLAGSORD fördragen traffar=saol,so
SVENSKA_SE_HAMTAD föredrag HTTP 200 9026
SYNONYMER_SE_HAMTAD föredrag HTTP 200 264347
WIKTIONARY_HAMTAD föredrag HTTP 429 0
UPPSLAGSORD föredrag traffar=saol,so,saob
FRAS_UTAN_UPPSLAGSORD företa /företaga -- svenska.se-traffarna galler bestandsdelarna, inte frasen. Kastas.
SVENSKA_SE_HAMTAD företa /företaga HTTP 200 17638
SYNONYMER_SE_HAMTAD företa /företaga HTTP 404 0
WIKTIONARY_HAMTAD företa /företaga HTTP 200 398
UPPSLAGSORD företa /företaga traffar=INGEN
SVENSKA_SE_HAMTAD företal HTTP 200 6544
SYNONYMER_SE_HAMTAD företal HTTP 200 268203
WIKTIONARY_HAMTAD företal HTTP 200 292
UPPSLAGSORD företal traffar=saol,so,saob
SVENSKA_SE_HAMTAD förflacka HTTP 200 7492
SYNONYMER_SE_HAMTAD förflacka HTTP 200 253049
WIKTIONARY_HAMTAD förflacka HTTP 200 398
UPPSLAGSORD förflacka traffar=saol,so,saob
SVENSKA_SE_HAMTAD förflackas HTTP 200 9215
SYNONYMER_SE_HAMTAD förflackas HTTP 200 253041
WIKTIONARY_HAMTAD förflackas HTTP 200 398
UPPSLAGSORD förflackas hittad som uppslagsform 'förflacka'
UPPSLAGSORD förflackas traffar=saol,so,saob via=förflacka
FRAS_UTAN_UPPSLAGSORD förfoga över -- svenska.se-traffarna galler bestandsdelarna, inte frasen. Kastas.
SVENSKA_SE_HAMTAD förfoga över HTTP 200 20133
SYNONYMER_SE_HAMTAD förfoga över HTTP 200 231160
WIKTIONARY_HAMTAD förfoga över HTTP 200 398
UPPSLAGSORD förfoga över traffar=INGEN
SVENSKA_SE_HAMTAD förgrymmad HTTP 200 8542
SYNONYMER_SE_HAMTAD förgrymmad HTTP 200 254727
WIKTIONARY_HAMTAD förgrymmad HTTP 200 398
UPPSLAGSORD förgrymmad traffar=saol,so
SVENSKA_SE_HAMTAD förgrämd HTTP 200 8350
SYNONYMER_SE_HAMTAD förgrämd HTTP 200 233986
WIKTIONARY_HAMTAD förgrämd HTTP 200 398
UPPSLAGSORD förgrämd traffar=saol,so
SVENSKA_SE_HAMTAD förhandenvarande HTTP 200 5441
SYNONYMER_SE_HAMTAD förhandenvarande HTTP 200 236934
WIKTIONARY_HAMTAD förhandenvarande HTTP 200 398
UPPSLAGSORD förhandenvarande traffar=saol,so,saob
SVENSKA_SE_HAMTAD förhärda HTTP 200 8298
SYNONYMER_SE_HAMTAD förhärda HTTP 200 257475
WIKTIONARY_HAMTAD förhärda HTTP 200 884
UPPSLAGSORD förhärda traffar=saol,so,saob
SVENSKA_SE_HAMTAD förkunna HTTP 200 9361
SYNONYMER_SE_HAMTAD förkunna HTTP 200 280017
WIKTIONARY_HAMTAD förkunna HTTP 200 1146
UPPSLAGSORD förkunna traffar=saol,so,saob
SVENSKA_SE_HAMTAD förleda HTTP 200 9818
SYNONYMER_SE_HAMTAD förleda HTTP 200 271600
WIKTIONARY_HAMTAD förleda HTTP 429 0
UPPSLAGSORD förleda traffar=saol,so,saob
FRAS_UTAN_UPPSLAGSORD förlika sig med -- svenska.se-traffarna galler bestandsdelarna, inte frasen. Kastas.
SVENSKA_SE_HAMTAD förlika sig med HTTP 200 2261
SYNONYMER_SE_HAMTAD förlika sig med HTTP 200 233607
WIKTIONARY_HAMTAD förlika sig med HTTP 429 0
UPPSLAGSORD förlika sig med traffar=INGEN
SVENSKA_SE_HAMTAD förljuva HTTP 200 7629
SYNONYMER_SE_HAMTAD förljuva HTTP 200 257899
WIKTIONARY_HAMTAD förljuva HTTP 200 398
UPPSLAGSORD förljuva traffar=saol,so,saob
SVENSKA_SE_HAMTAD förmärka HTTP 200 9323
SYNONYMER_SE_HAMTAD förmärka HTTP 200 264681
WIKTIONARY_HAMTAD förmärka HTTP 200 398
UPPSLAGSORD förmärka traffar=saol,so,saob
SVENSKA_SE_HAMTAD förmäten HTTP 200 5806
SYNONYMER_SE_HAMTAD förmäten HTTP 200 265580
WIKTIONARY_HAMTAD förmäten HTTP 200 2122
UPPSLAGSORD förmäten traffar=saol,so,saob
SVENSKA_SE_HAMTAD förmånstagare HTTP 200 6075
SYNONYMER_SE_HAMTAD förmånstagare HTTP 200 249924
WIKTIONARY_HAMTAD förmånstagare HTTP 200 820
UPPSLAGSORD förmånstagare traffar=saol,so,saob
SVENSKA_SE_HAMTAD förnam HTTP 200 13359
SYNONYMER_SE_HAMTAD förnam HTTP 200 233873
WIKTIONARY_HAMTAD förnam HTTP 200 167
UPPSLAGSORD förnam traffar=saol
SVENSKA_SE_HAMTAD förnuftsvidrig HTTP 200 5037
SYNONYMER_SE_HAMTAD förnuftsvidrig HTTP 200 237467
WIKTIONARY_HAMTAD förnuftsvidrig HTTP 200 216
UPPSLAGSORD förnuftsvidrig traffar=saol,so,saob
SVENSKA_SE_HAMTAD förnämligen HTTP 200 18434
SYNONYMER_SE_HAMTAD förnämligen HTTP 200 204773
WIKTIONARY_HAMTAD förnämligen HTTP 200 237
UPPSLAGSORD förnämligen traffar=saob
SVENSKA_SE_HAMTAD förnöjsam HTTP 200 6035
SYNONYMER_SE_HAMTAD förnöjsam HTTP 200 253899
WIKTIONARY_HAMTAD förnöjsam HTTP 200 903
UPPSLAGSORD förnöjsam traffar=saol,so,saob
SVENSKA_SE_HAMTAD förpik HTTP 200 6807
SYNONYMER_SE_HAMTAD förpik HTTP 200 250288
WIKTIONARY_HAMTAD förpik HTTP 200 685
UPPSLAGSORD förpik traffar=saol,so,saob
SVENSKA_SE_HAMTAD förskrivning HTTP 200 8919
SYNONYMER_SE_HAMTAD förskrivning HTTP 200 259244
WIKTIONARY_HAMTAD förskrivning HTTP 200 398
UPPSLAGSORD förskrivning traffar=saol,so,saob
SVENSKA_SE_HAMTAD förskära HTTP 200 20739
SYNONYMER_SE_HAMTAD förskära HTTP 200 237993
WIKTIONARY_HAMTAD förskära HTTP 429 0
UPPSLAGSORD förskära traffar=saob
SVENSKA_SE_HAMTAD försmäda HTTP 200 18596
SYNONYMER_SE_HAMTAD försmäda HTTP 200 221180
WIKTIONARY_HAMTAD försmäda HTTP 429 0
UPPSLAGSORD försmäda traffar=saob
SVENSKA_SE_HAMTAD försmädlig HTTP 200 6892
SYNONYMER_SE_HAMTAD försmädlig HTTP 200 255731
WIKTIONARY_HAMTAD försmädlig HTTP 200 2112
UPPSLAGSORD försmädlig traffar=saol,so,saob
SVENSKA_SE_HAMTAD förströdd HTTP 200 5812
SYNONYMER_SE_HAMTAD förströdd HTTP 200 251023
WIKTIONARY_HAMTAD förströdd HTTP 200 682
UPPSLAGSORD förströdd traffar=saol,so,saob
SVENSKA_SE_HAMTAD förstucken HTTP 200 5062
SYNONYMER_SE_HAMTAD förstucken HTTP 200 239593
WIKTIONARY_HAMTAD förstucken HTTP 200 398
UPPSLAGSORD förstucken traffar=saol,so,saob
SVENSKA_SE_HAMTAD försyndelse HTTP 200 6549
SYNONYMER_SE_HAMTAD försyndelse HTTP 200 264487
WIKTIONARY_HAMTAD försyndelse HTTP 200 398
UPPSLAGSORD försyndelse traffar=saol,so,saob
SVENSKA_SE_HAMTAD försynt HTTP 200 7855
SYNONYMER_SE_HAMTAD försynt HTTP 200 262516
WIKTIONARY_HAMTAD försynt HTTP 200 1212
UPPSLAGSORD försynt traffar=saol,so,saob
SVENSKA_SE_HAMTAD försändelse HTTP 200 6883
SYNONYMER_SE_HAMTAD försändelse HTTP 200 261880
WIKTIONARY_HAMTAD försändelse HTTP 200 876
UPPSLAGSORD försändelse traffar=saol,so,saob
SVENSKA_SE_HAMTAD försättsblad HTTP 200 6423
SYNONYMER_SE_HAMTAD försättsblad HTTP 200 250589
WIKTIONARY_HAMTAD försättsblad HTTP 200 398
UPPSLAGSORD försättsblad traffar=saol,so,saob
SVENSKA_SE_HAMTAD försåt HTTP 200 8058
SYNONYMER_SE_HAMTAD försåt HTTP 200 282342
WIKTIONARY_HAMTAD försåt HTTP 200 759
UPPSLAGSORD försåt traffar=saol,so,saob
FRAS_UTAN_UPPSLAGSORD försöka ta ner månen -- svenska.se-traffarna galler bestandsdelarna, inte frasen. Kastas.
SVENSKA_SE_HAMTAD försöka ta ner månen HTTP 200 17677
SYNONYMER_SE_HAMTAD försöka ta ner månen HTTP 200 205540
WIKTIONARY_HAMTAD försöka ta ner månen HTTP 200 398
UPPSLAGSORD försöka ta ner månen traffar=INGEN
FRAS_UTAN_UPPSLAGSORD förta /förtaga -- svenska.se-traffarna galler bestandsdelarna, inte frasen. Kastas.
SVENSKA_SE_HAMTAD förta /förtaga HTTP 200 17637
SYNONYMER_SE_HAMTAD förta /förtaga HTTP 404 0
WIKTIONARY_HAMTAD förta /förtaga HTTP 200 398
UPPSLAGSORD förta /förtaga traffar=INGEN
SVENSKA_SE_HAMTAD förtappad HTTP 200 5145
SYNONYMER_SE_HAMTAD förtappad HTTP 200 239821
WIKTIONARY_HAMTAD förtappad HTTP 429 0
UPPSLAGSORD förtappad traffar=saol,so,saob
SVENSKA_SE_HAMTAD förtecken HTTP 200 7301
SYNONYMER_SE_HAMTAD förtecken HTTP 200 251353
WIKTIONARY_HAMTAD förtecken HTTP 429 0
UPPSLAGSORD förtecken traffar=saol,so,saob
SVENSKA_SE_HAMTAD förtingliga HTTP 200 9411
SYNONYMER_SE_HAMTAD förtingliga HTTP 200 260853
WIKTIONARY_HAMTAD förtingliga HTTP 200 398
UPPSLAGSORD förtingliga traffar=saol,so
SVENSKA_SE_HAMTAD förtrytelse HTTP 200 5878
SYNONYMER_SE_HAMTAD förtrytelse HTTP 200 244500
WIKTIONARY_HAMTAD förtrytelse HTTP 200 959
UPPSLAGSORD förtrytelse traffar=saol,so,saob
FRAS_UTAN_UPPSLAGSORD förtrösta på -- svenska.se-traffarna galler bestandsdelarna, inte frasen. Kastas.
SVENSKA_SE_HAMTAD förtrösta på HTTP 200 19960
SYNONYMER_SE_HAMTAD förtrösta på HTTP 200 234117
WIKTIONARY_HAMTAD förtrösta på HTTP 200 398
UPPSLAGSORD förtrösta på traffar=INGEN
SVENSKA_SE_HAMTAD förtörna HTTP 200 7867
SYNONYMER_SE_HAMTAD förtörna HTTP 200 271623
WIKTIONARY_HAMTAD förtörna HTTP 200 398
UPPSLAGSORD förtörna traffar=saol,so,saob
SVENSKA_SE_HAMTAD förtörnad HTTP 200 9366
SYNONYMER_SE_HAMTAD förtörnad HTTP 200 250526
WIKTIONARY_HAMTAD förtörnad HTTP 200 398
UPPSLAGSORD förtörnad traffar=saob
SVENSKA_SE_HAMTAD förutan HTTP 200 4919
SYNONYMER_SE_HAMTAD förutan HTTP 200 245020
WIKTIONARY_HAMTAD förutan HTTP 200 398
UPPSLAGSORD förutan traffar=saol,so,saob
SVENSKA_SE_HAMTAD förutvarande HTTP 200 5002
SYNONYMER_SE_HAMTAD förutvarande HTTP 200 238381
WIKTIONARY_HAMTAD förutvarande HTTP 200 398
UPPSLAGSORD förutvarande traffar=saol,so,saob
SVENSKA_SE_HAMTAD förvanska HTTP 200 9143
SYNONYMER_SE_HAMTAD förvanska HTTP 200 268475
WIKTIONARY_HAMTAD förvanska HTTP 200 647
UPPSLAGSORD förvanska traffar=saol,so,saob
FRAS_UTAN_UPPSLAGSORD förvissa sig om -- svenska.se-traffarna galler bestandsdelarna, inte frasen. Kastas.
SVENSKA_SE_HAMTAD förvissa sig om HTTP 200 18337
SYNONYMER_SE_HAMTAD förvissa sig om HTTP 200 227086
WIKTIONARY_HAMTAD förvissa sig om HTTP 200 398
UPPSLAGSORD förvissa sig om traffar=INGEN
SVENSKA_SE_HAMTAD förvittra HTTP 200 8329
SYNONYMER_SE_HAMTAD förvittra HTTP 200 265150
WIKTIONARY_HAMTAD förvittra HTTP 200 398
UPPSLAGSORD förvittra traffar=saol,so,saob
SVENSKA_SE_HAMTAD förvärkt HTTP 200 6337
SYNONYMER_SE_HAMTAD förvärkt HTTP 200 242213
WIKTIONARY_HAMTAD förvärkt HTTP 429 0
UPPSLAGSORD förvärkt traffar=saol,so
SVENSKA_SE_HAMTAD fösa HTTP 200 10634
SYNONYMER_SE_HAMTAD fösa HTTP 200 284012
WIKTIONARY_HAMTAD fösa HTTP 429 0
UPPSLAGSORD fösa traffar=saol,so,saob
SVENSKA_SE_HAMTAD gallisera HTTP 200 18190
SYNONYMER_SE_HAMTAD gallisera HTTP 200 204687
WIKTIONARY_HAMTAD gallisera HTTP 200 398
UPPSLAGSORD gallisera traffar=saob
SVENSKA_SE_HAMTAD galvanometer HTTP 200 6072
SYNONYMER_SE_HAMTAD galvanometer HTTP 200 246965
WIKTIONARY_HAMTAD galvanometer HTTP 200 1184
UPPSLAGSORD galvanometer traffar=saol,so,saob
FRAS_UTAN_UPPSLAGSORD gamla hjulspår -- svenska.se-traffarna galler bestandsdelarna, inte frasen. Kastas.
SVENSKA_SE_HAMTAD gamla hjulspår HTTP 200 17682
SYNONYMER_SE_HAMTAD gamla hjulspår HTTP 200 232461
WIKTIONARY_HAMTAD gamla hjulspår HTTP 200 398
UPPSLAGSORD gamla hjulspår traffar=INGEN
FRAS_UTAN_UPPSLAGSORD gamla surdegar -- svenska.se-traffarna galler bestandsdelarna, inte frasen. Kastas.
SVENSKA_SE_HAMTAD gamla surdegar HTTP 200 18703
SYNONYMER_SE_HAMTAD gamla surdegar HTTP 200 204792
WIKTIONARY_HAMTAD gamla surdegar HTTP 200 398
UPPSLAGSORD gamla surdegar traffar=INGEN
SVENSKA_SE_HAMTAD gammaglobulin HTTP 200 7042
SYNONYMER_SE_HAMTAD gammaglobulin HTTP 200 251166
WIKTIONARY_HAMTAD gammaglobulin HTTP 200 437
UPPSLAGSORD gammaglobulin traffar=saol,so
FRAS_UTAN_UPPSLAGSORD gardera med kryss -- svenska.se-traffarna galler bestandsdelarna, inte frasen. Kastas.
SVENSKA_SE_HAMTAD gardera med kryss HTTP 200 17710
SYNONYMER_SE_HAMTAD gardera med kryss HTTP 200 188191
WIKTIONARY_HAMTAD gardera med kryss HTTP 200 398
UPPSLAGSORD gardera med kryss traffar=INGEN
SVENSKA_SE_HAMTAD garnison HTTP 200 6275
SYNONYMER_SE_HAMTAD garnison HTTP 200 265088
WIKTIONARY_HAMTAD garnison HTTP 200 1200
UPPSLAGSORD garnison traffar=saol,so,saob
FRAS_UTAN_UPPSLAGSORD gask / gasque -- svenska.se-traffarna galler bestandsdelarna, inte frasen. Kastas.
SVENSKA_SE_HAMTAD gask / gasque HTTP 200 17680
SYNONYMER_SE_HAMTAD gask / gasque HTTP 404 0
WIKTIONARY_HAMTAD gask / gasque HTTP 200 398
UPPSLAGSORD gask / gasque traffar=INGEN
FRAS_UTAN_UPPSLAGSORD gaska upp sig -- svenska.se-traffarna galler bestandsdelarna, inte frasen. Kastas.
SVENSKA_SE_HAMTAD gaska upp sig HTTP 200 19793
SYNONYMER_SE_HAMTAD gaska upp sig HTTP 200 228564
WIKTIONARY_HAMTAD gaska upp sig HTTP 200 398
UPPSLAGSORD gaska upp sig traffar=INGEN
SVENSKA_SE_HAMTAD gassig HTTP 200 6665
SYNONYMER_SE_HAMTAD gassig HTTP 200 237959
WIKTIONARY_HAMTAD gassig HTTP 200 398
UPPSLAGSORD gassig traffar=saol,so,saob
SVENSKA_SE_HAMTAD gastkramning HTTP 200 12410
SYNONYMER_SE_HAMTAD gastkramning HTTP 200 241626
WIKTIONARY_HAMTAD gastkramning HTTP 429 0
UPPSLAGSORD gastkramning traffar=saol
SVENSKA_SE_HAMTAD gastrit HTTP 200 6092
SYNONYMER_SE_HAMTAD gastrit HTTP 200 251162
WIKTIONARY_HAMTAD gastrit HTTP 429 0
UPPSLAGSORD gastrit traffar=saol,so,saob
FRAS_UTAN_UPPSLAGSORD ge blanka fan i -- svenska.se-traffarna galler bestandsdelarna, inte frasen. Kastas.
SVENSKA_SE_HAMTAD ge blanka fan i HTTP 200 17645
SYNONYMER_SE_HAMTAD ge blanka fan i HTTP 200 187834
WIKTIONARY_HAMTAD ge blanka fan i HTTP 200 225
UPPSLAGSORD ge blanka fan i traffar=INGEN
FRAS_UTAN_UPPSLAGSORD ge någon på båten -- svenska.se-traffarna galler bestandsdelarna, inte frasen. Kastas.
SVENSKA_SE_HAMTAD ge någon på båten HTTP 200 17722
SYNONYMER_SE_HAMTAD ge någon på båten HTTP 200 205047
WIKTIONARY_HAMTAD ge någon på båten HTTP 200 398
UPPSLAGSORD ge någon på båten traffar=INGEN
FRAS_UTAN_UPPSLAGSORD ge sig i kast med -- svenska.se-traffarna galler bestandsdelarna, inte frasen. Kastas.
SVENSKA_SE_HAMTAD ge sig i kast med HTTP 200 17687
SYNONYMER_SE_HAMTAD ge sig i kast med HTTP 200 210529
WIKTIONARY_HAMTAD ge sig i kast med HTTP 200 400
UPPSLAGSORD ge sig i kast med traffar=INGEN
FRAS_UTAN_UPPSLAGSORD ge tappt -- svenska.se-traffarna galler bestandsdelarna, inte frasen. Kastas.
SVENSKA_SE_HAMTAD ge tappt HTTP 200 20045
SYNONYMER_SE_HAMTAD ge tappt HTTP 200 233073
WIKTIONARY_HAMTAD ge tappt HTTP 200 398
UPPSLAGSORD ge tappt traffar=INGEN
SVENSKA_SE_HAMTAD gelänk HTTP 200 6119
SYNONYMER_SE_HAMTAD gelänk HTTP 200 223773
WIKTIONARY_HAMTAD gelänk HTTP 200 398
UPPSLAGSORD gelänk traffar=saol,so,saob
SVENSKA_SE_HAMTAD gemination HTTP 200 5757
SYNONYMER_SE_HAMTAD gemination HTTP 200 223762
WIKTIONARY_HAMTAD gemination HTTP 200 398
UPPSLAGSORD gemination traffar=saol,so,saob
SVENSKA_SE_HAMTAD gemytlig HTTP 200 6590
SYNONYMER_SE_HAMTAD gemytlig HTTP 200 260197
WIKTIONARY_HAMTAD gemytlig HTTP 200 1061
UPPSLAGSORD gemytlig traffar=saol,so,saob
SVENSKA_SE_HAMTAD genetiker HTTP 200 5847
SYNONYMER_SE_HAMTAD genetiker HTTP 200 250438
WIKTIONARY_HAMTAD genetiker HTTP 200 1246
UPPSLAGSORD genetiker traffar=saol,so,saob
SVENSKA_SE_HAMTAD genomförsel HTTP 200 11556
SYNONYMER_SE_HAMTAD genomförsel HTTP 200 239111
WIKTIONARY_HAMTAD genomförsel HTTP 200 398
UPPSLAGSORD genomförsel traffar=saol,saob
SVENSKA_SE_HAMTAD gentaga HTTP 200 12194
SYNONYMER_SE_HAMTAD gentaga HTTP 200 217691
WIKTIONARY_HAMTAD gentaga HTTP 200 398
UPPSLAGSORD gentaga traffar=saob
SVENSKA_SE_HAMTAD geocaching HTTP 200 13372
SYNONYMER_SE_HAMTAD geocaching HTTP 200 219924
WIKTIONARY_HAMTAD geocaching HTTP 429 0
UPPSLAGSORD geocaching traffar=INGEN
SVENSKA_SE_HAMTAD geranium HTTP 200 6532
SYNONYMER_SE_HAMTAD geranium HTTP 200 249722
WIKTIONARY_HAMTAD geranium HTTP 429 0
UPPSLAGSORD geranium traffar=saol,so,saob
SVENSKA_SE_HAMTAD gerbera HTTP 200 8363
SYNONYMER_SE_HAMTAD gerbera HTTP 200 235868
WIKTIONARY_HAMTAD gerbera HTTP 200 519
UPPSLAGSORD gerbera traffar=saol,so
SVENSKA_SE_HAMTAD gerilla HTTP 200 6611
SYNONYMER_SE_HAMTAD gerilla HTTP 200 260971
WIKTIONARY_HAMTAD gerilla HTTP 200 1794
UPPSLAGSORD gerilla traffar=saol,so,saob
SVENSKA_SE_HAMTAD gerundium HTTP 200 6356
SYNONYMER_SE_HAMTAD gerundium HTTP 200 238627
WIKTIONARY_HAMTAD gerundium HTTP 200 961
UPPSLAGSORD gerundium traffar=saol,so,saob
SVENSKA_SE_HAMTAD gervais HTTP 200 136245
SYNONYMER_SE_HAMTAD gervais HTTP 200 204053
WIKTIONARY_HAMTAD gervais HTTP 200 398
UPPSLAGSORD gervais traffar=INGEN
SVENSKA_SE_HAMTAD gesvint HTTP 200 5492
SYNONYMER_SE_HAMTAD gesvint HTTP 200 242115
WIKTIONARY_HAMTAD gesvint HTTP 200 233
UPPSLAGSORD gesvint traffar=INGEN
SVENSKA_SE_HAMTAD getpors HTTP 200 4828
SYNONYMER_SE_HAMTAD getpors HTTP 200 236054
WIKTIONARY_HAMTAD getpors HTTP 200 398
UPPSLAGSORD getpors traffar=saol,so,saob
SVENSKA_SE_HAMTAD getto HTTP 200 7552
SYNONYMER_SE_HAMTAD getto HTTP 200 255459
WIKTIONARY_HAMTAD getto HTTP 200 662
UPPSLAGSORD getto traffar=saol,so,saob
SVENSKA_SE_HAMTAD giga HTTP 200 13181
SYNONYMER_SE_HAMTAD giga HTTP 200 261641
WIKTIONARY_HAMTAD giga HTTP 200 398
UPPSLAGSORD giga traffar=saol,so,saob
SVENSKA_SE_HAMTAD gigolo HTTP 200 7599
SYNONYMER_SE_HAMTAD gigolo HTTP 200 253643
WIKTIONARY_HAMTAD gigolo HTTP 200 1410
UPPSLAGSORD gigolo traffar=saol,so
SVENSKA_SE_HAMTAD gillestuga HTTP 200 6286
SYNONYMER_SE_HAMTAD gillestuga HTTP 200 257146
WIKTIONARY_HAMTAD gillestuga HTTP 200 557
UPPSLAGSORD gillestuga traffar=saol,so,saob
SVENSKA_SE_HAMTAD gingham HTTP 200 111143
SYNONYMER_SE_HAMTAD gingham HTTP 200 224198
WIKTIONARY_HAMTAD gingham HTTP 429 0
UPPSLAGSORD gingham traffar=INGEN
SVENSKA_SE_HAMTAD gingivit HTTP 200 15369
SYNONYMER_SE_HAMTAD gingivit HTTP 200 232861
WIKTIONARY_HAMTAD gingivit HTTP 429 0
UPPSLAGSORD gingivit traffar=saol
SVENSKA_SE_HAMTAD ginkgo HTTP 200 7501
SYNONYMER_SE_HAMTAD ginkgo HTTP 200 248024
WIKTIONARY_HAMTAD ginkgo HTTP 200 3387
UPPSLAGSORD ginkgo traffar=saol,so
SVENSKA_SE_HAMTAD ginväg HTTP 200 13128
SYNONYMER_SE_HAMTAD ginväg HTTP 200 225123
WIKTIONARY_HAMTAD ginväg HTTP 200 398
UPPSLAGSORD ginväg traffar=saob
SVENSKA_SE_HAMTAD girandole HTTP 200 7989
SYNONYMER_SE_HAMTAD girandole HTTP 200 243693
WIKTIONARY_HAMTAD girandole HTTP 200 398
UPPSLAGSORD girandole traffar=saol,so
SVENSKA_SE_HAMTAD girera HTTP 200 8100
SYNONYMER_SE_HAMTAD girera HTTP 200 255654
SYNONYMER_SE_ENDAST_ANVANDARBIDRAG girera
WIKTIONARY_HAMTAD girera HTTP 200 353
UPPSLAGSORD girera traffar=saol,so,saob
SVENSKA_SE_HAMTAD girland HTTP 200 7552
SYNONYMER_SE_HAMTAD girland HTTP 200 249446
WIKTIONARY_HAMTAD girland HTTP 200 453
UPPSLAGSORD girland traffar=saob
SVENSKA_SE_HAMTAD giro HTTP 200 7182
SYNONYMER_SE_HAMTAD giro HTTP 200 256855
WIKTIONARY_HAMTAD giro HTTP 200 528
UPPSLAGSORD giro traffar=saol,so,saob
SVENSKA_SE_HAMTAD gisslare HTTP 200 7476
SYNONYMER_SE_HAMTAD gisslare HTTP 200 257350
WIKTIONARY_HAMTAD gisslare HTTP 200 587
UPPSLAGSORD gisslare traffar=saol,so,saob
SVENSKA_SE_HAMTAD gistgård HTTP 200 17785
SYNONYMER_SE_HAMTAD gistgård HTTP 200 225830
WIKTIONARY_HAMTAD gistgård HTTP 200 398
UPPSLAGSORD gistgård traffar=saob
SVENSKA_SE_HAMTAD given HTTP 200 31206
SYNONYMER_SE_HAMTAD given HTTP 200 269641
WIKTIONARY_HAMTAD given HTTP 200 1123
UPPSLAGSORD given traffar=saol,so,saob
SVENSKA_SE_HAMTAD glacifluvial HTTP 200 4635
SYNONYMER_SE_HAMTAD glacifluvial HTTP 200 223426
WIKTIONARY_HAMTAD glacifluvial HTTP 200 398
UPPSLAGSORD glacifluvial traffar=saol,so,saob
SVENSKA_SE_HAMTAD glacé- HTTP 200 4719
SYNONYMER_SE_HAMTAD glacé- HTTP 200 204520
WIKTIONARY_HAMTAD glacé- HTTP 429 0
UPPSLAGSORD glacé- traffar=saol,so,saob
SVENSKA_SE_HAMTAD gladeligen HTTP 200 6257
SYNONYMER_SE_HAMTAD gladeligen HTTP 200 254659
WIKTIONARY_HAMTAD gladeligen HTTP 429 0
UPPSLAGSORD gladeligen traffar=saol,so
SVENSKA_SE_HAMTAD gladiator HTTP 200 6227
SYNONYMER_SE_HAMTAD gladiator HTTP 200 254032
WIKTIONARY_HAMTAD gladiator HTTP 200 503
UPPSLAGSORD gladiator traffar=saol,so,saob
SVENSKA_SE_HAMTAD glamorisera HTTP 200 10860
SYNONYMER_SE_HAMTAD glamorisera HTTP 200 258951
WIKTIONARY_HAMTAD glamorisera HTTP 200 398
UPPSLAGSORD glamorisera traffar=saol,so
SVENSKA_SE_HAMTAD glamourisera HTTP 200 11332
SYNONYMER_SE_HAMTAD glamourisera HTTP 200 229786
WIKTIONARY_HAMTAD glamourisera HTTP 200 398
UPPSLAGSORD glamourisera traffar=INGEN
SVENSKA_SE_HAMTAD glasnost HTTP 200 6354
SYNONYMER_SE_HAMTAD glasnost HTTP 200 234420
WIKTIONARY_HAMTAD glasnost HTTP 200 398
UPPSLAGSORD glasnost traffar=saol,so
SVENSKA_SE_HAMTAD globetrotter HTTP 200 6300
SYNONYMER_SE_HAMTAD globetrotter HTTP 200 259019
WIKTIONARY_HAMTAD globetrotter HTTP 200 1680
UPPSLAGSORD globetrotter traffar=saol,so,saob
SVENSKA_SE_HAMTAD glop HTTP 200 7719
SYNONYMER_SE_HAMTAD glop HTTP 200 273540
WIKTIONARY_HAMTAD glop HTTP 200 772
UPPSLAGSORD glop traffar=saol,so,saob
SVENSKA_SE_HAMTAD glossarium HTTP 200 6490
SYNONYMER_SE_HAMTAD glossarium HTTP 200 255333
WIKTIONARY_HAMTAD glossarium HTTP 200 519
UPPSLAGSORD glossarium traffar=saol,so,saob
SVENSKA_SE_HAMTAD glosögd HTTP 200 5173
SYNONYMER_SE_HAMTAD glosögd HTTP 200 249819
SYNONYMER_SE_ENDAST_ANVANDARBIDRAG glosögd
WIKTIONARY_HAMTAD glosögd HTTP 200 398
UPPSLAGSORD glosögd traffar=saol,so,saob
SVENSKA_SE_HAMTAD gluten HTTP 200 5703
SYNONYMER_SE_HAMTAD gluten HTTP 200 250545
WIKTIONARY_HAMTAD gluten HTTP 200 794
UPPSLAGSORD gluten traffar=saol,so,saob
SVENSKA_SE_HAMTAD glutinös HTTP 200 18085
SYNONYMER_SE_HAMTAD glutinös HTTP 200 204215
WIKTIONARY_HAMTAD glutinös HTTP 200 398
UPPSLAGSORD glutinös traffar=saob
SVENSKA_SE_HAMTAD glykogen HTTP 200 5054
SYNONYMER_SE_HAMTAD glykogen HTTP 200 248694
WIKTIONARY_HAMTAD glykogen HTTP 429 0
UPPSLAGSORD glykogen traffar=saol,so,saob
SVENSKA_SE_HAMTAD gnabba HTTP 200 131937
SYNONYMER_SE_HAMTAD gnabba HTTP 200 203842
WIKTIONARY_HAMTAD gnabba HTTP 429 0
UPPSLAGSORD gnabba hittad som uppslagsform 'gnabbas'
UPPSLAGSORD gnabba traffar=saol,so,saob via=gnabbas
SVENSKA_SE_HAMTAD gnabbas HTTP 200 6623
SYNONYMER_SE_HAMTAD gnabbas HTTP 200 271235
WIKTIONARY_HAMTAD gnabbas HTTP 200 398
UPPSLAGSORD gnabbas traffar=saol,so,saob
SVENSKA_SE_HAMTAD gnatig HTTP 200 6473
SYNONYMER_SE_HAMTAD gnatig HTTP 200 245404
WIKTIONARY_HAMTAD gnatig HTTP 200 398
UPPSLAGSORD gnatig traffar=saol,so,saob
SVENSKA_SE_HAMTAD gnejs HTTP 200 6668
SYNONYMER_SE_HAMTAD gnejs HTTP 200 259274
WIKTIONARY_HAMTAD gnejs HTTP 200 521
UPPSLAGSORD gnejs traffar=saol,so,saob
FRAS_UTAN_UPPSLAGSORD god dag yxskaft -- svenska.se-traffarna galler bestandsdelarna, inte frasen. Kastas.
SVENSKA_SE_HAMTAD god dag yxskaft HTTP 200 17633
SYNONYMER_SE_HAMTAD god dag yxskaft HTTP 200 204671
WIKTIONARY_HAMTAD god dag yxskaft HTTP 200 398
UPPSLAGSORD god dag yxskaft traffar=INGEN
SVENSKA_SE_HAMTAD godlynt HTTP 200 5309
SYNONYMER_SE_HAMTAD godlynt HTTP 200 269736
WIKTIONARY_HAMTAD godlynt HTTP 200 383
UPPSLAGSORD godlynt traffar=saol,so,saob
SVENSKA_SE_HAMTAD gom HTTP 200 6879
SYNONYMER_SE_HAMTAD gom HTTP 200 257499
WIKTIONARY_HAMTAD gom HTTP 200 2160
UPPSLAGSORD gom traffar=saol,so,saob
SVENSKA_SE_HAMTAD gondol HTTP 200 6991
SYNONYMER_SE_HAMTAD gondol HTTP 200 269801
WIKTIONARY_HAMTAD gondol HTTP 200 1851
UPPSLAGSORD gondol traffar=saol,so,saob
SVENSKA_SE_HAMTAD gourmet HTTP 200 7043
SYNONYMER_SE_HAMTAD gourmet HTTP 200 260860
WIKTIONARY_HAMTAD gourmet HTTP 200 1067
UPPSLAGSORD gourmet traffar=saol,so
SVENSKA_SE_HAMTAD graal HTTP 200 9763
SYNONYMER_SE_HAMTAD graal HTTP 200 251193
SYNONYMER_SE_ENDAST_ANVANDARBIDRAG graal
WIKTIONARY_HAMTAD graal HTTP 200 836
UPPSLAGSORD graal traffar=saol,so
SVENSKA_SE_HAMTAD gradäng HTTP 200 8381
SYNONYMER_SE_HAMTAD gradäng HTTP 200 253965
WIKTIONARY_HAMTAD gradäng HTTP 200 398
UPPSLAGSORD gradäng traffar=saol,so
SVENSKA_SE_HAMTAD grafem HTTP 200 9437
SYNONYMER_SE_HAMTAD grafem HTTP 200 251855
WIKTIONARY_HAMTAD grafem HTTP 429 0
UPPSLAGSORD grafem traffar=saol,so
SVENSKA_SE_HAMTAD grafologi HTTP 200 5147
SYNONYMER_SE_HAMTAD grafologi HTTP 200 248596
WIKTIONARY_HAMTAD grafologi HTTP 429 0
UPPSLAGSORD grafologi traffar=saol,so,saob
SVENSKA_SE_HAMTAD grafonomi HTTP 200 6576
SYNONYMER_SE_HAMTAD grafonomi HTTP 200 231779
WIKTIONARY_HAMTAD grafonomi HTTP 200 398
UPPSLAGSORD grafonomi traffar=saol,so
SVENSKA_SE_HAMTAD grannsynt HTTP 200 18032
SYNONYMER_SE_HAMTAD grannsynt HTTP 200 204540
WIKTIONARY_HAMTAD grannsynt HTTP 200 398
UPPSLAGSORD grannsynt traffar=saob
SVENSKA_SE_HAMTAD granntyckt HTTP 200 5112
SYNONYMER_SE_HAMTAD granntyckt HTTP 200 237097
WIKTIONARY_HAMTAD granntyckt HTTP 200 202
UPPSLAGSORD granntyckt traffar=saol,so,saob
SVENSKA_SE_HAMTAD granum HTTP 200 144511
SYNONYMER_SE_HAMTAD granum HTTP 200 210083
SYNONYMER_SE_ENDAST_ANVANDARBIDRAG granum
WIKTIONARY_HAMTAD granum HTTP 200 398
UPPSLAGSORD granum traffar=INGEN
SVENSKA_SE_HAMTAD gratie HTTP 200 12915
SYNONYMER_SE_HAMTAD gratie HTTP 200 237880
WIKTIONARY_HAMTAD gratie HTTP 200 398
UPPSLAGSORD gratie traffar=so,saob
SVENSKA_SE_HAMTAD gratifikation HTTP 200 6280
SYNONYMER_SE_HAMTAD gratifikation HTTP 200 258968
WIKTIONARY_HAMTAD gratifikation HTTP 200 242
UPPSLAGSORD gratifikation traffar=saol,so,saob
SVENSKA_SE_HAMTAD grav HTTP 200 23475
SYNONYMER_SE_HAMTAD grav HTTP 200 312127
WIKTIONARY_HAMTAD grav HTTP 200 4796
UPPSLAGSORD grav traffar=saol,so,saob
SVENSKA_SE_HAMTAD graverande HTTP 200 12990
SYNONYMER_SE_HAMTAD graverande HTTP 200 245403
WIKTIONARY_HAMTAD graverande HTTP 200 700
UPPSLAGSORD graverande traffar=saol,so,saob
FRAS_UTAN_UPPSLAGSORD greppa efter ett halmstrå -- svenska.se-traffarna galler bestandsdelarna, inte frasen. Kastas.
SVENSKA_SE_HAMTAD greppa efter ett halmstrå HTTP 200 17685
SYNONYMER_SE_HAMTAD greppa efter ett halmstrå HTTP 200 204684
WIKTIONARY_HAMTAD greppa efter ett halmstrå HTTP 200 398
UPPSLAGSORD greppa efter ett halmstrå traffar=INGEN
SVENSKA_SE_HAMTAD gretten HTTP 200 9924
SYNONYMER_SE_HAMTAD gretten HTTP 200 204420
WIKTIONARY_HAMTAD gretten HTTP 200 292
UPPSLAGSORD gretten traffar=INGEN
SVENSKA_SE_HAMTAD greve HTTP 200 9915
SYNONYMER_SE_HAMTAD greve HTTP 200 267288
WIKTIONARY_HAMTAD greve HTTP 429 0
UPPSLAGSORD greve traffar=saol,so,saob
FRAS_UTAN_UPPSLAGSORD gripa tillfället i flykten -- svenska.se-traffarna galler bestandsdelarna, inte frasen. Kastas.
SVENSKA_SE_HAMTAD gripa tillfället i flykten HTTP 200 17719
SYNONYMER_SE_HAMTAD gripa tillfället i flykten HTTP 200 204666
WIKTIONARY_HAMTAD gripa tillfället i flykten HTTP 429 0
UPPSLAGSORD gripa tillfället i flykten traffar=INGEN
SVENSKA_SE_HAMTAD gripbar HTTP 200 5456
SYNONYMER_SE_HAMTAD gripbar HTTP 200 247824
WIKTIONARY_HAMTAD gripbar HTTP 200 398
UPPSLAGSORD gripbar traffar=saol,so,saob
SVENSKA_SE_HAMTAD grisaille HTTP 200 3461
SYNONYMER_SE_HAMTAD grisaille HTTP 200 229407
WIKTIONARY_HAMTAD grisaille HTTP 200 398
UPPSLAGSORD grisaille traffar=so,saob
SVENSKA_SE_HAMTAD grodperspektiv HTTP 200 6452
SYNONYMER_SE_HAMTAD grodperspektiv HTTP 200 255692
WIKTIONARY_HAMTAD grodperspektiv HTTP 200 398
UPPSLAGSORD grodperspektiv traffar=saol,so,saob
SVENSKA_SE_HAMTAD grovhuggen HTTP 200 7181
SYNONYMER_SE_HAMTAD grovhuggen HTTP 200 246247
WIKTIONARY_HAMTAD grovhuggen HTTP 200 398
UPPSLAGSORD grovhuggen traffar=saol,so
SVENSKA_SE_HAMTAD grumlig HTTP 200 7486
SYNONYMER_SE_HAMTAD grumlig HTTP 200 254798
WIKTIONARY_HAMTAD grumlig HTTP 200 1786
UPPSLAGSORD grumlig traffar=saol,so,saob
SVENSKA_SE_HAMTAD grums HTTP 200 6723
SYNONYMER_SE_HAMTAD grums HTTP 200 254191
WIKTIONARY_HAMTAD grums HTTP 200 207
UPPSLAGSORD grums traffar=saol,so,saob
SVENSKA_SE_HAMTAD grundbult HTTP 200 6061
SYNONYMER_SE_HAMTAD grundbult HTTP 200 252722
SYNONYMER_SE_ENDAST_ANVANDARBIDRAG grundbult
WIKTIONARY_HAMTAD grundbult HTTP 200 470
UPPSLAGSORD grundbult traffar=saol,so,saob
SVENSKA_SE_HAMTAD grundlig HTTP 200 7831
SYNONYMER_SE_HAMTAD grundlig HTTP 200 269145
WIKTIONARY_HAMTAD grundlig HTTP 200 1389
UPPSLAGSORD grundlig traffar=saol,so,saob
SVENSKA_SE_HAMTAD grundmurad HTTP 200 6868
SYNONYMER_SE_HAMTAD grundmurad HTTP 200 244330
WIKTIONARY_HAMTAD grundmurad HTTP 200 398
UPPSLAGSORD grundmurad traffar=saol,so
SVENSKA_SE_HAMTAD gräsrot HTTP 200 6321
SYNONYMER_SE_HAMTAD gräsrot HTTP 200 259111
WIKTIONARY_HAMTAD gräsrot HTTP 200 681
UPPSLAGSORD gräsrot traffar=saol,so,saob
SVENSKA_SE_HAMTAD gräsrötter HTTP 200 7946
SYNONYMER_SE_HAMTAD gräsrötter HTTP 200 230541
WIKTIONARY_HAMTAD gräsrötter HTTP 429 0
UPPSLAGSORD gräsrötter traffar=INGEN
FRAS_UTAN_UPPSLAGSORD gräva där man står -- svenska.se-traffarna galler bestandsdelarna, inte frasen. Kastas.
SVENSKA_SE_HAMTAD gräva där man står HTTP 200 17701
SYNONYMER_SE_HAMTAD gräva där man står HTTP 200 204423
WIKTIONARY_HAMTAD gräva där man står HTTP 429 0
UPPSLAGSORD gräva där man står traffar=INGEN
SVENSKA_SE_HAMTAD gråsprängd HTTP 200 5036
SYNONYMER_SE_HAMTAD gråsprängd HTTP 200 238371
WIKTIONARY_HAMTAD gråsprängd HTTP 200 668
UPPSLAGSORD gråsprängd traffar=saol,so,saob
FRAS_UTAN_UPPSLAGSORD gråta hela vägen till banken -- svenska.se-traffarna galler bestandsdelarna, inte frasen. Kastas.
SVENSKA_SE_HAMTAD gråta hela vägen till banken HTTP 200 17788
SYNONYMER_SE_HAMTAD gråta hela vägen till banken HTTP 200 204508
WIKTIONARY_HAMTAD gråta hela vägen till banken HTTP 200 400
UPPSLAGSORD gråta hela vägen till banken traffar=INGEN
SVENSKA_SE_HAMTAD guano HTTP 200 5498
SYNONYMER_SE_HAMTAD guano HTTP 200 253570
WIKTIONARY_HAMTAD guano HTTP 200 416
UPPSLAGSORD guano traffar=saol,so,saob
SVENSKA_SE_HAMTAD gudabenådad HTTP 200 4943
SYNONYMER_SE_HAMTAD gudabenådad HTTP 200 250889
WIKTIONARY_HAMTAD gudabenådad HTTP 200 398
UPPSLAGSORD gudabenådad traffar=saol,so,saob
SVENSKA_SE_HAMTAD guinea HTTP 200 6797
SYNONYMER_SE_HAMTAD guinea HTTP 200 233617
WIKTIONARY_HAMTAD guinea HTTP 200 398
UPPSLAGSORD guinea traffar=saol,so,saob
SVENSKA_SE_HAMTAD gumse HTTP 200 6789
SYNONYMER_SE_HAMTAD gumse HTTP 200 255369
WIKTIONARY_HAMTAD gumse HTTP 200 482
UPPSLAGSORD gumse traffar=saol,so,saob
SVENSKA_SE_HAMTAD guttural HTTP 200 7099
SYNONYMER_SE_HAMTAD guttural HTTP 200 257878
WIKTIONARY_HAMTAD guttural HTTP 200 637
UPPSLAGSORD guttural traffar=saol,so,saob
SVENSKA_SE_HAMTAD gutural HTTP 200 123059
SYNONYMER_SE_HAMTAD gutural HTTP 200 203961
WIKTIONARY_HAMTAD gutural HTTP 200 398
UPPSLAGSORD gutural traffar=INGEN
SVENSKA_SE_HAMTAD gylling HTTP 200 7200
SYNONYMER_SE_HAMTAD gylling HTTP 200 253705
WIKTIONARY_HAMTAD gylling HTTP 200 398
UPPSLAGSORD gylling traffar=saol,so,saob
SVENSKA_SE_HAMTAD gyro HTTP 200 6794
SYNONYMER_SE_HAMTAD gyro HTTP 200 249912
WIKTIONARY_HAMTAD gyro HTTP 200 594
UPPSLAGSORD gyro traffar=saol,so,saob
SVENSKA_SE_HAMTAD gyrometer HTTP 200 20396
SYNONYMER_SE_HAMTAD gyrometer HTTP 200 203914
WIKTIONARY_HAMTAD gyrometer HTTP 429 0
UPPSLAGSORD gyrometer traffar=saob
SVENSKA_SE_HAMTAD gäckas HTTP 200 12154
SYNONYMER_SE_HAMTAD gäckas HTTP 200 261129
WIKTIONARY_HAMTAD gäckas HTTP 429 0
UPPSLAGSORD gäckas traffar=saol,so,saob
SVENSKA_SE_HAMTAD gärdsgård HTTP 200 9419
SYNONYMER_SE_HAMTAD gärdsgård HTTP 200 270300
WIKTIONARY_HAMTAD gärdsgård HTTP 200 1572
UPPSLAGSORD gärdsgård traffar=saol,so,saob
SVENSKA_SE_HAMTAD gärdsmyg HTTP 200 6191
SYNONYMER_SE_HAMTAD gärdsmyg HTTP 200 251571
WIKTIONARY_HAMTAD gärdsmyg HTTP 200 1274
UPPSLAGSORD gärdsmyg traffar=saol,so,saob
SVENSKA_SE_HAMTAD gärsgårn HTTP 200 137491
SYNONYMER_SE_HAMTAD gärsgårn HTTP 200 204402
WIKTIONARY_HAMTAD gärsgårn HTTP 200 398
UPPSLAGSORD gärsgårn traffar=INGEN
FRAS_UTAN_UPPSLAGSORD gå den breda vägen -- svenska.se-traffarna galler bestandsdelarna, inte frasen. Kastas.
SVENSKA_SE_HAMTAD gå den breda vägen HTTP 200 2636
SYNONYMER_SE_HAMTAD gå den breda vägen HTTP 200 204526
WIKTIONARY_HAMTAD gå den breda vägen HTTP 200 398
UPPSLAGSORD gå den breda vägen traffar=INGEN
FRAS_UTAN_UPPSLAGSORD gå genom märg och ben -- svenska.se-traffarna galler bestandsdelarna, inte frasen. Kastas.
SVENSKA_SE_HAMTAD gå genom märg och ben HTTP 200 17716
SYNONYMER_SE_HAMTAD gå genom märg och ben HTTP 200 188085
WIKTIONARY_HAMTAD gå genom märg och ben HTTP 200 398
UPPSLAGSORD gå genom märg och ben traffar=INGEN
FRAS_UTAN_UPPSLAGSORD gå i bräschen för -- svenska.se-traffarna galler bestandsdelarna, inte frasen. Kastas.
SVENSKA_SE_HAMTAD gå i bräschen för HTTP 200 17710
SYNONYMER_SE_HAMTAD gå i bräschen för HTTP 200 188022
WIKTIONARY_HAMTAD gå i bräschen för HTTP 200 398
UPPSLAGSORD gå i bräschen för traffar=INGEN
FRAS_UTAN_UPPSLAGSORD gå i clinch -- svenska.se-traffarna galler bestandsdelarna, inte frasen. Kastas.
SVENSKA_SE_HAMTAD gå i clinch HTTP 200 18344
SYNONYMER_SE_HAMTAD gå i clinch HTTP 200 204516
WIKTIONARY_HAMTAD gå i clinch HTTP 200 398
UPPSLAGSORD gå i clinch traffar=INGEN
FRAS_UTAN_UPPSLAGSORD gå i någons ledband -- svenska.se-traffarna galler bestandsdelarna, inte frasen. Kastas.
SVENSKA_SE_HAMTAD gå i någons ledband HTTP 200 17708
SYNONYMER_SE_HAMTAD gå i någons ledband HTTP 200 204450
WIKTIONARY_HAMTAD gå i någons ledband HTTP 200 398
UPPSLAGSORD gå i någons ledband traffar=INGEN
FRAS_UTAN_UPPSLAGSORD gå i svaromål -- svenska.se-traffarna galler bestandsdelarna, inte frasen. Kastas.
SVENSKA_SE_HAMTAD gå i svaromål HTTP 200 17684
SYNONYMER_SE_HAMTAD gå i svaromål HTTP 200 225135
WIKTIONARY_HAMTAD gå i svaromål HTTP 200 398
UPPSLAGSORD gå i svaromål traffar=INGEN
FRAS_UTAN_UPPSLAGSORD gå i tu -- svenska.se-traffarna galler bestandsdelarna, inte frasen. Kastas.
SVENSKA_SE_HAMTAD gå i tu HTTP 200 8953
SYNONYMER_SE_HAMTAD gå i tu HTTP 200 188008
WIKTIONARY_HAMTAD gå i tu HTTP 200 398
UPPSLAGSORD gå i tu traffar=INGEN
FRAS_UTAN_UPPSLAGSORD gå igenom ekluten -- svenska.se-traffarna galler bestandsdelarna, inte frasen. Kastas.
SVENSKA_SE_HAMTAD gå igenom ekluten HTTP 200 17698
SYNONYMER_SE_HAMTAD gå igenom ekluten HTTP 200 218945
WIKTIONARY_HAMTAD gå igenom ekluten HTTP 429 0
UPPSLAGSORD gå igenom ekluten traffar=INGEN
FRAS_UTAN_UPPSLAGSORD gå kräftgång -- svenska.se-traffarna galler bestandsdelarna, inte frasen. Kastas.
SVENSKA_SE_HAMTAD gå kräftgång HTTP 200 19400
SYNONYMER_SE_HAMTAD gå kräftgång HTTP 200 230879
WIKTIONARY_HAMTAD gå kräftgång HTTP 429 0
UPPSLAGSORD gå kräftgång traffar=INGEN
FRAS_UTAN_UPPSLAGSORD gå man ur huse -- svenska.se-traffarna galler bestandsdelarna, inte frasen. Kastas.
SVENSKA_SE_HAMTAD gå man ur huse HTTP 200 17653
SYNONYMER_SE_HAMTAD gå man ur huse HTTP 200 188199
WIKTIONARY_HAMTAD gå man ur huse HTTP 200 1693
UPPSLAGSORD gå man ur huse traffar=INGEN
FRAS_UTAN_UPPSLAGSORD gå omstyr -- svenska.se-traffarna galler bestandsdelarna, inte frasen. Kastas.
SVENSKA_SE_HAMTAD gå omstyr HTTP 200 19689
SYNONYMER_SE_HAMTAD gå omstyr HTTP 200 204396
WIKTIONARY_HAMTAD gå omstyr HTTP 200 398
UPPSLAGSORD gå omstyr traffar=INGEN
FRAS_UTAN_UPPSLAGSORD gå på ett ut -- svenska.se-traffarna galler bestandsdelarna, inte frasen. Kastas.
SVENSKA_SE_HAMTAD gå på ett ut HTTP 200 17648
SYNONYMER_SE_HAMTAD gå på ett ut HTTP 200 188128
WIKTIONARY_HAMTAD gå på ett ut HTTP 200 959
UPPSLAGSORD gå på ett ut traffar=INGEN
FRAS_UTAN_UPPSLAGSORD gå tretton på dussinet -- svenska.se-traffarna galler bestandsdelarna, inte frasen. Kastas.
SVENSKA_SE_HAMTAD gå tretton på dussinet HTTP 200 17728
SYNONYMER_SE_HAMTAD gå tretton på dussinet HTTP 200 205070
WIKTIONARY_HAMTAD gå tretton på dussinet HTTP 200 398
UPPSLAGSORD gå tretton på dussinet traffar=INGEN
SVENSKA_SE_HAMTAD gåpåaraktig HTTP 200 5293
SYNONYMER_SE_HAMTAD gåpåaraktig HTTP 200 236894
WIKTIONARY_HAMTAD gåpåaraktig HTTP 200 398
UPPSLAGSORD gåpåaraktig traffar=saol,saob
SVENSKA_SE_HAMTAD gökotta HTTP 200 5992
SYNONYMER_SE_HAMTAD gökotta HTTP 200 257351
WIKTIONARY_HAMTAD gökotta HTTP 200 398
UPPSLAGSORD gökotta traffar=saol,so,saob
FRAS_UTAN_UPPSLAGSORD göra avbön -- svenska.se-traffarna galler bestandsdelarna, inte frasen. Kastas.
SVENSKA_SE_HAMTAD göra avbön HTTP 200 19649
SYNONYMER_SE_HAMTAD göra avbön HTTP 200 232483
WIKTIONARY_HAMTAD göra avbön HTTP 200 398
UPPSLAGSORD göra avbön traffar=INGEN
FRAS_UTAN_UPPSLAGSORD göra en groda -- svenska.se-traffarna galler bestandsdelarna, inte frasen. Kastas.
SVENSKA_SE_HAMTAD göra en groda HTTP 200 17668
SYNONYMER_SE_HAMTAD göra en groda HTTP 200 204808
WIKTIONARY_HAMTAD göra en groda HTTP 200 641
UPPSLAGSORD göra en groda traffar=INGEN
FRAS_UTAN_UPPSLAGSORD göra en pudel -- svenska.se-traffarna galler bestandsdelarna, inte frasen. Kastas.
SVENSKA_SE_HAMTAD göra en pudel HTTP 200 17681
SYNONYMER_SE_HAMTAD göra en pudel HTTP 200 204741
WIKTIONARY_HAMTAD göra en pudel HTTP 200 281
UPPSLAGSORD göra en pudel traffar=INGEN
FRAS_UTAN_UPPSLAGSORD göra en slät figur -- svenska.se-traffarna galler bestandsdelarna, inte frasen. Kastas.
SVENSKA_SE_HAMTAD göra en slät figur HTTP 200 17716
SYNONYMER_SE_HAMTAD göra en slät figur HTTP 200 188322
WIKTIONARY_HAMTAD göra en slät figur HTTP 200 398
UPPSLAGSORD göra en slät figur traffar=INGEN
FRAS_UTAN_UPPSLAGSORD göra en tavla -- svenska.se-traffarna galler bestandsdelarna, inte frasen. Kastas.
SVENSKA_SE_HAMTAD göra en tavla HTTP 200 18737
SYNONYMER_SE_HAMTAD göra en tavla HTTP 200 233421
WIKTIONARY_HAMTAD göra en tavla HTTP 429 0
UPPSLAGSORD göra en tavla traffar=INGEN
FRAS_UTAN_UPPSLAGSORD göra någon förnär -- svenska.se-traffarna galler bestandsdelarna, inte frasen. Kastas.
SVENSKA_SE_HAMTAD göra någon förnär HTTP 200 17718
SYNONYMER_SE_HAMTAD göra någon förnär HTTP 200 188634
WIKTIONARY_HAMTAD göra någon förnär HTTP 429 0
UPPSLAGSORD göra någon förnär traffar=INGEN
FRAS_UTAN_UPPSLAGSORD göra sig grön -- svenska.se-traffarna galler bestandsdelarna, inte frasen. Kastas.
SVENSKA_SE_HAMTAD göra sig grön HTTP 200 19108
SYNONYMER_SE_HAMTAD göra sig grön HTTP 200 218565
WIKTIONARY_HAMTAD göra sig grön HTTP 200 398
UPPSLAGSORD göra sig grön traffar=INGEN
FRAS_UTAN_UPPSLAGSORD göra sorti -- svenska.se-traffarna galler bestandsdelarna, inte frasen. Kastas.
SVENSKA_SE_HAMTAD göra sorti HTTP 200 19207
SYNONYMER_SE_HAMTAD göra sorti HTTP 200 257460
WIKTIONARY_HAMTAD göra sorti HTTP 200 398
UPPSLAGSORD göra sorti traffar=INGEN
SVENSKA_SE_HAMTAD gördla HTTP 200 7353
SYNONYMER_SE_HAMTAD gördla HTTP 200 250680
WIKTIONARY_HAMTAD gördla HTTP 200 204
UPPSLAGSORD gördla traffar=saol,so,saob
SVENSKA_SE_HAMTAD görlig HTTP 200 7862
SYNONYMER_SE_HAMTAD görlig HTTP 200 273304
WIKTIONARY_HAMTAD görlig HTTP 200 398
UPPSLAGSORD görlig traffar=saol,so,saob
FRAS_UTAN_UPPSLAGSORD ha delade meningar -- svenska.se-traffarna galler bestandsdelarna, inte frasen. Kastas.
SVENSKA_SE_HAMTAD ha delade meningar HTTP 200 17736
SYNONYMER_SE_HAMTAD ha delade meningar HTTP 200 205295
WIKTIONARY_HAMTAD ha delade meningar HTTP 200 398
UPPSLAGSORD ha delade meningar traffar=INGEN
FRAS_UTAN_UPPSLAGSORD ha en gås oplockad med ngn -- svenska.se-traffarna galler bestandsdelarna, inte frasen. Kastas.
SVENSKA_SE_HAMTAD ha en gås oplockad med ngn HTTP 200 17730
SYNONYMER_SE_HAMTAD ha en gås oplockad med ngn HTTP 200 205492
WIKTIONARY_HAMTAD ha en gås oplockad med ngn HTTP 200 398
UPPSLAGSORD ha en gås oplockad med ngn traffar=INGEN
FRAS_UTAN_UPPSLAGSORD ha gröna fingrar -- svenska.se-traffarna galler bestandsdelarna, inte frasen. Kastas.
SVENSKA_SE_HAMTAD ha gröna fingrar HTTP 200 17660
SYNONYMER_SE_HAMTAD ha gröna fingrar HTTP 200 227897
WIKTIONARY_HAMTAD ha gröna fingrar HTTP 200 398
UPPSLAGSORD ha gröna fingrar traffar=INGEN
FRAS_UTAN_UPPSLAGSORD ha matjord i fickorna -- svenska.se-traffarna galler bestandsdelarna, inte frasen. Kastas.
SVENSKA_SE_HAMTAD ha matjord i fickorna HTTP 200 17728
SYNONYMER_SE_HAMTAD ha matjord i fickorna HTTP 200 226821
WIKTIONARY_HAMTAD ha matjord i fickorna HTTP 200 398
UPPSLAGSORD ha matjord i fickorna traffar=INGEN
FRAS_UTAN_UPPSLAGSORD ha munläder -- svenska.se-traffarna galler bestandsdelarna, inte frasen. Kastas.
SVENSKA_SE_HAMTAD ha munläder HTTP 200 19765
SYNONYMER_SE_HAMTAD ha munläder HTTP 200 205128
WIKTIONARY_HAMTAD ha munläder HTTP 200 398
UPPSLAGSORD ha munläder traffar=INGEN
FRAS_UTAN_UPPSLAGSORD ha många strängar på sin lyra -- svenska.se-traffarna galler bestandsdelarna, inte frasen. Kastas.
SVENSKA_SE_HAMTAD ha många strängar på sin lyra HTTP 200 17773
SYNONYMER_SE_HAMTAD ha många strängar på sin lyra HTTP 200 205420
WIKTIONARY_HAMTAD ha många strängar på sin lyra HTTP 200 420
UPPSLAGSORD ha många strängar på sin lyra traffar=INGEN
FRAS_UTAN_UPPSLAGSORD ha ngt otalt med ngn -- svenska.se-traffarna galler bestandsdelarna, inte frasen. Kastas.
SVENSKA_SE_HAMTAD ha ngt otalt med ngn HTTP 200 17633
SYNONYMER_SE_HAMTAD ha ngt otalt med ngn HTTP 200 211042
WIKTIONARY_HAMTAD ha ngt otalt med ngn HTTP 429 0
UPPSLAGSORD ha ngt otalt med ngn traffar=INGEN
FRAS_UTAN_UPPSLAGSORD ha ngt på lut -- svenska.se-traffarna galler bestandsdelarna, inte frasen. Kastas.
SVENSKA_SE_HAMTAD ha ngt på lut HTTP 200 17672
SYNONYMER_SE_HAMTAD ha ngt på lut HTTP 200 188637
WIKTIONARY_HAMTAD ha ngt på lut HTTP 429 0
UPPSLAGSORD ha ngt på lut traffar=INGEN
FRAS_UTAN_UPPSLAGSORD ha pippi på -- svenska.se-traffarna galler bestandsdelarna, inte frasen. Kastas.
SVENSKA_SE_HAMTAD ha pippi på HTTP 200 17638
SYNONYMER_SE_HAMTAD ha pippi på HTTP 200 220553
WIKTIONARY_HAMTAD ha pippi på HTTP 200 398
UPPSLAGSORD ha pippi på traffar=INGEN
FRAS_UTAN_UPPSLAGSORD ha satt sin sista potatis -- svenska.se-traffarna galler bestandsdelarna, inte frasen. Kastas.
SVENSKA_SE_HAMTAD ha satt sin sista potatis HTTP 200 17683
SYNONYMER_SE_HAMTAD ha satt sin sista potatis HTTP 200 218643
WIKTIONARY_HAMTAD ha satt sin sista potatis HTTP 200 398
UPPSLAGSORD ha satt sin sista potatis traffar=INGEN
FRAS_UTAN_UPPSLAGSORD ha sitt på det torra -- svenska.se-traffarna galler bestandsdelarna, inte frasen. Kastas.
SVENSKA_SE_HAMTAD ha sitt på det torra HTTP 200 17626
SYNONYMER_SE_HAMTAD ha sitt på det torra HTTP 200 204474
WIKTIONARY_HAMTAD ha sitt på det torra HTTP 200 1322
UPPSLAGSORD ha sitt på det torra traffar=INGEN
FRAS_UTAN_UPPSLAGSORD ha spenderbyxor -- svenska.se-traffarna galler bestandsdelarna, inte frasen. Kastas.
SVENSKA_SE_HAMTAD ha spenderbyxor HTTP 200 17682
SYNONYMER_SE_HAMTAD ha spenderbyxor HTTP 200 187800
WIKTIONARY_HAMTAD ha spenderbyxor HTTP 200 398
UPPSLAGSORD ha spenderbyxor traffar=INGEN
FRAS_UTAN_UPPSLAGSORD ha tjock hud -- svenska.se-traffarna galler bestandsdelarna, inte frasen. Kastas.
SVENSKA_SE_HAMTAD ha tjock hud HTTP 200 17623
SYNONYMER_SE_HAMTAD ha tjock hud HTTP 200 187697
WIKTIONARY_HAMTAD ha tjock hud HTTP 200 398
UPPSLAGSORD ha tjock hud traffar=INGEN
SVENSKA_SE_HAMTAD haiku HTTP 200 8193
SYNONYMER_SE_HAMTAD haiku HTTP 200 252592
SYNONYMER_SE_ENDAST_ANVANDARBIDRAG haiku
WIKTIONARY_HAMTAD haiku HTTP 200 2409
UPPSLAGSORD haiku traffar=saol,so
SVENSKA_SE_HAMTAD hallstämpel HTTP 200 6198
SYNONYMER_SE_HAMTAD hallstämpel HTTP 200 243463
WIKTIONARY_HAMTAD hallstämpel HTTP 200 638
UPPSLAGSORD hallstämpel traffar=saol,so,saob
SVENSKA_SE_HAMTAD halogen HTTP 200 6233
SYNONYMER_SE_HAMTAD halogen HTTP 200 256993
WIKTIONARY_HAMTAD halogen HTTP 200 398
UPPSLAGSORD halogen traffar=saol,so,saob
SVENSKA_SE_HAMTAD halvherre HTTP 200 17878
SYNONYMER_SE_HAMTAD halvherre HTTP 200 242490
WIKTIONARY_HAMTAD halvherre HTTP 200 398
UPPSLAGSORD halvherre traffar=saob
SVENSKA_SE_HAMTAD halvkväden HTTP 200 4789
SYNONYMER_SE_HAMTAD halvkväden HTTP 200 250288
WIKTIONARY_HAMTAD halvkväden HTTP 200 398
UPPSLAGSORD halvkväden traffar=saol,so,saob
SVENSKA_SE_HAMTAD halvpension HTTP 200 6041
SYNONYMER_SE_HAMTAD halvpension HTTP 200 248929
WIKTIONARY_HAMTAD halvpension HTTP 429 0
UPPSLAGSORD halvpension traffar=saol,so,saob
SVENSKA_SE_HAMTAD halvstop HTTP 200 6457
SYNONYMER_SE_HAMTAD halvstop HTTP 200 237627
WIKTIONARY_HAMTAD halvstop HTTP 429 0
UPPSLAGSORD halvstop traffar=saol,so,saob
SVENSKA_SE_HAMTAD hambo HTTP 200 6495
SYNONYMER_SE_HAMTAD hambo HTTP 200 255388
WIKTIONARY_HAMTAD hambo HTTP 200 789
UPPSLAGSORD hambo traffar=saol,so,saob
SVENSKA_SE_HAMTAD handlag HTTP 200 6858
SYNONYMER_SE_HAMTAD handlag HTTP 200 259893
WIKTIONARY_HAMTAD handlag HTTP 200 398
UPPSLAGSORD handlag traffar=saol,so,saob
SVENSKA_SE_HAMTAD harka HTTP 200 17322
SYNONYMER_SE_HAMTAD harka HTTP 200 260106
WIKTIONARY_HAMTAD harka HTTP 200 398
UPPSLAGSORD harka traffar=saol,saob
SVENSKA_SE_HAMTAD harm HTTP 200 7634
SYNONYMER_SE_HAMTAD harm HTTP 200 263753
WIKTIONARY_HAMTAD harm HTTP 200 1759
UPPSLAGSORD harm traffar=saol,so,saob
SVENSKA_SE_HAMTAD harmfullt HTTP 200 5635
SYNONYMER_SE_HAMTAD harmfullt HTTP 200 228038
WIKTIONARY_HAMTAD harmfullt HTTP 200 398
UPPSLAGSORD harmfullt hittad som uppslagsform 'harmfull'
UPPSLAGSORD harmfullt traffar=saol,so,saob via=harmfull
SVENSKA_SE_HAMTAD harmynt HTTP 200 5798
SYNONYMER_SE_HAMTAD harmynt HTTP 200 245963
WIKTIONARY_HAMTAD harmynt HTTP 200 665
UPPSLAGSORD harmynt traffar=saol,so,saob
SVENSKA_SE_HAMTAD harnesk HTTP 200 7166
SYNONYMER_SE_HAMTAD harnesk HTTP 200 273061
WIKTIONARY_HAMTAD harnesk HTTP 200 2672
UPPSLAGSORD harnesk traffar=saol,so,saob
SVENSKA_SE_HAMTAD harpun HTTP 200 6361
SYNONYMER_SE_HAMTAD harpun HTTP 200 267166
WIKTIONARY_HAMTAD harpun HTTP 200 1042
UPPSLAGSORD harpun traffar=saol,so,saob
SVENSKA_SE_HAMTAD hasp HTTP 200 6025
SYNONYMER_SE_HAMTAD hasp HTTP 200 269683
WIKTIONARY_HAMTAD hasp HTTP 200 398
UPPSLAGSORD hasp traffar=saol,so,saob
SVENSKA_SE_HAMTAD haspel HTTP 200 7902
SYNONYMER_SE_HAMTAD haspel HTTP 200 265359
WIKTIONARY_HAMTAD haspel HTTP 200 462
UPPSLAGSORD haspel traffar=saol,so,saob
SVENSKA_SE_HAMTAD hattig HTTP 200 7816
SYNONYMER_SE_HAMTAD hattig HTTP 200 246975
WIKTIONARY_HAMTAD hattig HTTP 429 0
UPPSLAGSORD hattig traffar=saol,so
SVENSKA_SE_HAMTAD hebré HTTP 200 6318
SYNONYMER_SE_HAMTAD hebré HTTP 200 249875
WIKTIONARY_HAMTAD hebré HTTP 429 0
UPPSLAGSORD hebré traffar=saol,so,saob
SVENSKA_SE_HAMTAD heliocentrisk HTTP 200 5315
SYNONYMER_SE_HAMTAD heliocentrisk HTTP 200 242294
WIKTIONARY_HAMTAD heliocentrisk HTTP 200 378
UPPSLAGSORD heliocentrisk traffar=saol,so,saob
SVENSKA_SE_HAMTAD helioterapi HTTP 200 17836
SYNONYMER_SE_HAMTAD helioterapi HTTP 200 225461
WIKTIONARY_HAMTAD helioterapi HTTP 200 398
UPPSLAGSORD helioterapi traffar=saob
SVENSKA_SE_HAMTAD hematit HTTP 200 5392
SYNONYMER_SE_HAMTAD hematit HTTP 200 250198
WIKTIONARY_HAMTAD hematit HTTP 200 398
UPPSLAGSORD hematit traffar=saol,so,saob
SVENSKA_SE_HAMTAD hematologi HTTP 200 4724
SYNONYMER_SE_HAMTAD hematologi HTTP 200 256474
WIKTIONARY_HAMTAD hematologi HTTP 200 398
UPPSLAGSORD hematologi traffar=saol,so,saob
SVENSKA_SE_HAMTAD hembära HTTP 200 8292
SYNONYMER_SE_HAMTAD hembära HTTP 200 256707
WIKTIONARY_HAMTAD hembära HTTP 200 398
UPPSLAGSORD hembära traffar=saol,so,saob
FRAS_UTAN_UPPSLAGSORD hemfalla åt -- svenska.se-traffarna galler bestandsdelarna, inte frasen. Kastas.
SVENSKA_SE_HAMTAD hemfalla åt HTTP 200 19781
SYNONYMER_SE_HAMTAD hemfalla åt HTTP 200 224524
WIKTIONARY_HAMTAD hemfalla åt HTTP 200 398
UPPSLAGSORD hemfalla åt traffar=INGEN
SVENSKA_SE_HAMTAD hemtam HTTP 200 6068
SYNONYMER_SE_HAMTAD hemtam HTTP 200 254769
WIKTIONARY_HAMTAD hemtam HTTP 200 398
UPPSLAGSORD hemtam traffar=saol,so,saob
SVENSKA_SE_HAMTAD henna HTTP 200 6905
SYNONYMER_SE_HAMTAD henna HTTP 200 232070
WIKTIONARY_HAMTAD henna HTTP 200 748
UPPSLAGSORD henna traffar=saol,so,saob
SVENSKA_SE_HAMTAD herdedikt HTTP 200 11584
SYNONYMER_SE_HAMTAD herdedikt HTTP 200 252253
WIKTIONARY_HAMTAD herdedikt HTTP 200 400
UPPSLAGSORD herdedikt traffar=saol,saob
SVENSKA_SE_HAMTAD hernia HTTP 200 20986
SYNONYMER_SE_HAMTAD hernia HTTP 200 221734
WIKTIONARY_HAMTAD hernia HTTP 200 515
UPPSLAGSORD hernia traffar=INGEN
SVENSKA_SE_HAMTAD heteronom HTTP 200 11283
SYNONYMER_SE_HAMTAD heteronom HTTP 200 238762
WIKTIONARY_HAMTAD heteronom HTTP 429 0
UPPSLAGSORD heteronom traffar=saol,saob
SVENSKA_SE_HAMTAD hetvägg HTTP 200 6800
SYNONYMER_SE_HAMTAD hetvägg HTTP 200 264142
WIKTIONARY_HAMTAD hetvägg HTTP 429 0
UPPSLAGSORD hetvägg traffar=saol,so,saob
SVENSKA_SE_HAMTAD hexameter HTTP 200 6464
SYNONYMER_SE_HAMTAD hexameter HTTP 200 249633
WIKTIONARY_HAMTAD hexameter HTTP 200 503
UPPSLAGSORD hexameter traffar=saol,so,saob
SVENSKA_SE_HAMTAD hibernation HTTP 200 5349
SYNONYMER_SE_HAMTAD hibernation HTTP 200 250358
WIKTIONARY_HAMTAD hibernation HTTP 200 398
UPPSLAGSORD hibernation traffar=saol,so,saob
SVENSKA_SE_HAMTAD hippopotamus HTTP 200 107545
SYNONYMER_SE_HAMTAD hippopotamus HTTP 200 187413
WIKTIONARY_HAMTAD hippopotamus HTTP 200 268
UPPSLAGSORD hippopotamus traffar=INGEN
SVENSKA_SE_HAMTAD hissna HTTP 200 8031
SYNONYMER_SE_HAMTAD hissna HTTP 200 230652
WIKTIONARY_HAMTAD hissna HTTP 200 266
UPPSLAGSORD hissna traffar=saob
SVENSKA_SE_HAMTAD hithörande HTTP 200 4370
SYNONYMER_SE_HAMTAD hithörande HTTP 200 236493
WIKTIONARY_HAMTAD hithörande HTTP 200 398
UPPSLAGSORD hithörande traffar=saol,so,saob
SVENSKA_SE_HAMTAD hjärtefråga HTTP 200 5838
SYNONYMER_SE_HAMTAD hjärtefråga HTTP 200 248531
WIKTIONARY_HAMTAD hjärtefråga HTTP 200 254
UPPSLAGSORD hjärtefråga traffar=saol,so,saob
SVENSKA_SE_HAMTAD hjärtligen HTTP 200 4273
SYNONYMER_SE_HAMTAD hjärtligen HTTP 200 240624
WIKTIONARY_HAMTAD hjärtligen HTTP 200 398
UPPSLAGSORD hjärtligen traffar=saol,so,saob
SVENSKA_SE_HAMTAD hjässa HTTP 200 7141
SYNONYMER_SE_HAMTAD hjässa HTTP 200 265366
WIKTIONARY_HAMTAD hjässa HTTP 200 956
UPPSLAGSORD hjässa traffar=saol,so,saob
SVENSKA_SE_HAMTAD holma HTTP 200 19793
SYNONYMER_SE_HAMTAD holma HTTP 200 216753
WIKTIONARY_HAMTAD holma HTTP 200 398
UPPSLAGSORD holma traffar=saob
SVENSKA_SE_HAMTAD homogen HTTP 200 6865
SYNONYMER_SE_HAMTAD homogen HTTP 200 253931
WIKTIONARY_HAMTAD homogen HTTP 200 1249
UPPSLAGSORD homogen traffar=saol,so,saob
SVENSKA_SE_HAMTAD homograf HTTP 200 13892
SYNONYMER_SE_HAMTAD homograf HTTP 200 257784
WIKTIONARY_HAMTAD homograf HTTP 429 0
UPPSLAGSORD homograf traffar=saol,so
SVENSKA_SE_HAMTAD homolog HTTP 200 5972
SYNONYMER_SE_HAMTAD homolog HTTP 200 239460
WIKTIONARY_HAMTAD homolog HTTP 429 0
UPPSLAGSORD homolog traffar=saol,so,saob
SVENSKA_SE_HAMTAD homosocial HTTP 200 6743
SYNONYMER_SE_HAMTAD homosocial HTTP 200 230018
WIKTIONARY_HAMTAD homosocial HTTP 200 1434
UPPSLAGSORD homosocial traffar=saol,so
SVENSKA_SE_HAMTAD honnett HTTP 200 11589
SYNONYMER_SE_HAMTAD honnett HTTP 200 241041
WIKTIONARY_HAMTAD honnett HTTP 200 358
UPPSLAGSORD honnett traffar=saol,saob
SVENSKA_SE_HAMTAD honnörsord HTTP 200 8459
SYNONYMER_SE_HAMTAD honnörsord HTTP 200 248749
WIKTIONARY_HAMTAD honnörsord HTTP 200 291
UPPSLAGSORD honnörsord traffar=saol,so
SVENSKA_SE_HAMTAD honoris causa HTTP 200 11110
SYNONYMER_SE_HAMTAD honoris causa HTTP 200 229208
WIKTIONARY_HAMTAD honoris causa HTTP 200 224
UPPSLAGSORD honoris causa traffar=so
SVENSKA_SE_HAMTAD hors-d'oeuvre HTTP 200 113175
SYNONYMER_SE_HAMTAD hors-d'oeuvre HTTP 200 220416
WIKTIONARY_HAMTAD hors-d'oeuvre HTTP 200 398
UPPSLAGSORD hors-d'oeuvre traffar=so
SVENSKA_SE_HAMTAD hortativ HTTP 200 20337
SYNONYMER_SE_HAMTAD hortativ HTTP 200 204048
WIKTIONARY_HAMTAD hortativ HTTP 200 400
UPPSLAGSORD hortativ traffar=saob
SVENSKA_SE_HAMTAD hortonom HTTP 200 7688
SYNONYMER_SE_HAMTAD hortonom HTTP 200 257628
SYNONYMER_SE_ENDAST_ANVANDARBIDRAG hortonom
WIKTIONARY_HAMTAD hortonom HTTP 200 246
UPPSLAGSORD hortonom traffar=saol,so
SVENSKA_SE_HAMTAD hospis HTTP 200 6834
SYNONYMER_SE_HAMTAD hospis HTTP 200 252393
WIKTIONARY_HAMTAD hospis HTTP 200 398
UPPSLAGSORD hospis traffar=saol
SVENSKA_SE_HAMTAD hovjunkare HTTP 200 17770
SYNONYMER_SE_HAMTAD hovjunkare HTTP 200 203576
WIKTIONARY_HAMTAD hovjunkare HTTP 200 398
UPPSLAGSORD hovjunkare traffar=saob
FRAS_UTAN_UPPSLAGSORD hugget som stucket -- svenska.se-traffarna galler bestandsdelarna, inte frasen. Kastas.
SVENSKA_SE_HAMTAD hugget som stucket HTTP 200 17714
SYNONYMER_SE_HAMTAD hugget som stucket HTTP 200 204252
WIKTIONARY_HAMTAD hugget som stucket HTTP 200 1435
UPPSLAGSORD hugget som stucket traffar=INGEN
SVENSKA_SE_HAMTAD humifiera HTTP 200 18206
SYNONYMER_SE_HAMTAD humifiera HTTP 200 204042
WIKTIONARY_HAMTAD humifiera HTTP 429 0
UPPSLAGSORD humifiera traffar=saob
SVENSKA_SE_HAMTAD hundväder HTTP 200 4673
SYNONYMER_SE_HAMTAD hundväder HTTP 200 247134
WIKTIONARY_HAMTAD hundväder HTTP 429 0
UPPSLAGSORD hundväder traffar=saol,so,saob
SVENSKA_SE_HAMTAD hundår HTTP 200 6759
SYNONYMER_SE_HAMTAD hundår HTTP 200 254330
WIKTIONARY_HAMTAD hundår HTTP 200 398
UPPSLAGSORD hundår traffar=saol,so,saob
SVENSKA_SE_HAMTAD hundöra HTTP 200 6283
SYNONYMER_SE_HAMTAD hundöra HTTP 200 245308
WIKTIONARY_HAMTAD hundöra HTTP 200 617
UPPSLAGSORD hundöra traffar=saol,so,saob
SVENSKA_SE_HAMTAD hurril HTTP 200 5958
SYNONYMER_SE_HAMTAD hurril HTTP 200 251656
WIKTIONARY_HAMTAD hurril HTTP 200 398
UPPSLAGSORD hurril traffar=saol,so,saob
SVENSKA_SE_HAMTAD husbock HTTP 200 5723
SYNONYMER_SE_HAMTAD husbock HTTP 200 250076
WIKTIONARY_HAMTAD husbock HTTP 200 398
UPPSLAGSORD husbock traffar=saol,so,saob
FRAS_UTAN_UPPSLAGSORD huttla med någon -- svenska.se-traffarna galler bestandsdelarna, inte frasen. Kastas.
SVENSKA_SE_HAMTAD huttla med någon HTTP 200 17646
SYNONYMER_SE_HAMTAD huttla med någon HTTP 200 187515
WIKTIONARY_HAMTAD huttla med någon HTTP 200 398
UPPSLAGSORD huttla med någon traffar=INGEN
FRAS_UTAN_UPPSLAGSORD huttla med något -- svenska.se-traffarna galler bestandsdelarna, inte frasen. Kastas.
SVENSKA_SE_HAMTAD huttla med något HTTP 200 17627
SYNONYMER_SE_HAMTAD huttla med något HTTP 200 203991
WIKTIONARY_HAMTAD huttla med något HTTP 200 398
UPPSLAGSORD huttla med något traffar=INGEN
SVENSKA_SE_HAMTAD huvudgärd HTTP 200 6903
SYNONYMER_SE_HAMTAD huvudgärd HTTP 200 248579
WIKTIONARY_HAMTAD huvudgärd HTTP 200 398
UPPSLAGSORD huvudgärd traffar=saol,so,saob
SVENSKA_SE_HAMTAD huvudhärd HTTP 200 18453
SYNONYMER_SE_HAMTAD huvudhärd HTTP 200 246632
WIKTIONARY_HAMTAD huvudhärd HTTP 200 398
UPPSLAGSORD huvudhärd traffar=saob
SVENSKA_SE_HAMTAD hydrat HTTP 200 6927
SYNONYMER_SE_HAMTAD hydrat HTTP 200 254688
WIKTIONARY_HAMTAD hydrat HTTP 200 357
UPPSLAGSORD hydrat traffar=saol,so,saob
SVENSKA_SE_HAMTAD hydraulik HTTP 200 5686
SYNONYMER_SE_HAMTAD hydraulik HTTP 200 250047
WIKTIONARY_HAMTAD hydraulik HTTP 200 799
UPPSLAGSORD hydraulik traffar=saol,so,saob
SVENSKA_SE_HAMTAD hydrokultur HTTP 200 7050
SYNONYMER_SE_HAMTAD hydrokultur HTTP 200 250531
WIKTIONARY_HAMTAD hydrokultur HTTP 429 0
UPPSLAGSORD hydrokultur traffar=saol,so
SVENSKA_SE_HAMTAD hyperbol HTTP 200 6340
SYNONYMER_SE_HAMTAD hyperbol HTTP 200 257192
WIKTIONARY_HAMTAD hyperbol HTTP 429 0
UPPSLAGSORD hyperbol traffar=saol,so,saob
SVENSKA_SE_HAMTAD hypofys HTTP 200 5995
SYNONYMER_SE_HAMTAD hypofys HTTP 200 256127
WIKTIONARY_HAMTAD hypofys HTTP 200 1081
UPPSLAGSORD hypofys traffar=saol,so,saob
SVENSKA_SE_HAMTAD hypoglykemi HTTP 200 100762
SYNONYMER_SE_HAMTAD hypoglykemi HTTP 200 209889
SYNONYMER_SE_ENDAST_ANVANDARBIDRAG hypoglykemi
WIKTIONARY_HAMTAD hypoglykemi HTTP 200 398
UPPSLAGSORD hypoglykemi traffar=INGEN
SVENSKA_SE_HAMTAD hypokondriker HTTP 200 5693
SYNONYMER_SE_HAMTAD hypokondriker HTTP 200 249282
WIKTIONARY_HAMTAD hypokondriker HTTP 200 1028
UPPSLAGSORD hypokondriker traffar=saol,so,saob
SVENSKA_SE_HAMTAD hyponym HTTP 200 8321
SYNONYMER_SE_HAMTAD hyponym HTTP 200 248763
WIKTIONARY_HAMTAD hyponym HTTP 200 1904
UPPSLAGSORD hyponym traffar=saol,so
FRAS_UTAN_UPPSLAGSORD hyssja /hyscha -- svenska.se-traffarna galler bestandsdelarna, inte frasen. Kastas.
SVENSKA_SE_HAMTAD hyssja /hyscha HTTP 200 17664
SYNONYMER_SE_HAMTAD hyssja /hyscha HTTP 404 0
WIKTIONARY_HAMTAD hyssja /hyscha HTTP 200 398
UPPSLAGSORD hyssja /hyscha traffar=INGEN
SVENSKA_SE_HAMTAD häckla HTTP 200 17273
SYNONYMER_SE_HAMTAD häckla HTTP 200 305105
WIKTIONARY_HAMTAD häckla HTTP 200 2563
UPPSLAGSORD häckla traffar=saol,so,saob
SVENSKA_SE_HAMTAD hägring HTTP 200 6590
SYNONYMER_SE_HAMTAD hägring HTTP 200 264475
WIKTIONARY_HAMTAD hägring HTTP 200 947
UPPSLAGSORD hägring traffar=saol,so,saob
SVENSKA_SE_HAMTAD hälare HTTP 200 6323
SYNONYMER_SE_HAMTAD hälare HTTP 200 254462
WIKTIONARY_HAMTAD hälare HTTP 200 491
UPPSLAGSORD hälare traffar=saol,so,saob
SVENSKA_SE_HAMTAD häleri HTTP 200 8617
SYNONYMER_SE_HAMTAD häleri HTTP 200 255975
SYNONYMER_SE_ENDAST_ANVANDARBIDRAG häleri
WIKTIONARY_HAMTAD häleri HTTP 200 412
UPPSLAGSORD häleri traffar=saol,so
SVENSKA_SE_HAMTAD hämningslös HTTP 200 7909
SYNONYMER_SE_HAMTAD hämningslös HTTP 200 261329
WIKTIONARY_HAMTAD hämningslös HTTP 200 398
UPPSLAGSORD hämningslös traffar=saol,so
SVENSKA_SE_HAMTAD hängfärdig HTTP 200 4845
SYNONYMER_SE_HAMTAD hängfärdig HTTP 200 242466
WIKTIONARY_HAMTAD hängfärdig HTTP 429 0
UPPSLAGSORD hängfärdig traffar=saol,so,saob
SVENSKA_SE_HAMTAD hänrycka HTTP 200 7945
SYNONYMER_SE_HAMTAD hänrycka HTTP 200 269457
WIKTIONARY_HAMTAD hänrycka HTTP 429 0
UPPSLAGSORD hänrycka traffar=saol,so,saob
SVENSKA_SE_HAMTAD hänvisa HTTP 200 8947
SYNONYMER_SE_HAMTAD hänvisa HTTP 200 278241
WIKTIONARY_HAMTAD hänvisa HTTP 200 987
UPPSLAGSORD hänvisa traffar=saol,so,saob
SVENSKA_SE_HAMTAD hänvända HTTP 200 18402
SYNONYMER_SE_HAMTAD hänvända HTTP 200 258815
WIKTIONARY_HAMTAD hänvända HTTP 200 398
UPPSLAGSORD hänvända traffar=saob
SVENSKA_SE_HAMTAD härad HTTP 200 7574
SYNONYMER_SE_HAMTAD härad HTTP 200 261489
WIKTIONARY_HAMTAD härad HTTP 200 2484
UPPSLAGSORD härad traffar=saol,so,saob
SVENSKA_SE_HAMTAD härförleden HTTP 200 4365
SYNONYMER_SE_HAMTAD härförleden HTTP 200 236610
WIKTIONARY_HAMTAD härförleden HTTP 200 1071
UPPSLAGSORD härförleden traffar=saol,so,saob
SVENSKA_SE_HAMTAD härröra HTTP 200 14186
SYNONYMER_SE_HAMTAD härröra HTTP 200 204378
WIKTIONARY_HAMTAD härröra HTTP 200 610
UPPSLAGSORD härröra traffar=saol,so,saob
SVENSKA_SE_HAMTAD härsken HTTP 200 7142
SYNONYMER_SE_HAMTAD härsken HTTP 200 260910
WIKTIONARY_HAMTAD härsken HTTP 200 1061
UPPSLAGSORD härsken traffar=saol,so,saob
SVENSKA_SE_HAMTAD härskri HTTP 200 6660
SYNONYMER_SE_HAMTAD härskri HTTP 200 246829
WIKTIONARY_HAMTAD härskri HTTP 200 398
UPPSLAGSORD härskri traffar=saol,so,saob
SVENSKA_SE_HAMTAD hästminne HTTP 200 4763
SYNONYMER_SE_HAMTAD hästminne HTTP 200 254705
WIKTIONARY_HAMTAD hästminne HTTP 200 400
UPPSLAGSORD hästminne traffar=saol,so,saob
SVENSKA_SE_HAMTAD hätta HTTP 200 7304
SYNONYMER_SE_HAMTAD hätta HTTP 200 255535
WIKTIONARY_HAMTAD hätta HTTP 200 1279
UPPSLAGSORD hätta traffar=saol,so,saob
SVENSKA_SE_HAMTAD häxring HTTP 200 6139
SYNONYMER_SE_HAMTAD häxring HTTP 200 241631
WIKTIONARY_HAMTAD häxring HTTP 200 1597
UPPSLAGSORD häxring traffar=saol,so,saob
SVENSKA_SE_HAMTAD hålfot HTTP 200 6528
SYNONYMER_SE_HAMTAD hålfot HTTP 200 249859
WIKTIONARY_HAMTAD hålfot HTTP 429 0
UPPSLAGSORD hålfot traffar=saol,so,saob
FRAS_UTAN_UPPSLAGSORD hålla fanan högt -- svenska.se-traffarna galler bestandsdelarna, inte frasen. Kastas.
SVENSKA_SE_HAMTAD hålla fanan högt HTTP 200 17685
SYNONYMER_SE_HAMTAD hålla fanan högt HTTP 200 187782
WIKTIONARY_HAMTAD hålla fanan högt HTTP 429 0
UPPSLAGSORD hålla fanan högt traffar=INGEN
FRAS_UTAN_UPPSLAGSORD hålla någon stången -- svenska.se-traffarna galler bestandsdelarna, inte frasen. Kastas.
SVENSKA_SE_HAMTAD hålla någon stången HTTP 200 17730
SYNONYMER_SE_HAMTAD hålla någon stången HTTP 200 204647
WIKTIONARY_HAMTAD hålla någon stången HTTP 200 398
UPPSLAGSORD hålla någon stången traffar=INGEN
FRAS_UTAN_UPPSLAGSORD hår av hin -- svenska.se-traffarna galler bestandsdelarna, inte frasen. Kastas.
SVENSKA_SE_HAMTAD hår av hin HTTP 200 19698
SYNONYMER_SE_HAMTAD hår av hin HTTP 200 209788
WIKTIONARY_HAMTAD hår av hin HTTP 200 398
UPPSLAGSORD hår av hin traffar=INGEN
SVENSKA_SE_HAMTAD hårdhudad HTTP 200 4751
SYNONYMER_SE_HAMTAD hårdhudad HTTP 200 244352
WIKTIONARY_HAMTAD hårdhudad HTTP 200 398
UPPSLAGSORD hårdhudad traffar=saol,so,saob
SVENSKA_SE_HAMTAD hårdra HTTP 200 11209
SYNONYMER_SE_HAMTAD hårdra HTTP 200 264029
WIKTIONARY_HAMTAD hårdra HTTP 200 796
UPPSLAGSORD hårdra traffar=saol,so
SVENSKA_SE_HAMTAD högrest HTTP 200 5329
SYNONYMER_SE_HAMTAD högrest HTTP 200 236525
WIKTIONARY_HAMTAD högrest HTTP 200 576
UPPSLAGSORD högrest traffar=saol,so,saob
FRAS_UTAN_UPPSLAGSORD högt i tak -- svenska.se-traffarna galler bestandsdelarna, inte frasen. Kastas.
SVENSKA_SE_HAMTAD högt i tak HTTP 200 19425
SYNONYMER_SE_HAMTAD högt i tak HTTP 200 187731
WIKTIONARY_HAMTAD högt i tak HTTP 200 549
UPPSLAGSORD högt i tak traffar=INGEN
SVENSKA_SE_HAMTAD högvördig HTTP 200 5589
SYNONYMER_SE_HAMTAD högvördig HTTP 200 231133
WIKTIONARY_HAMTAD högvördig HTTP 200 398
UPPSLAGSORD högvördig traffar=saol,so,saob
SVENSKA_SE_HAMTAD hönsig HTTP 200 4883
SYNONYMER_SE_HAMTAD hönsig HTTP 200 223125
WIKTIONARY_HAMTAD hönsig HTTP 200 398
UPPSLAGSORD hönsig traffar=saol,so,saob
SVENSKA_SE_HAMTAD hörsamma HTTP 200 11122
SYNONYMER_SE_HAMTAD hörsamma HTTP 200 280622
WIKTIONARY_HAMTAD hörsamma HTTP 200 798
UPPSLAGSORD hörsamma traffar=saol,so,saob
FRAS_UTAN_UPPSLAGSORD hötta / hytta -- svenska.se-traffarna galler bestandsdelarna, inte frasen. Kastas.
SVENSKA_SE_HAMTAD hötta / hytta HTTP 200 17677
SYNONYMER_SE_HAMTAD hötta / hytta HTTP 404 0
WIKTIONARY_HAMTAD hötta / hytta HTTP 200 400
UPPSLAGSORD hötta / hytta traffar=INGEN
FRAS_UTAN_UPPSLAGSORD i bära mässingen -- svenska.se-traffarna galler bestandsdelarna, inte frasen. Kastas.
SVENSKA_SE_HAMTAD i bära mässingen HTTP 200 17678
SYNONYMER_SE_HAMTAD i bära mässingen HTTP 200 204481
WIKTIONARY_HAMTAD i bära mässingen HTTP 429 0
UPPSLAGSORD i bära mässingen traffar=INGEN
FRAS_UTAN_UPPSLAGSORD i en blink -- svenska.se-traffarna galler bestandsdelarna, inte frasen. Kastas.
SVENSKA_SE_HAMTAD i en blink HTTP 200 17527
SYNONYMER_SE_HAMTAD i en blink HTTP 200 187712
WIKTIONARY_HAMTAD i en blink HTTP 429 0
UPPSLAGSORD i en blink traffar=INGEN
FRAS_UTAN_UPPSLAGSORD i en handvändning -- svenska.se-traffarna galler bestandsdelarna, inte frasen. Kastas.
SVENSKA_SE_HAMTAD i en handvändning HTTP 200 17718
SYNONYMER_SE_HAMTAD i en handvändning HTTP 200 237529
WIKTIONARY_HAMTAD i en handvändning HTTP 200 398
UPPSLAGSORD i en handvändning traffar=INGEN
FRAS_UTAN_UPPSLAGSORD i ett nötskal -- svenska.se-traffarna galler bestandsdelarna, inte frasen. Kastas.
SVENSKA_SE_HAMTAD i ett nötskal HTTP 200 17680
SYNONYMER_SE_HAMTAD i ett nötskal HTTP 200 204203
WIKTIONARY_HAMTAD i ett nötskal HTTP 200 400
UPPSLAGSORD i ett nötskal traffar=INGEN
FRAS_UTAN_UPPSLAGSORD i förskingringen -- svenska.se-traffarna galler bestandsdelarna, inte frasen. Kastas.
SVENSKA_SE_HAMTAD i förskingringen HTTP 200 17660
SYNONYMER_SE_HAMTAD i förskingringen HTTP 200 218603
WIKTIONARY_HAMTAD i förskingringen HTTP 200 398
UPPSLAGSORD i förskingringen traffar=INGEN
FRAS_UTAN_UPPSLAGSORD i hast -- svenska.se-traffarna galler bestandsdelarna, inte frasen. Kastas.
SVENSKA_SE_HAMTAD i hast HTTP 200 20162
SYNONYMER_SE_HAMTAD i hast HTTP 200 210511
WIKTIONARY_HAMTAD i hast HTTP 200 398
UPPSLAGSORD i hast traffar=INGEN
FRAS_UTAN_UPPSLAGSORD i jämbredd med -- svenska.se-traffarna galler bestandsdelarna, inte frasen. Kastas.
SVENSKA_SE_HAMTAD i jämbredd med HTTP 200 17647
SYNONYMER_SE_HAMTAD i jämbredd med HTTP 200 219235
WIKTIONARY_HAMTAD i jämbredd med HTTP 200 398
UPPSLAGSORD i jämbredd med traffar=INGEN
FRAS_UTAN_UPPSLAGSORD i kraft av -- svenska.se-traffarna galler bestandsdelarna, inte frasen. Kastas.
SVENSKA_SE_HAMTAD i kraft av HTTP 200 12660
SYNONYMER_SE_HAMTAD i kraft av HTTP 200 229894
WIKTIONARY_HAMTAD i kraft av HTTP 200 398
UPPSLAGSORD i kraft av traffar=INGEN
FRAS_UTAN_UPPSLAGSORD i luven på varandra -- svenska.se-traffarna galler bestandsdelarna, inte frasen. Kastas.
SVENSKA_SE_HAMTAD i luven på varandra HTTP 200 17719
SYNONYMER_SE_HAMTAD i luven på varandra HTTP 200 204425
WIKTIONARY_HAMTAD i luven på varandra HTTP 200 398
UPPSLAGSORD i luven på varandra traffar=INGEN
FRAS_UTAN_UPPSLAGSORD i långa banor -- svenska.se-traffarna galler bestandsdelarna, inte frasen. Kastas.
SVENSKA_SE_HAMTAD i långa banor HTTP 200 17664
SYNONYMER_SE_HAMTAD i långa banor HTTP 200 229028
WIKTIONARY_HAMTAD i långa banor HTTP 200 398
UPPSLAGSORD i långa banor traffar=INGEN
FRAS_UTAN_UPPSLAGSORD i onåd -- svenska.se-traffarna galler bestandsdelarna, inte frasen. Kastas.
SVENSKA_SE_HAMTAD i onåd HTTP 200 18184
SYNONYMER_SE_HAMTAD i onåd HTTP 200 204059
WIKTIONARY_HAMTAD i onåd HTTP 200 398
UPPSLAGSORD i onåd traffar=INGEN
FRAS_UTAN_UPPSLAGSORD i parti och minut -- svenska.se-traffarna galler bestandsdelarna, inte frasen. Kastas.
SVENSKA_SE_HAMTAD i parti och minut HTTP 200 17701
SYNONYMER_SE_HAMTAD i parti och minut HTTP 200 187568
WIKTIONARY_HAMTAD i parti och minut HTTP 200 398
UPPSLAGSORD i parti och minut traffar=INGEN
FRAS_UTAN_UPPSLAGSORD i sporrsträck -- svenska.se-traffarna galler bestandsdelarna, inte frasen. Kastas.
SVENSKA_SE_HAMTAD i sporrsträck HTTP 200 17684
SYNONYMER_SE_HAMTAD i sporrsträck HTTP 200 204289
WIKTIONARY_HAMTAD i sporrsträck HTTP 429 0
UPPSLAGSORD i sporrsträck traffar=INGEN
FRAS_UTAN_UPPSLAGSORD i stadens hank och stör -- svenska.se-traffarna galler bestandsdelarna, inte frasen. Kastas.
SVENSKA_SE_HAMTAD i stadens hank och stör HTTP 200 17739
SYNONYMER_SE_HAMTAD i stadens hank och stör HTTP 200 187922
WIKTIONARY_HAMTAD i stadens hank och stör HTTP 429 0
UPPSLAGSORD i stadens hank och stör traffar=INGEN
FRAS_UTAN_UPPSLAGSORD i tid och otid -- svenska.se-traffarna galler bestandsdelarna, inte frasen. Kastas.
SVENSKA_SE_HAMTAD i tid och otid HTTP 200 17685
SYNONYMER_SE_HAMTAD i tid och otid HTTP 200 238123
WIKTIONARY_HAMTAD i tid och otid HTTP 200 938
UPPSLAGSORD i tid och otid traffar=INGEN
FRAS_UTAN_UPPSLAGSORD icke förty -- svenska.se-traffarna galler bestandsdelarna, inte frasen. Kastas.
SVENSKA_SE_HAMTAD icke förty HTTP 200 16545
SYNONYMER_SE_HAMTAD icke förty HTTP 200 224177
WIKTIONARY_HAMTAD icke förty HTTP 200 398
UPPSLAGSORD icke förty traffar=INGEN
SVENSKA_SE_HAMTAD ihängsen HTTP 200 11192
SYNONYMER_SE_HAMTAD ihängsen HTTP 200 232233
WIKTIONARY_HAMTAD ihängsen HTTP 200 398
UPPSLAGSORD ihängsen traffar=saol,saob
SVENSKA_SE_HAMTAD ikonologi HTTP 200 17903
SYNONYMER_SE_HAMTAD ikonologi HTTP 200 204067
WIKTIONARY_HAMTAD ikonologi HTTP 200 398
UPPSLAGSORD ikonologi traffar=saob
SVENSKA_SE_HAMTAD illande HTTP 200 5486
SYNONYMER_SE_HAMTAD illande HTTP 200 242696
WIKTIONARY_HAMTAD illande HTTP 200 398
UPPSLAGSORD illande traffar=saol,so,saob
SVENSKA_SE_HAMTAD illuminera HTTP 200 8313
SYNONYMER_SE_HAMTAD illuminera HTTP 200 264638
WIKTIONARY_HAMTAD illuminera HTTP 200 525
UPPSLAGSORD illuminera traffar=saol,so,saob
SVENSKA_SE_HAMTAD imaginär HTTP 200 5360
SYNONYMER_SE_HAMTAD imaginär HTTP 200 243218
WIKTIONARY_HAMTAD imaginär HTTP 200 1462
UPPSLAGSORD imaginär traffar=saol,so,saob
SVENSKA_SE_HAMTAD imitativ HTTP 200 5633
SYNONYMER_SE_HAMTAD imitativ HTTP 200 240580
WIKTIONARY_HAMTAD imitativ HTTP 200 398
UPPSLAGSORD imitativ traffar=saol,so,saob
SVENSKA_SE_HAMTAD immatrikulera HTTP 200 7696
SYNONYMER_SE_HAMTAD immatrikulera HTTP 200 262896
WIKTIONARY_HAMTAD immatrikulera HTTP 200 584
UPPSLAGSORD immatrikulera traffar=saol,so,saob
SVENSKA_SE_HAMTAD immortell HTTP 200 17981
SYNONYMER_SE_HAMTAD immortell HTTP 200 203991
WIKTIONARY_HAMTAD immortell HTTP 200 398
UPPSLAGSORD immortell traffar=saob
SVENSKA_SE_HAMTAD impedans HTTP 200 5272
SYNONYMER_SE_HAMTAD impedans HTTP 200 240760
WIKTIONARY_HAMTAD impedans HTTP 429 0
UPPSLAGSORD impedans traffar=saol,so,saob
SVENSKA_SE_HAMTAD imperatorisk HTTP 200 11243
SYNONYMER_SE_HAMTAD imperatorisk HTTP 200 222566
WIKTIONARY_HAMTAD imperatorisk HTTP 429 0
UPPSLAGSORD imperatorisk traffar=saol,saob
SVENSKA_SE_HAMTAD imperialistisk HTTP 200 4853
SYNONYMER_SE_HAMTAD imperialistisk HTTP 200 242713
WIKTIONARY_HAMTAD imperialistisk HTTP 200 347
UPPSLAGSORD imperialistisk traffar=saol,so,saob
SVENSKA_SE_HAMTAD impertinens HTTP 200 11309
SYNONYMER_SE_HAMTAD impertinens HTTP 200 227870
WIKTIONARY_HAMTAD impertinens HTTP 200 569
UPPSLAGSORD impertinens traffar=saol,saob
SVENSKA_SE_HAMTAD implementera HTTP 200 9770
SYNONYMER_SE_HAMTAD implementera HTTP 200 261984
WIKTIONARY_HAMTAD implementera HTTP 200 658
UPPSLAGSORD implementera traffar=saol,so
SVENSKA_SE_HAMTAD implodera HTTP 200 11184
SYNONYMER_SE_HAMTAD implodera HTTP 200 262212
SYNONYMER_SE_ENDAST_ANVANDARBIDRAG implodera
WIKTIONARY_HAMTAD implodera HTTP 200 503
UPPSLAGSORD implodera traffar=saol,so
SVENSKA_SE_HAMTAD impresario HTTP 200 19888
SYNONYMER_SE_HAMTAD impresario HTTP 200 203626
WIKTIONARY_HAMTAD impresario HTTP 200 398
UPPSLAGSORD impresario traffar=INGEN
SVENSKA_SE_HAMTAD impressario HTTP 200 6335
SYNONYMER_SE_HAMTAD impressario HTTP 200 260366
WIKTIONARY_HAMTAD impressario HTTP 200 361
UPPSLAGSORD impressario traffar=saol,so,saob
SVENSKA_SE_HAMTAD impressionism HTTP 200 6919
SYNONYMER_SE_HAMTAD impressionism HTTP 200 256181
WIKTIONARY_HAMTAD impressionism HTTP 200 1336
UPPSLAGSORD impressionism traffar=saol,so,saob
SVENSKA_SE_HAMTAD impressionistisk HTTP 200 6169
SYNONYMER_SE_HAMTAD impressionistisk HTTP 200 240644
WIKTIONARY_HAMTAD impressionistisk HTTP 200 608
UPPSLAGSORD impressionistisk traffar=saol,so,saob
FRAS_UTAN_UPPSLAGSORD in media res -- svenska.se-traffarna galler bestandsdelarna, inte frasen. Kastas.
SVENSKA_SE_HAMTAD in media res HTTP 200 15181
SYNONYMER_SE_HAMTAD in media res HTTP 200 187404
WIKTIONARY_HAMTAD in media res HTTP 200 398
UPPSLAGSORD in media res traffar=INGEN
FRAS_UTAN_UPPSLAGSORD in perpetuum -- svenska.se-traffarna galler bestandsdelarna, inte frasen. Kastas.
SVENSKA_SE_HAMTAD in perpetuum HTTP 200 19054
SYNONYMER_SE_HAMTAD in perpetuum HTTP 200 204206
WIKTIONARY_HAMTAD in perpetuum HTTP 200 398
UPPSLAGSORD in perpetuum traffar=INGEN
FRAS_UTAN_UPPSLAGSORD in suspenso -- svenska.se-traffarna galler bestandsdelarna, inte frasen. Kastas.
SVENSKA_SE_HAMTAD in suspenso HTTP 200 19811
SYNONYMER_SE_HAMTAD in suspenso HTTP 200 204088
WIKTIONARY_HAMTAD in suspenso HTTP 429 0
UPPSLAGSORD in suspenso traffar=INGEN
FRAS_UTAN_UPPSLAGSORD in vino veritas -- svenska.se-traffarna galler bestandsdelarna, inte frasen. Kastas.
SVENSKA_SE_HAMTAD in vino veritas HTTP 200 17648
SYNONYMER_SE_HAMTAD in vino veritas HTTP 200 204258
WIKTIONARY_HAMTAD in vino veritas HTTP 429 0
UPPSLAGSORD in vino veritas traffar=INGEN
FRAS_UTAN_UPPSLAGSORD in vitro -- svenska.se-traffarna galler bestandsdelarna, inte frasen. Kastas.
SVENSKA_SE_HAMTAD in vitro HTTP 200 19708
SYNONYMER_SE_HAMTAD in vitro HTTP 200 230555
WIKTIONARY_HAMTAD in vitro HTTP 200 398
UPPSLAGSORD in vitro traffar=INGEN
SVENSKA_SE_HAMTAD inackordering HTTP 200 6784
SYNONYMER_SE_HAMTAD inackordering HTTP 200 263221
WIKTIONARY_HAMTAD inackordering HTTP 200 1452
UPPSLAGSORD inackordering traffar=saol,so,saob
SVENSKA_SE_HAMTAD inarbeta HTTP 200 9602
SYNONYMER_SE_HAMTAD inarbeta HTTP 200 264225
WIKTIONARY_HAMTAD inarbeta HTTP 200 398
UPPSLAGSORD inarbeta traffar=saol,so,saob
SVENSKA_SE_HAMTAD inbringande HTTP 200 11239
SYNONYMER_SE_HAMTAD inbringande HTTP 200 255250
WIKTIONARY_HAMTAD inbringande HTTP 200 398
UPPSLAGSORD inbringande traffar=saol,so,saob
FRAS_UTAN_UPPSLAGSORD inbäddad journalist/reporter -- svenska.se-traffarna galler bestandsdelarna, inte frasen. Kastas.
SVENSKA_SE_HAMTAD inbäddad journalist/reporter HTTP 200 17768
SYNONYMER_SE_HAMTAD inbäddad journalist/reporter HTTP 404 0
WIKTIONARY_HAMTAD inbäddad journalist/reporter HTTP 200 398
UPPSLAGSORD inbäddad journalist/reporter traffar=INGEN
SVENSKA_SE_HAMTAD indisposition HTTP 200 4851
SYNONYMER_SE_HAMTAD indisposition HTTP 200 246808
WIKTIONARY_HAMTAD indisposition HTTP 200 398
UPPSLAGSORD indisposition traffar=saol,so,saob
SVENSKA_SE_HAMTAD inducera HTTP 200 9255
SYNONYMER_SE_HAMTAD inducera HTTP 200 261135
WIKTIONARY_HAMTAD inducera HTTP 200 398
UPPSLAGSORD inducera traffar=saol,so,saob
SVENSKA_SE_HAMTAD induktion HTTP 200 7816
SYNONYMER_SE_HAMTAD induktion HTTP 200 253318
WIKTIONARY_HAMTAD induktion HTTP 200 1341
UPPSLAGSORD induktion traffar=saol,so,saob
SVENSKA_SE_HAMTAD infallsrik HTTP 200 5271
SYNONYMER_SE_HAMTAD infallsrik HTTP 200 233984
WIKTIONARY_HAMTAD infallsrik HTTP 200 398
UPPSLAGSORD infallsrik traffar=saol,so,saob
SVENSKA_SE_HAMTAD infria HTTP 200 7997
SYNONYMER_SE_HAMTAD infria HTTP 200 284931
WIKTIONARY_HAMTAD infria HTTP 200 501
UPPSLAGSORD infria traffar=saol,so,saob
FRAS_UTAN_UPPSLAGSORD inget man snyter ur näsan -- svenska.se-traffarna galler bestandsdelarna, inte frasen. Kastas.
SVENSKA_SE_HAMTAD inget man snyter ur näsan HTTP 200 17648
SYNONYMER_SE_HAMTAD inget man snyter ur näsan HTTP 200 204882
WIKTIONARY_HAMTAD inget man snyter ur näsan HTTP 429 0
UPPSLAGSORD inget man snyter ur näsan traffar=INGEN
FRAS_UTAN_UPPSLAGSORD inget nytt under solen -- svenska.se-traffarna galler bestandsdelarna, inte frasen. Kastas.
SVENSKA_SE_HAMTAD inget nytt under solen HTTP 200 2280
SYNONYMER_SE_HAMTAD inget nytt under solen HTTP 200 204248
WIKTIONARY_HAMTAD inget nytt under solen HTTP 429 0
UPPSLAGSORD inget nytt under solen traffar=INGEN
SVENSKA_SE_HAMTAD ingivelse HTTP 200 6496
SYNONYMER_SE_HAMTAD ingivelse HTTP 200 275022
WIKTIONARY_HAMTAD ingivelse HTTP 200 892
UPPSLAGSORD ingivelse traffar=saol,so,saob
SVENSKA_SE_HAMTAD ingäld HTTP 200 13332
SYNONYMER_SE_HAMTAD ingäld HTTP 200 245634
WIKTIONARY_HAMTAD ingäld HTTP 200 398
UPPSLAGSORD ingäld traffar=saob
SVENSKA_SE_HAMTAD inhalation HTTP 200 7247
SYNONYMER_SE_HAMTAD inhalation HTTP 200 259567
WIKTIONARY_HAMTAD inhalation HTTP 200 668
UPPSLAGSORD inhalation traffar=saol,so,saob
SVENSKA_SE_HAMTAD inhalera HTTP 200 7780
SYNONYMER_SE_HAMTAD inhalera HTTP 200 255761
WIKTIONARY_HAMTAD inhalera HTTP 200 446
UPPSLAGSORD inhalera traffar=saol,so,saob
SVENSKA_SE_HAMTAD injaga HTTP 200 8559
SYNONYMER_SE_HAMTAD injaga HTTP 200 263374
WIKTIONARY_HAMTAD injaga HTTP 200 398
UPPSLAGSORD injaga traffar=saol,so,saob
SVENSKA_SE_HAMTAD injektera HTTP 200 10774
SYNONYMER_SE_HAMTAD injektera HTTP 200 253261
WIKTIONARY_HAMTAD injektera HTTP 200 398
UPPSLAGSORD injektera traffar=saol,so
SVENSKA_SE_HAMTAD injurie HTTP 200 6193
SYNONYMER_SE_HAMTAD injurie HTTP 200 230215
WIKTIONARY_HAMTAD injurie HTTP 200 398
UPPSLAGSORD injurie traffar=saol,so,saob
SVENSKA_SE_HAMTAD inkrustera HTTP 200 7506
SYNONYMER_SE_HAMTAD inkrustera HTTP 200 252038
WIKTIONARY_HAMTAD inkrustera HTTP 200 398
UPPSLAGSORD inkrustera traffar=saol,so,saob
SVENSKA_SE_HAMTAD inkråm HTTP 200 5280
SYNONYMER_SE_HAMTAD inkråm HTTP 200 258872
WIKTIONARY_HAMTAD inkråm HTTP 200 398
UPPSLAGSORD inkråm traffar=saol,so,saob
SVENSKA_SE_HAMTAD inkubationstid HTTP 200 5829
SYNONYMER_SE_HAMTAD inkubationstid HTTP 200 243912
WIKTIONARY_HAMTAD inkubationstid HTTP 200 585
UPPSLAGSORD inkubationstid traffar=saol,so,saob
SVENSKA_SE_HAMTAD inkurant HTTP 200 5017
SYNONYMER_SE_HAMTAD inkurant HTTP 200 237041
WIKTIONARY_HAMTAD inkurant HTTP 429 0
UPPSLAGSORD inkurant traffar=saol,so,saob
FRAS_UTAN_UPPSLAGSORD inlåta sig i -- svenska.se-traffarna galler bestandsdelarna, inte frasen. Kastas.
SVENSKA_SE_HAMTAD inlåta sig i HTTP 200 17749
SYNONYMER_SE_HAMTAD inlåta sig i HTTP 200 187940
WIKTIONARY_HAMTAD inlåta sig i HTTP 429 0
UPPSLAGSORD inlåta sig i traffar=INGEN
FRAS_UTAN_UPPSLAGSORD inlåta sig med -- svenska.se-traffarna galler bestandsdelarna, inte frasen. Kastas.
SVENSKA_SE_HAMTAD inlåta sig med HTTP 200 17674
SYNONYMER_SE_HAMTAD inlåta sig med HTTP 200 221813
WIKTIONARY_HAMTAD inlåta sig med HTTP 200 398
UPPSLAGSORD inlåta sig med traffar=INGEN
SVENSKA_SE_HAMTAD inmänga HTTP 200 8203
SYNONYMER_SE_HAMTAD inmänga HTTP 200 246951
WIKTIONARY_HAMTAD inmänga HTTP 200 398
UPPSLAGSORD inmänga traffar=saol,so,saob
FRAS_UTAN_UPPSLAGSORD innästla sig -- svenska.se-traffarna galler bestandsdelarna, inte frasen. Kastas.
SVENSKA_SE_HAMTAD innästla sig HTTP 200 19699
SYNONYMER_SE_HAMTAD innästla sig HTTP 200 229862
WIKTIONARY_HAMTAD innästla sig HTTP 200 398
UPPSLAGSORD innästla sig traffar=INGEN
SVENSKA_SE_HAMTAD inrättning HTTP 200 9183
SYNONYMER_SE_HAMTAD inrättning HTTP 200 260382
WIKTIONARY_HAMTAD inrättning HTTP 200 1896
UPPSLAGSORD inrättning traffar=saol,so,saob
SVENSKA_SE_HAMTAD insistera HTTP 200 7772
SYNONYMER_SE_HAMTAD insistera HTTP 200 269371
WIKTIONARY_HAMTAD insistera HTTP 200 993
UPPSLAGSORD insistera traffar=saol,so,saob
SVENSKA_SE_HAMTAD inskrida HTTP 200 6653
SYNONYMER_SE_HAMTAD inskrida HTTP 200 257050
WIKTIONARY_HAMTAD inskrida HTTP 200 398
UPPSLAGSORD inskrida traffar=saol,so,saob
SVENSKA_SE_HAMTAD insomnia HTTP 200 124681
SYNONYMER_SE_HAMTAD insomnia HTTP 200 227337
WIKTIONARY_HAMTAD insomnia HTTP 200 203
UPPSLAGSORD insomnia traffar=INGEN
SVENSKA_SE_HAMTAD instans HTTP 200 6563
SYNONYMER_SE_HAMTAD instans HTTP 200 266300
WIKTIONARY_HAMTAD instans HTTP 200 756
UPPSLAGSORD instans traffar=saol,so,saob
SVENSKA_SE_HAMTAD institutionalisera HTTP 200 9671
SYNONYMER_SE_HAMTAD institutionalisera HTTP 200 268346
WIKTIONARY_HAMTAD institutionalisera HTTP 200 398
UPPSLAGSORD institutionalisera traffar=saol,so
SVENSKA_SE_HAMTAD instundande HTTP 200 7586
SYNONYMER_SE_HAMTAD instundande HTTP 200 249316
WIKTIONARY_HAMTAD instundande HTTP 200 367
UPPSLAGSORD instundande traffar=saol
SVENSKA_SE_HAMTAD insulin HTTP 200 5469
SYNONYMER_SE_HAMTAD insulin HTTP 200 245603
WIKTIONARY_HAMTAD insulin HTTP 429 0
UPPSLAGSORD insulin traffar=saol,so,saob
SVENSKA_SE_HAMTAD insulär HTTP 200 5207
SYNONYMER_SE_HAMTAD insulär HTTP 200 244450
WIKTIONARY_HAMTAD insulär HTTP 429 0
UPPSLAGSORD insulär traffar=saol,so,saob
SVENSKA_SE_HAMTAD insydd HTTP 200 13252
SYNONYMER_SE_HAMTAD insydd HTTP 200 247439
WIKTIONARY_HAMTAD insydd HTTP 200 398
UPPSLAGSORD insydd traffar=saol,so
SVENSKA_SE_HAMTAD intala HTTP 200 10079
SYNONYMER_SE_HAMTAD intala HTTP 200 283117
WIKTIONARY_HAMTAD intala HTTP 200 398
UPPSLAGSORD intala traffar=saol,so,saob
FRAS_UTAN_UPPSLAGSORD inte det bittersta -- svenska.se-traffarna galler bestandsdelarna, inte frasen. Kastas.
SVENSKA_SE_HAMTAD inte det bittersta HTTP 200 17659
SYNONYMER_SE_HAMTAD inte det bittersta HTTP 200 204741
WIKTIONARY_HAMTAD inte det bittersta HTTP 200 398
UPPSLAGSORD inte det bittersta traffar=INGEN
FRAS_UTAN_UPPSLAGSORD inte ett skapande(s) grand -- svenska.se-traffarna galler bestandsdelarna, inte frasen. Kastas.
SVENSKA_SE_HAMTAD inte ett skapande(s) grand HTTP 200 2654
SYNONYMER_SE_HAMTAD inte ett skapande(s) grand HTTP 200 204491
WIKTIONARY_HAMTAD inte ett skapande(s) grand HTTP 200 398
UPPSLAGSORD inte ett skapande(s) grand traffar=INGEN
FRAS_UTAN_UPPSLAGSORD inte ha ... till övers för -- svenska.se-traffarna galler bestandsdelarna, inte frasen. Kastas.
SVENSKA_SE_HAMTAD inte ha ... till övers för HTTP 200 17758
SYNONYMER_SE_HAMTAD inte ha ... till övers för HTTP 200 188668
WIKTIONARY_HAMTAD inte ha ... till övers för HTTP 200 398
UPPSLAGSORD inte ha ... till övers för traffar=INGEN
FRAS_UTAN_UPPSLAGSORD inte lägga fingrarna emellan -- svenska.se-traffarna galler bestandsdelarna, inte frasen. Kastas.
SVENSKA_SE_HAMTAD inte lägga fingrarna emellan HTTP 200 17731
SYNONYMER_SE_HAMTAD inte lägga fingrarna emellan HTTP 200 229266
WIKTIONARY_HAMTAD inte lägga fingrarna emellan HTTP 200 398
UPPSLAGSORD inte lägga fingrarna emellan traffar=INGEN
FRAS_UTAN_UPPSLAGSORD inte på långt när -- svenska.se-traffarna galler bestandsdelarna, inte frasen. Kastas.
SVENSKA_SE_HAMTAD inte på långt när HTTP 200 17745
SYNONYMER_SE_HAMTAD inte på långt när HTTP 200 188288
WIKTIONARY_HAMTAD inte på långt när HTTP 200 398
UPPSLAGSORD inte på långt när traffar=INGEN
FRAS_UTAN_UPPSLAGSORD inte spotta i glaset -- svenska.se-traffarna galler bestandsdelarna, inte frasen. Kastas.
SVENSKA_SE_HAMTAD inte spotta i glaset HTTP 200 17651
SYNONYMER_SE_HAMTAD inte spotta i glaset HTTP 200 218996
WIKTIONARY_HAMTAD inte spotta i glaset HTTP 200 398
UPPSLAGSORD inte spotta i glaset traffar=INGEN
FRAS_UTAN_UPPSLAGSORD inte tu tal om ngt -- svenska.se-traffarna galler bestandsdelarna, inte frasen. Kastas.
SVENSKA_SE_HAMTAD inte tu tal om ngt HTTP 200 17718
SYNONYMER_SE_HAMTAD inte tu tal om ngt HTTP 200 204705
WIKTIONARY_HAMTAD inte tu tal om ngt HTTP 200 398
UPPSLAGSORD inte tu tal om ngt traffar=INGEN
FRAS_UTAN_UPPSLAGSORD inte vara född i farstun -- svenska.se-traffarna galler bestandsdelarna, inte frasen. Kastas.
SVENSKA_SE_HAMTAD inte vara född i farstun HTTP 200 17730
SYNONYMER_SE_HAMTAD inte vara född i farstun HTTP 200 205151
WIKTIONARY_HAMTAD inte vara född i farstun HTTP 200 398
UPPSLAGSORD inte vara född i farstun traffar=INGEN
FRAS_UTAN_UPPSLAGSORD inte vara torr bakom öronen -- svenska.se-traffarna galler bestandsdelarna, inte frasen. Kastas.
SVENSKA_SE_HAMTAD inte vara torr bakom öronen HTTP 200 17767
SYNONYMER_SE_HAMTAD inte vara torr bakom öronen HTTP 200 220004
WIKTIONARY_HAMTAD inte vara torr bakom öronen HTTP 200 398
UPPSLAGSORD inte vara torr bakom öronen traffar=INGEN
SVENSKA_SE_HAMTAD inteckning HTTP 200 7281
SYNONYMER_SE_HAMTAD inteckning HTTP 200 269609
WIKTIONARY_HAMTAD inteckning HTTP 429 0
UPPSLAGSORD inteckning traffar=saol,so,saob
SVENSKA_SE_HAMTAD integration HTTP 200 7297
SYNONYMER_SE_HAMTAD integration HTTP 200 262013
WIKTIONARY_HAMTAD integration HTTP 429 0
UPPSLAGSORD integration traffar=saol,so,saob
SVENSKA_SE_HAMTAD interim HTTP 200 13370
SYNONYMER_SE_HAMTAD interim HTTP 200 237141
WIKTIONARY_HAMTAD interim HTTP 200 740
UPPSLAGSORD interim traffar=saol,saob
SVENSKA_SE_HAMTAD internalisera HTTP 200 9346
SYNONYMER_SE_HAMTAD internalisera HTTP 200 256587
WIKTIONARY_HAMTAD internalisera HTTP 200 872
UPPSLAGSORD internalisera traffar=saol,so
SVENSKA_SE_HAMTAD intonation HTTP 200 7305
SYNONYMER_SE_HAMTAD intonation HTTP 200 257796
WIKTIONARY_HAMTAD intonation HTTP 200 1422
UPPSLAGSORD intonation traffar=saol,so,saob
SVENSKA_SE_HAMTAD intravenös HTTP 200 6092
SYNONYMER_SE_HAMTAD intravenös HTTP 200 239250
WIKTIONARY_HAMTAD intravenös HTTP 200 790
UPPSLAGSORD intravenös traffar=saol,so,saob
SVENSKA_SE_HAMTAD inuit HTTP 200 8619
SYNONYMER_SE_HAMTAD inuit HTTP 200 260783
WIKTIONARY_HAMTAD inuit HTTP 200 524
UPPSLAGSORD inuit traffar=saol,so
SVENSKA_SE_HAMTAD inventarium HTTP 200 6813
SYNONYMER_SE_HAMTAD inventarium HTTP 200 265419
WIKTIONARY_HAMTAD inventarium HTTP 200 1234
UPPSLAGSORD inventarium traffar=saol,so,saob
SVENSKA_SE_HAMTAD involvera HTTP 200 8171
SYNONYMER_SE_HAMTAD involvera HTTP 200 267649
WIKTIONARY_HAMTAD involvera HTTP 200 862
UPPSLAGSORD involvera traffar=saol,so,saob
FRAS_UTAN_UPPSLAGSORD ipso jure -- svenska.se-traffarna galler bestandsdelarna, inte frasen. Kastas.
SVENSKA_SE_HAMTAD ipso jure HTTP 200 18315
SYNONYMER_SE_HAMTAD ipso jure HTTP 200 204136
WIKTIONARY_HAMTAD ipso jure HTTP 200 398
UPPSLAGSORD ipso jure traffar=INGEN
SVENSKA_SE_HAMTAD irreell HTTP 200 5360
SYNONYMER_SE_HAMTAD irreell HTTP 200 222962
WIKTIONARY_HAMTAD irreell HTTP 200 398
UPPSLAGSORD irreell traffar=saol,so,saob
SVENSKA_SE_HAMTAD irreparabel HTTP 200 4837
SYNONYMER_SE_HAMTAD irreparabel HTTP 200 241105
WIKTIONARY_HAMTAD irreparabel HTTP 200 580
UPPSLAGSORD irreparabel traffar=saol,so,saob
SVENSKA_SE_HAMTAD irrigation HTTP 200 4902
SYNONYMER_SE_HAMTAD irrigation HTTP 200 241622
WIKTIONARY_HAMTAD irrigation HTTP 429 0
UPPSLAGSORD irrigation traffar=saol,so,saob
SVENSKA_SE_HAMTAD iso- HTTP 200 12076
SYNONYMER_SE_HAMTAD iso- HTTP 200 203964
WIKTIONARY_HAMTAD iso- HTTP 429 0
UPPSLAGSORD iso- traffar=so,saob
SVENSKA_SE_HAMTAD isomorf HTTP 200 5229
SYNONYMER_SE_HAMTAD isomorf HTTP 200 236382
WIKTIONARY_HAMTAD isomorf HTTP 200 688
UPPSLAGSORD isomorf traffar=saol,so,saob
SVENSKA_SE_HAMTAD iterativ HTTP 200 5008
SYNONYMER_SE_HAMTAD iterativ HTTP 200 239698
WIKTIONARY_HAMTAD iterativ HTTP 200 1035
UPPSLAGSORD iterativ traffar=saol,so,saob
SVENSKA_SE_HAMTAD itänd HTTP 200 18187
SYNONYMER_SE_HAMTAD itänd HTTP 200 204080
WIKTIONARY_HAMTAD itänd HTTP 200 398
UPPSLAGSORD itänd traffar=saob
FRAS_UTAN_UPPSLAGSORD ivra för -- svenska.se-traffarna galler bestandsdelarna, inte frasen. Kastas.
SVENSKA_SE_HAMTAD ivra för HTTP 200 20080
SYNONYMER_SE_HAMTAD ivra för HTTP 200 234392
WIKTIONARY_HAMTAD ivra för HTTP 200 398
UPPSLAGSORD ivra för traffar=INGEN
SVENSKA_SE_HAMTAD jade HTTP 200 5406
SYNONYMER_SE_HAMTAD jade HTTP 200 240491
WIKTIONARY_HAMTAD jade HTTP 200 1909
UPPSLAGSORD jade traffar=saol,so,saob
FRAS_UTAN_UPPSLAGSORD jag mötte lassie -- svenska.se-traffarna galler bestandsdelarna, inte frasen. Kastas.
SVENSKA_SE_HAMTAD jag mötte lassie HTTP 200 17628
SYNONYMER_SE_HAMTAD jag mötte lassie HTTP 200 204641
WIKTIONARY_HAMTAD jag mötte lassie HTTP 200 398
UPPSLAGSORD jag mötte lassie traffar=INGEN
FRAS_UTAN_UPPSLAGSORD jaga ngn med blåslampa -- svenska.se-traffarna galler bestandsdelarna, inte frasen. Kastas.
SVENSKA_SE_HAMTAD jaga ngn med blåslampa HTTP 200 17713
SYNONYMER_SE_HAMTAD jaga ngn med blåslampa HTTP 200 210264
WIKTIONARY_HAMTAD jaga ngn med blåslampa HTTP 200 398
UPPSLAGSORD jaga ngn med blåslampa traffar=INGEN
SVENSKA_SE_HAMTAD jalu HTTP 200 4872
SYNONYMER_SE_HAMTAD jalu HTTP 200 221302
WIKTIONARY_HAMTAD jalu HTTP 200 878
UPPSLAGSORD jalu traffar=saol,so,saob
SVENSKA_SE_HAMTAD jamare HTTP 200 6193
SYNONYMER_SE_HAMTAD jamare HTTP 200 258102
WIKTIONARY_HAMTAD jamare HTTP 200 398
UPPSLAGSORD jamare traffar=saol,so,saob
SVENSKA_SE_HAMTAD jamb HTTP 200 6137
SYNONYMER_SE_HAMTAD jamb HTTP 200 251572
WIKTIONARY_HAMTAD jamb HTTP 200 521
UPPSLAGSORD jamb traffar=saol,so,saob
SVENSKA_SE_HAMTAD jantelagen HTTP 200 7732
SYNONYMER_SE_HAMTAD jantelagen HTTP 200 241031
WIKTIONARY_HAMTAD jantelagen HTTP 429 0
UPPSLAGSORD jantelagen traffar=INGEN
SVENSKA_SE_HAMTAD jaspis HTTP 200 6168
SYNONYMER_SE_HAMTAD jaspis HTTP 200 256454
WIKTIONARY_HAMTAD jaspis HTTP 429 0
UPPSLAGSORD jaspis traffar=saol,so,saob
SVENSKA_SE_HAMTAD jenka HTTP 200 8446
SYNONYMER_SE_HAMTAD jenka HTTP 200 240701
WIKTIONARY_HAMTAD jenka HTTP 200 398
UPPSLAGSORD jenka traffar=saol,so
SVENSKA_SE_HAMTAD jet-lag HTTP 200 104455
SYNONYMER_SE_HAMTAD jet-lag HTTP 200 204036
WIKTIONARY_HAMTAD jet-lag HTTP 200 398
UPPSLAGSORD jet-lag traffar=saol,so
SVENSKA_SE_HAMTAD jetset HTTP 200 13776
SYNONYMER_SE_HAMTAD jetset HTTP 200 256889
WIKTIONARY_HAMTAD jetset HTTP 200 398
UPPSLAGSORD jetset traffar=saol
SVENSKA_SE_HAMTAD jingo HTTP 200 104524
SYNONYMER_SE_HAMTAD jingo HTTP 200 203912
WIKTIONARY_HAMTAD jingo HTTP 200 398
UPPSLAGSORD jingo traffar=INGEN
SVENSKA_SE_HAMTAD jobberi HTTP 200 5877
SYNONYMER_SE_HAMTAD jobberi HTTP 200 253906
WIKTIONARY_HAMTAD jobberi HTTP 200 398
UPPSLAGSORD jobberi traffar=saol,so,saob
SVENSKA_SE_HAMTAD jokk HTTP 200 8141
SYNONYMER_SE_HAMTAD jokk HTTP 200 246966
WIKTIONARY_HAMTAD jokk HTTP 200 635
UPPSLAGSORD jokk traffar=saol,so
SVENSKA_SE_HAMTAD jolmig HTTP 200 6603
SYNONYMER_SE_HAMTAD jolmig HTTP 200 267329
WIKTIONARY_HAMTAD jolmig HTTP 200 653
UPPSLAGSORD jolmig traffar=saol,so,saob
SVENSKA_SE_HAMTAD jorda HTTP 200 8321
SYNONYMER_SE_HAMTAD jorda HTTP 200 267933
WIKTIONARY_HAMTAD jorda HTTP 200 1430
UPPSLAGSORD jorda traffar=saol,so,saob
SVENSKA_SE_HAMTAD jordbunden HTTP 200 5014
SYNONYMER_SE_HAMTAD jordbunden HTTP 200 239144
WIKTIONARY_HAMTAD jordbunden HTTP 200 726
UPPSLAGSORD jordbunden traffar=saol,so,saob
SVENSKA_SE_HAMTAD joxig HTTP 200 6761
SYNONYMER_SE_HAMTAD joxig HTTP 200 235190
WIKTIONARY_HAMTAD joxig HTTP 200 398
UPPSLAGSORD joxig traffar=saol,so,saob
SVENSKA_SE_HAMTAD judiciell HTTP 200 4954
SYNONYMER_SE_HAMTAD judiciell HTTP 200 242868
WIKTIONARY_HAMTAD judiciell HTTP 429 0
UPPSLAGSORD judiciell traffar=saol,so,saob
SVENSKA_SE_HAMTAD julp HTTP 200 19182
SYNONYMER_SE_HAMTAD julp HTTP 200 223157
WIKTIONARY_HAMTAD julp HTTP 429 0
UPPSLAGSORD julp traffar=saob
SVENSKA_SE_HAMTAD jungman HTTP 200 6453
SYNONYMER_SE_HAMTAD jungman HTTP 200 266359
WIKTIONARY_HAMTAD jungman HTTP 200 653
UPPSLAGSORD jungman traffar=saol,so,saob
SVENSKA_SE_HAMTAD justess HTTP 200 18521
SYNONYMER_SE_HAMTAD justess HTTP 200 204002
WIKTIONARY_HAMTAD justess HTTP 200 218
UPPSLAGSORD justess traffar=saob
SVENSKA_SE_HAMTAD jägmästare HTTP 200 6393
SYNONYMER_SE_HAMTAD jägmästare HTTP 200 249006
WIKTIONARY_HAMTAD jägmästare HTTP 200 862
UPPSLAGSORD jägmästare traffar=saol,so,saob
SVENSKA_SE_HAMTAD jämmerlig HTTP 200 7990
SYNONYMER_SE_HAMTAD jämmerlig HTTP 200 254751
WIKTIONARY_HAMTAD jämmerlig HTTP 200 766
UPPSLAGSORD jämmerlig traffar=saol,so,saob
FRAS_UTAN_UPPSLAGSORD jämnt skägg -- svenska.se-traffarna galler bestandsdelarna, inte frasen. Kastas.
SVENSKA_SE_HAMTAD jämnt skägg HTTP 200 18997
SYNONYMER_SE_HAMTAD jämnt skägg HTTP 200 187502
WIKTIONARY_HAMTAD jämnt skägg HTTP 200 398
UPPSLAGSORD jämnt skägg traffar=INGEN
SVENSKA_SE_HAMTAD järnglans HTTP 200 4726
SYNONYMER_SE_HAMTAD järnglans HTTP 200 239772
WIKTIONARY_HAMTAD järnglans HTTP 200 398
UPPSLAGSORD järnglans traffar=saol,so,saob
SVENSKA_SE_HAMTAD järnnatt HTTP 200 5862
SYNONYMER_SE_HAMTAD järnnatt HTTP 200 236185
WIKTIONARY_HAMTAD järnnatt HTTP 200 571
UPPSLAGSORD järnnatt traffar=saol,so,saob
SVENSKA_SE_HAMTAD järv HTTP 200 6257
SYNONYMER_SE_HAMTAD järv HTTP 200 255311
WIKTIONARY_HAMTAD järv HTTP 200 1744
UPPSLAGSORD järv traffar=saol,so,saob
SVENSKA_SE_HAMTAD jäsig HTTP 200 4941
SYNONYMER_SE_HAMTAD jäsig HTTP 200 224136
WIKTIONARY_HAMTAD jäsig HTTP 200 398
UPPSLAGSORD jäsig traffar=saol,so,saob
SVENSKA_SE_HAMTAD jäva HTTP 200 8271
SYNONYMER_SE_HAMTAD jäva HTTP 200 265635
WIKTIONARY_HAMTAD jäva HTTP 200 398
UPPSLAGSORD jäva traffar=saol,so,saob
SVENSKA_SE_HAMTAD kadrilj HTTP 200 6489
SYNONYMER_SE_HAMTAD kadrilj HTTP 200 254989
WIKTIONARY_HAMTAD kadrilj HTTP 429 0
UPPSLAGSORD kadrilj traffar=saol,so,saob
SVENSKA_SE_HAMTAD kainsmärke HTTP 200 5790
SYNONYMER_SE_HAMTAD kainsmärke HTTP 200 243318
WIKTIONARY_HAMTAD kainsmärke HTTP 429 0
UPPSLAGSORD kainsmärke traffar=saol,so,saob
SVENSKA_SE_HAMTAD kakafoni HTTP 200 119982
SYNONYMER_SE_HAMTAD kakafoni HTTP 200 229528
WIKTIONARY_HAMTAD kakafoni HTTP 200 398
UPPSLAGSORD kakafoni traffar=INGEN
SVENSKA_SE_HAMTAD kakfat HTTP 200 6275
SYNONYMER_SE_HAMTAD kakfat HTTP 200 242428
WIKTIONARY_HAMTAD kakfat HTTP 200 446
UPPSLAGSORD kakfat traffar=saol,so,saob
SVENSKA_SE_HAMTAD kaki HTTP 200 7697
SYNONYMER_SE_HAMTAD kaki HTTP 200 231703
WIKTIONARY_HAMTAD kaki HTTP 200 848
UPPSLAGSORD kaki traffar=saol,so,saob
SVENSKA_SE_HAMTAD kalejdoskop HTTP 200 6137
SYNONYMER_SE_HAMTAD kalejdoskop HTTP 200 257181
WIKTIONARY_HAMTAD kalejdoskop HTTP 200 1217
UPPSLAGSORD kalejdoskop traffar=saol,so,saob
SVENSKA_SE_HAMTAD kalif HTTP 200 6574
SYNONYMER_SE_HAMTAD kalif HTTP 200 244804
WIKTIONARY_HAMTAD kalif HTTP 200 1905
UPPSLAGSORD kalif traffar=saol,so,saob
SVENSKA_SE_HAMTAD kalikå HTTP 200 5373
SYNONYMER_SE_HAMTAD kalikå HTTP 200 246026
WIKTIONARY_HAMTAD kalikå HTTP 200 889
UPPSLAGSORD kalikå traffar=saol,so,saob
SVENSKA_SE_HAMTAD kalkera HTTP 200 8819
SYNONYMER_SE_HAMTAD kalkera HTTP 200 272537
WIKTIONARY_HAMTAD kalkera HTTP 200 478
UPPSLAGSORD kalkera traffar=saol,so,saob
SVENSKA_SE_HAMTAD kallprata HTTP 200 7296
SYNONYMER_SE_HAMTAD kallprata HTTP 200 258892
WIKTIONARY_HAMTAD kallprata HTTP 200 398
UPPSLAGSORD kallprata traffar=saol,so,saob
SVENSKA_SE_HAMTAD kallskänk HTTP 200 6327
SYNONYMER_SE_HAMTAD kallskänk HTTP 200 251569
WIKTIONARY_HAMTAD kallskänk HTTP 200 456
UPPSLAGSORD kallskänk traffar=saol,so,saob
SVENSKA_SE_HAMTAD kalorimeter HTTP 200 5701
SYNONYMER_SE_HAMTAD kalorimeter HTTP 200 249385
WIKTIONARY_HAMTAD kalorimeter HTTP 200 461
UPPSLAGSORD kalorimeter traffar=saol,so,saob
SVENSKA_SE_HAMTAD kambrosilur HTTP 200 5010
SYNONYMER_SE_HAMTAD kambrosilur HTTP 200 245100
WIKTIONARY_HAMTAD kambrosilur HTTP 429 0
UPPSLAGSORD kambrosilur traffar=saol,so,saob
SVENSKA_SE_HAMTAD kammarherre HTTP 200 6388
SYNONYMER_SE_HAMTAD kammarherre HTTP 200 256515
WIKTIONARY_HAMTAD kammarherre HTTP 429 0
UPPSLAGSORD kammarherre traffar=saol,so,saob
SVENSKA_SE_HAMTAD kammarjunkare HTTP 200 5895
SYNONYMER_SE_HAMTAD kammarjunkare HTTP 200 237178
WIKTIONARY_HAMTAD kammarjunkare HTTP 200 398
UPPSLAGSORD kammarjunkare traffar=saol,so,saob
SVENSKA_SE_HAMTAD kammarspel HTTP 200 6261
SYNONYMER_SE_HAMTAD kammarspel HTTP 200 248655
WIKTIONARY_HAMTAD kammarspel HTTP 200 468
UPPSLAGSORD kammarspel traffar=saol,so,saob
SVENSKA_SE_HAMTAD kampera HTTP 200 7472
SYNONYMER_SE_HAMTAD kampera HTTP 200 268299
WIKTIONARY_HAMTAD kampera HTTP 200 304
UPPSLAGSORD kampera traffar=saol,so,saob
SVENSKA_SE_HAMTAD kamé HTTP 200 6143
SYNONYMER_SE_HAMTAD kamé HTTP 200 242472
WIKTIONARY_HAMTAD kamé HTTP 200 673
UPPSLAGSORD kamé traffar=saol,so,saob
SVENSKA_SE_HAMTAD kannstöperi HTTP 200 6652
SYNONYMER_SE_HAMTAD kannstöperi HTTP 200 251615
WIKTIONARY_HAMTAD kannstöperi HTTP 200 398
UPPSLAGSORD kannstöperi traffar=saol,so,saob
SVENSKA_SE_HAMTAD kanslispråk HTTP 200 5101
SYNONYMER_SE_HAMTAD kanslispråk HTTP 200 249315
WIKTIONARY_HAMTAD kanslispråk HTTP 200 398
UPPSLAGSORD kanslispråk traffar=saol,so,saob
SVENSKA_SE_HAMTAD kantele HTTP 200 6031
SYNONYMER_SE_HAMTAD kantele HTTP 200 247378
WIKTIONARY_HAMTAD kantele HTTP 200 853
UPPSLAGSORD kantele traffar=saol,so,saob
SVENSKA_SE_HAMTAD kapellmästare HTTP 200 6344
SYNONYMER_SE_HAMTAD kapellmästare HTTP 200 251520
WIKTIONARY_HAMTAD kapellmästare HTTP 200 846
UPPSLAGSORD kapellmästare traffar=saol,so,saob
SVENSKA_SE_HAMTAD kapillär HTTP 200 10235
SYNONYMER_SE_HAMTAD kapillär HTTP 200 263449
SYNONYMER_SE_ENDAST_ANVANDARBIDRAG kapillär
WIKTIONARY_HAMTAD kapillär HTTP 200 1243
UPPSLAGSORD kapillär traffar=saol,so,saob
SVENSKA_SE_HAMTAD kapillärer HTTP 200 8078
SYNONYMER_SE_HAMTAD kapillärer HTTP 200 263426
SYNONYMER_SE_ENDAST_ANVANDARBIDRAG kapillärer
WIKTIONARY_HAMTAD kapillärer HTTP 200 182
UPPSLAGSORD kapillärer traffar=INGEN
SVENSKA_SE_HAMTAD kappvändare HTTP 200 8559
SYNONYMER_SE_HAMTAD kappvändare HTTP 200 257339
WIKTIONARY_HAMTAD kappvändare HTTP 429 0
UPPSLAGSORD kappvändare traffar=saol,so
SVENSKA_SE_HAMTAD karabinjär HTTP 200 6156
SYNONYMER_SE_HAMTAD karabinjär HTTP 200 252096
WIKTIONARY_HAMTAD karabinjär HTTP 429 0
UPPSLAGSORD karabinjär traffar=saol,so,saob
SVENSKA_SE_HAMTAD karantän HTTP 200 6492
SYNONYMER_SE_HAMTAD karantän HTTP 200 263686
WIKTIONARY_HAMTAD karantän HTTP 200 3222
UPPSLAGSORD karantän traffar=saol,so,saob
SVENSKA_SE_HAMTAD karda HTTP 200 14655
SYNONYMER_SE_HAMTAD karda HTTP 200 288866
WIKTIONARY_HAMTAD karda HTTP 200 1549
UPPSLAGSORD karda traffar=saol,so,saob
SVENSKA_SE_HAMTAD kardinalregel HTTP 200 12205
SYNONYMER_SE_HAMTAD kardinalregel HTTP 200 227646
WIKTIONARY_HAMTAD kardinalregel HTTP 200 398
UPPSLAGSORD kardinalregel traffar=saob
SVENSKA_SE_HAMTAD kardiologi HTTP 200 6889
SYNONYMER_SE_HAMTAD kardiologi HTTP 200 250670
WIKTIONARY_HAMTAD kardiologi HTTP 200 794
UPPSLAGSORD kardiologi traffar=saol,so
SVENSKA_SE_HAMTAD karitativ HTTP 200 13282
SYNONYMER_SE_HAMTAD karitativ HTTP 200 230690
WIKTIONARY_HAMTAD karitativ HTTP 200 398
UPPSLAGSORD karitativ traffar=saol
FRAS_UTAN_UPPSLAGSORD kariterna /chariterna -- svenska.se-traffarna galler bestandsdelarna, inte frasen. Kastas.
SVENSKA_SE_HAMTAD kariterna /chariterna HTTP 200 17722
SYNONYMER_SE_HAMTAD kariterna /chariterna HTTP 404 0
WIKTIONARY_HAMTAD kariterna /chariterna HTTP 200 398
UPPSLAGSORD kariterna /chariterna traffar=INGEN
SVENSKA_SE_HAMTAD karmosin HTTP 200 5681
SYNONYMER_SE_HAMTAD karmosin HTTP 200 244104
WIKTIONARY_HAMTAD karmosin HTTP 200 642
UPPSLAGSORD karmosin traffar=saol,so,saob
SVENSKA_SE_HAMTAD karotin HTTP 200 5292
SYNONYMER_SE_HAMTAD karotin HTTP 200 242980
WIKTIONARY_HAMTAD karotin HTTP 200 311
UPPSLAGSORD karotin traffar=saol,so,saob
SVENSKA_SE_HAMTAD kartig HTTP 200 8317
SYNONYMER_SE_HAMTAD kartig HTTP 200 244666
WIKTIONARY_HAMTAD kartig HTTP 200 226
UPPSLAGSORD kartig traffar=saol,so,saob
SVENSKA_SE_HAMTAD kaskad HTTP 200 6969
SYNONYMER_SE_HAMTAD kaskad HTTP 200 270592
WIKTIONARY_HAMTAD kaskad HTTP 200 1152
UPPSLAGSORD kaskad traffar=saol,so,saob
FRAS_UTAN_UPPSLAGSORD kasta barnet ut badvattnet -- svenska.se-traffarna galler bestandsdelarna, inte frasen. Kastas.
SVENSKA_SE_HAMTAD kasta barnet ut badvattnet HTTP 200 17755
SYNONYMER_SE_HAMTAD kasta barnet ut badvattnet HTTP 200 205018
WIKTIONARY_HAMTAD kasta barnet ut badvattnet HTTP 429 0
UPPSLAGSORD kasta barnet ut badvattnet traffar=INGEN
FRAS_UTAN_UPPSLAGSORD kasta goda pengar efter dåliga -- svenska.se-traffarna galler bestandsdelarna, inte frasen. Kastas.
SVENSKA_SE_HAMTAD kasta goda pengar efter dåliga HTTP 200 7891
SYNONYMER_SE_HAMTAD kasta goda pengar efter dåliga HTTP 200 205047
WIKTIONARY_HAMTAD kasta goda pengar efter dåliga HTTP 429 0
UPPSLAGSORD kasta goda pengar efter dåliga traffar=INGEN
FRAS_UTAN_UPPSLAGSORD kasta/slänga pärlor för svin -- svenska.se-traffarna galler bestandsdelarna, inte frasen. Kastas.
SVENSKA_SE_HAMTAD kasta/slänga pärlor för svin HTTP 200 17734
SYNONYMER_SE_HAMTAD kasta/slänga pärlor för svin HTTP 404 0
WIKTIONARY_HAMTAD kasta/slänga pärlor för svin HTTP 200 398
UPPSLAGSORD kasta/slänga pärlor för svin traffar=INGEN
SVENSKA_SE_HAMTAD kastanjett HTTP 200 6311
SYNONYMER_SE_HAMTAD kastanjett HTTP 200 237750
WIKTIONARY_HAMTAD kastanjett HTTP 200 1289
UPPSLAGSORD kastanjett traffar=saol,so,saob
SVENSKA_SE_HAMTAD katakres HTTP 200 6058
SYNONYMER_SE_HAMTAD katakres HTTP 200 245780
WIKTIONARY_HAMTAD katakres HTTP 200 1103
UPPSLAGSORD katakres traffar=saol,so,saob
SVENSKA_SE_HAMTAD katalysera HTTP 200 7838
SYNONYMER_SE_HAMTAD katalysera HTTP 200 255978
WIKTIONARY_HAMTAD katalysera HTTP 200 454
UPPSLAGSORD katalysera traffar=saol,so,saob
SVENSKA_SE_HAMTAD katamaran HTTP 200 7954
SYNONYMER_SE_HAMTAD katamaran HTTP 200 248450
WIKTIONARY_HAMTAD katamaran HTTP 200 1041
UPPSLAGSORD katamaran traffar=saol,so
SVENSKA_SE_HAMTAD katederundervisning HTTP 200 6776
SYNONYMER_SE_HAMTAD katederundervisning HTTP 200 236464
WIKTIONARY_HAMTAD katederundervisning HTTP 200 398
UPPSLAGSORD katederundervisning traffar=saol,so
SVENSKA_SE_HAMTAD kattrakande HTTP 200 7206
SYNONYMER_SE_HAMTAD kattrakande HTTP 200 246778
WIKTIONARY_HAMTAD kattrakande HTTP 200 580
UPPSLAGSORD kattrakande traffar=saol,so
FRAS_UTAN_UPPSLAGSORD kattun / cattun -- svenska.se-traffarna galler bestandsdelarna, inte frasen. Kastas.
SVENSKA_SE_HAMTAD kattun / cattun HTTP 200 17654
SYNONYMER_SE_HAMTAD kattun / cattun HTTP 404 0
WIKTIONARY_HAMTAD kattun / cattun HTTP 200 400
UPPSLAGSORD kattun / cattun traffar=INGEN
SVENSKA_SE_HAMTAD kavalleri HTTP 200 7091
SYNONYMER_SE_HAMTAD kavalleri HTTP 200 270369
WIKTIONARY_HAMTAD kavalleri HTTP 200 1061
UPPSLAGSORD kavalleri traffar=saol,so,saob
SVENSKA_SE_HAMTAD kavitet HTTP 200 6355
SYNONYMER_SE_HAMTAD kavitet HTTP 200 261750
WIKTIONARY_HAMTAD kavitet HTTP 200 286
UPPSLAGSORD kavitet traffar=saol,so,saob
SVENSKA_SE_HAMTAD keratit HTTP 200 8747
SYNONYMER_SE_HAMTAD keratit HTTP 200 204207
WIKTIONARY_HAMTAD keratit HTTP 429 0
UPPSLAGSORD keratit traffar=saob
SVENSKA_SE_HAMTAD ketch HTTP 200 6257
SYNONYMER_SE_HAMTAD ketch HTTP 200 248073
WIKTIONARY_HAMTAD ketch HTTP 429 0
UPPSLAGSORD ketch traffar=saol,so,saob
SVENSKA_SE_HAMTAD kettla HTTP 200 14599
SYNONYMER_SE_HAMTAD kettla HTTP 200 219604
WIKTIONARY_HAMTAD kettla HTTP 200 398
UPPSLAGSORD kettla traffar=so
SVENSKA_SE_HAMTAD kiasm HTTP 200 6571
SYNONYMER_SE_HAMTAD kiasm HTTP 200 234290
WIKTIONARY_HAMTAD kiasm HTTP 200 835
UPPSLAGSORD kiasm traffar=saol,so,saob
SVENSKA_SE_HAMTAD kimma HTTP 200 7482
SYNONYMER_SE_HAMTAD kimma HTTP 200 240886
WIKTIONARY_HAMTAD kimma HTTP 200 398
UPPSLAGSORD kimma traffar=saol,so,saob
SVENSKA_SE_HAMTAD kinestetisk HTTP 200 11357
SYNONYMER_SE_HAMTAD kinestetisk HTTP 200 230743
WIKTIONARY_HAMTAD kinestetisk HTTP 200 398
UPPSLAGSORD kinestetisk traffar=so,saob
SVENSKA_SE_HAMTAD kinetik HTTP 200 5619
SYNONYMER_SE_HAMTAD kinetik HTTP 200 247183
WIKTIONARY_HAMTAD kinetik HTTP 200 1938
UPPSLAGSORD kinetik traffar=saol,so,saob
SVENSKA_SE_HAMTAD kinin HTTP 200 5198
SYNONYMER_SE_HAMTAD kinin HTTP 200 243890
WIKTIONARY_HAMTAD kinin HTTP 200 625
UPPSLAGSORD kinin traffar=saol,so,saob
SVENSKA_SE_HAMTAD kinotek HTTP 200 8301
SYNONYMER_SE_HAMTAD kinotek HTTP 200 233075
WIKTIONARY_HAMTAD kinotek HTTP 200 398
UPPSLAGSORD kinotek traffar=saol,so
SVENSKA_SE_HAMTAD kiropraktik HTTP 200 5305
SYNONYMER_SE_HAMTAD kiropraktik HTTP 200 251319
WIKTIONARY_HAMTAD kiropraktik HTTP 200 848
UPPSLAGSORD kiropraktik traffar=saol,so,saob
SVENSKA_SE_HAMTAD kirurgi HTTP 200 5255
SYNONYMER_SE_HAMTAD kirurgi HTTP 200 253194
WIKTIONARY_HAMTAD kirurgi HTTP 200 1356
UPPSLAGSORD kirurgi traffar=saol,so,saob
SVENSKA_SE_HAMTAD kiselgur HTTP 200 4866
SYNONYMER_SE_HAMTAD kiselgur HTTP 200 242240
WIKTIONARY_HAMTAD kiselgur HTTP 200 398
UPPSLAGSORD kiselgur traffar=saol,so,saob
SVENSKA_SE_HAMTAD kitt HTTP 200 5581
SYNONYMER_SE_HAMTAD kitt HTTP 200 264706
WIKTIONARY_HAMTAD kitt HTTP 429 0
UPPSLAGSORD kitt traffar=saol,so,saob
SVENSKA_SE_HAMTAD klaffare HTTP 200 18393
SYNONYMER_SE_HAMTAD klaffare HTTP 200 204003
WIKTIONARY_HAMTAD klaffare HTTP 429 0
UPPSLAGSORD klaffare traffar=saob
SVENSKA_SE_HAMTAD klassifikation HTTP 200 6087
SYNONYMER_SE_HAMTAD klassifikation HTTP 200 253405
WIKTIONARY_HAMTAD klassifikation HTTP 200 497
UPPSLAGSORD klassifikation traffar=saol,so,saob
SVENSKA_SE_HAMTAD klematis HTTP 200 8654
SYNONYMER_SE_HAMTAD klematis HTTP 200 248687
WIKTIONARY_HAMTAD klematis HTTP 200 1969
UPPSLAGSORD klematis traffar=saol,so,saob
SVENSKA_SE_HAMTAD klenod HTTP 200 6675
SYNONYMER_SE_HAMTAD klenod HTTP 200 282311
WIKTIONARY_HAMTAD klenod HTTP 200 1207
UPPSLAGSORD klenod traffar=saol,so,saob
SVENSKA_SE_HAMTAD kliche HTTP 200 7224
SYNONYMER_SE_HAMTAD kliche HTTP 200 262900
WIKTIONARY_HAMTAD kliche HTTP 200 398
UPPSLAGSORD kliche traffar=INGEN
SVENSKA_SE_HAMTAD klippfast HTTP 200 5821
SYNONYMER_SE_HAMTAD klippfast HTTP 200 251440
WIKTIONARY_HAMTAD klippfast HTTP 200 398
UPPSLAGSORD klippfast traffar=saol,so,saob
SVENSKA_SE_HAMTAD klorofyll HTTP 200 5469
SYNONYMER_SE_HAMTAD klorofyll HTTP 200 245885
WIKTIONARY_HAMTAD klorofyll HTTP 200 1028
UPPSLAGSORD klorofyll traffar=saol,so,saob
SVENSKA_SE_HAMTAD klosett HTTP 200 7185
SYNONYMER_SE_HAMTAD klosett HTTP 200 256187
WIKTIONARY_HAMTAD klosett HTTP 200 259
UPPSLAGSORD klosett traffar=saol,so,saob
FRAS_UTAN_UPPSLAGSORD klä skott för något -- svenska.se-traffarna galler bestandsdelarna, inte frasen. Kastas.
SVENSKA_SE_HAMTAD klä skott för något HTTP 200 17728
SYNONYMER_SE_HAMTAD klä skott för något HTTP 200 204575
WIKTIONARY_HAMTAD klä skott för något HTTP 200 398
UPPSLAGSORD klä skott för något traffar=INGEN
SVENSKA_SE_HAMTAD klåfingrig HTTP 200 5738
SYNONYMER_SE_HAMTAD klåfingrig HTTP 200 261871
WIKTIONARY_HAMTAD klåfingrig HTTP 200 1082
UPPSLAGSORD klåfingrig traffar=saol,so,saob
SVENSKA_SE_HAMTAD knappologi HTTP 200 5046
SYNONYMER_SE_HAMTAD knappologi HTTP 200 252040
WIKTIONARY_HAMTAD knappologi HTTP 200 762
UPPSLAGSORD knappologi traffar=saol,so,saob
SVENSKA_SE_HAMTAD kneippkur HTTP 200 19111
SYNONYMER_SE_HAMTAD kneippkur HTTP 200 235425
WIKTIONARY_HAMTAD kneippkur HTTP 429 0
UPPSLAGSORD kneippkur traffar=INGEN
SVENSKA_SE_HAMTAD knekt HTTP 200 6728
SYNONYMER_SE_HAMTAD knekt HTTP 200 269261
WIKTIONARY_HAMTAD knekt HTTP 429 0
UPPSLAGSORD knekt traffar=saol,so,saob
SVENSKA_SE_HAMTAD knivkastning HTTP 200 5900
SYNONYMER_SE_HAMTAD knivkastning HTTP 200 246206
WIKTIONARY_HAMTAD knivkastning HTTP 200 398
UPPSLAGSORD knivkastning traffar=saol,so,saob
SVENSKA_SE_HAMTAD knivsudd HTTP 200 6101
SYNONYMER_SE_HAMTAD knivsudd HTTP 200 249756
WIKTIONARY_HAMTAD knivsudd HTTP 200 659
UPPSLAGSORD knivsudd traffar=saol,so,saob
SVENSKA_SE_HAMTAD knix HTTP 200 7414
SYNONYMER_SE_HAMTAD knix HTTP 200 249745
WIKTIONARY_HAMTAD knix HTTP 200 398
UPPSLAGSORD knix traffar=saol,so,saob
SVENSKA_SE_HAMTAD knysta HTTP 200 7422
SYNONYMER_SE_HAMTAD knysta HTTP 200 273508
WIKTIONARY_HAMTAD knysta HTTP 200 398
UPPSLAGSORD knysta traffar=saol,so,saob
SVENSKA_SE_HAMTAD knävelborr HTTP 200 6969
SYNONYMER_SE_HAMTAD knävelborr HTTP 200 247315
WIKTIONARY_HAMTAD knävelborr HTTP 200 398
UPPSLAGSORD knävelborr traffar=saol,so,saob
SVENSKA_SE_HAMTAD knåpgöra HTTP 200 11884
SYNONYMER_SE_HAMTAD knåpgöra HTTP 200 238087
WIKTIONARY_HAMTAD knåpgöra HTTP 200 398
UPPSLAGSORD knåpgöra traffar=saob
SVENSKA_SE_HAMTAD kofferdist HTTP 200 6125
SYNONYMER_SE_HAMTAD kofferdist HTTP 200 242409
WIKTIONARY_HAMTAD kofferdist HTTP 200 686
UPPSLAGSORD kofferdist traffar=saol,so,saob
SVENSKA_SE_HAMTAD kofångare HTTP 200 5950
SYNONYMER_SE_HAMTAD kofångare HTTP 200 250340
WIKTIONARY_HAMTAD kofångare HTTP 200 1327
UPPSLAGSORD kofångare traffar=saol,so,saob
SVENSKA_SE_HAMTAD kohandel HTTP 200 5319
SYNONYMER_SE_HAMTAD kohandel HTTP 200 253805
WIKTIONARY_HAMTAD kohandel HTTP 200 400
UPPSLAGSORD kohandel traffar=saol,so,saob
SVENSKA_SE_HAMTAD koldioxid HTTP 200 6046
SYNONYMER_SE_HAMTAD koldioxid HTTP 200 260202
SYNONYMER_SE_ENDAST_ANVANDARBIDRAG koldioxid
WIKTIONARY_HAMTAD koldioxid HTTP 200 2426
UPPSLAGSORD koldioxid traffar=saol,so,saob
SVENSKA_SE_HAMTAD koleriker HTTP 200 5830
SYNONYMER_SE_HAMTAD koleriker HTTP 200 248541
WIKTIONARY_HAMTAD koleriker HTTP 429 0
UPPSLAGSORD koleriker traffar=saol,so,saob
SVENSKA_SE_HAMTAD kollaborera HTTP 200 7949
SYNONYMER_SE_HAMTAD kollaborera HTTP 200 261897
WIKTIONARY_HAMTAD kollaborera HTTP 429 0
UPPSLAGSORD kollaborera traffar=saol,so,saob
SVENSKA_SE_HAMTAD kollationera HTTP 200 7687
SYNONYMER_SE_HAMTAD kollationera HTTP 200 257914
WIKTIONARY_HAMTAD kollationera HTTP 200 476
UPPSLAGSORD kollationera traffar=saol,so,saob
SVENSKA_SE_HAMTAD koloratur HTTP 200 6209
SYNONYMER_SE_HAMTAD koloratur HTTP 200 264501
WIKTIONARY_HAMTAD koloratur HTTP 200 499
UPPSLAGSORD koloratur traffar=saol,so,saob
SVENSKA_SE_HAMTAD kolorit HTTP 200 7275
SYNONYMER_SE_HAMTAD kolorit HTTP 200 256791
WIKTIONARY_HAMTAD kolorit HTTP 200 362
UPPSLAGSORD kolorit traffar=saol,so,saob
SVENSKA_SE_HAMTAD komma för HTTP 200 11293
SYNONYMER_SE_HAMTAD komma för HTTP 200 188046
WIKTIONARY_HAMTAD komma för HTTP 200 398
UPPSLAGSORD komma för traffar=so,saob
FRAS_UTAN_UPPSLAGSORD komma i bakvatten -- svenska.se-traffarna galler bestandsdelarna, inte frasen. Kastas.
SVENSKA_SE_HAMTAD komma i bakvatten HTTP 200 17708
SYNONYMER_SE_HAMTAD komma i bakvatten HTTP 200 204836
WIKTIONARY_HAMTAD komma i bakvatten HTTP 200 398
UPPSLAGSORD komma i bakvatten traffar=INGEN
FRAS_UTAN_UPPSLAGSORD komma i åtnjutande av -- svenska.se-traffarna galler bestandsdelarna, inte frasen. Kastas.
SVENSKA_SE_HAMTAD komma i åtnjutande av HTTP 200 17736
SYNONYMER_SE_HAMTAD komma i åtnjutande av HTTP 200 233106
WIKTIONARY_HAMTAD komma i åtnjutande av HTTP 200 398
UPPSLAGSORD komma i åtnjutande av traffar=INGEN
FRAS_UTAN_UPPSLAGSORD komma ngn inpå livet -- svenska.se-traffarna galler bestandsdelarna, inte frasen. Kastas.
SVENSKA_SE_HAMTAD komma ngn inpå livet HTTP 200 17653
SYNONYMER_SE_HAMTAD komma ngn inpå livet HTTP 200 204822
WIKTIONARY_HAMTAD komma ngn inpå livet HTTP 200 398
UPPSLAGSORD komma ngn inpå livet traffar=INGEN
FRAS_UTAN_UPPSLAGSORD komma på obestånd -- svenska.se-traffarna galler bestandsdelarna, inte frasen. Kastas.
SVENSKA_SE_HAMTAD komma på obestånd HTTP 200 17702
SYNONYMER_SE_HAMTAD komma på obestånd HTTP 200 222886
WIKTIONARY_HAMTAD komma på obestånd HTTP 200 398
UPPSLAGSORD komma på obestånd traffar=INGEN
FRAS_UTAN_UPPSLAGSORD komma på pränt -- svenska.se-traffarna galler bestandsdelarna, inte frasen. Kastas.
SVENSKA_SE_HAMTAD komma på pränt HTTP 200 17661
SYNONYMER_SE_HAMTAD komma på pränt HTTP 200 204294
WIKTIONARY_HAMTAD komma på pränt HTTP 200 398
UPPSLAGSORD komma på pränt traffar=INGEN
FRAS_UTAN_UPPSLAGSORD komma som lök på laxen -- svenska.se-traffarna galler bestandsdelarna, inte frasen. Kastas.
SVENSKA_SE_HAMTAD komma som lök på laxen HTTP 200 17723
SYNONYMER_SE_HAMTAD komma som lök på laxen HTTP 200 205036
WIKTIONARY_HAMTAD komma som lök på laxen HTTP 200 398
UPPSLAGSORD komma som lök på laxen traffar=INGEN
FRAS_UTAN_UPPSLAGSORD komma till del -- svenska.se-traffarna galler bestandsdelarna, inte frasen. Kastas.
SVENSKA_SE_HAMTAD komma till del HTTP 200 19830
SYNONYMER_SE_HAMTAD komma till del HTTP 200 219885
WIKTIONARY_HAMTAD komma till del HTTP 429 0
UPPSLAGSORD komma till del traffar=INGEN
SVENSKA_SE_HAMTAD kommendering HTTP 200 5817
SYNONYMER_SE_HAMTAD kommendering HTTP 200 250752
WIKTIONARY_HAMTAD kommendering HTTP 429 0
UPPSLAGSORD kommendering traffar=saol,so,saob
SVENSKA_SE_HAMTAD kommissionär HTTP 200 7908
SYNONYMER_SE_HAMTAD kommissionär HTTP 200 261386
WIKTIONARY_HAMTAD kommissionär HTTP 200 615
UPPSLAGSORD kommissionär traffar=saol,so,saob
SVENSKA_SE_HAMTAD kommod HTTP 200 7148
SYNONYMER_SE_HAMTAD kommod HTTP 200 253219
WIKTIONARY_HAMTAD kommod HTTP 200 593
UPPSLAGSORD kommod traffar=saol,so,saob
SVENSKA_SE_HAMTAD komplement HTTP 200 7785
SYNONYMER_SE_HAMTAD komplement HTTP 200 251476
WIKTIONARY_HAMTAD komplement HTTP 200 1450
UPPSLAGSORD komplement traffar=saol,so,saob
SVENSKA_SE_HAMTAD komplex HTTP 200 14196
SYNONYMER_SE_HAMTAD komplex HTTP 200 295012
WIKTIONARY_HAMTAD komplex HTTP 200 3695
UPPSLAGSORD komplex traffar=saol,so,saob
SVENSKA_SE_HAMTAD kompulsiv HTTP 200 6987
SYNONYMER_SE_HAMTAD kompulsiv HTTP 200 237510
WIKTIONARY_HAMTAD kompulsiv HTTP 200 398
UPPSLAGSORD kompulsiv traffar=saol,so
SVENSKA_SE_HAMTAD koncept HTTP 200 12693
SYNONYMER_SE_HAMTAD koncept HTTP 200 297364
WIKTIONARY_HAMTAD koncept HTTP 200 3307
UPPSLAGSORD koncept traffar=saol,so,saob
SVENSKA_SE_HAMTAD koncis HTTP 200 6646
SYNONYMER_SE_HAMTAD koncis HTTP 200 254644
WIKTIONARY_HAMTAD koncis HTTP 200 487
UPPSLAGSORD koncis traffar=saol,so,saob
SVENSKA_SE_HAMTAD konfektion HTTP 200 5759
SYNONYMER_SE_HAMTAD konfektion HTTP 200 248879
WIKTIONARY_HAMTAD konfektion HTTP 200 527
UPPSLAGSORD konfektion traffar=saol,so,saob
SVENSKA_SE_HAMTAD konfirmation HTTP 200 7399
SYNONYMER_SE_HAMTAD konfirmation HTTP 200 265208
WIKTIONARY_HAMTAD konfirmation HTTP 200 1371
UPPSLAGSORD konfirmation traffar=saol,so,saob
SVENSKA_SE_HAMTAD konklav HTTP 200 6444
SYNONYMER_SE_HAMTAD konklav HTTP 200 255385
WIKTIONARY_HAMTAD konklav HTTP 200 681
UPPSLAGSORD konklav traffar=saol,so,saob
SVENSKA_SE_HAMTAD konsort HTTP 200 18614
SYNONYMER_SE_HAMTAD konsort HTTP 200 204338
WIKTIONARY_HAMTAD konsort HTTP 429 0
UPPSLAGSORD konsort traffar=saob
SVENSKA_SE_HAMTAD konstart HTTP 200 6615
SYNONYMER_SE_HAMTAD konstart HTTP 200 254712
WIKTIONARY_HAMTAD konstart HTTP 429 0
UPPSLAGSORD konstart traffar=saol,so,saob
SVENSKA_SE_HAMTAD konstgrepp HTTP 200 5728
SYNONYMER_SE_HAMTAD konstgrepp HTTP 200 258053
WIKTIONARY_HAMTAD konstgrepp HTTP 200 398
UPPSLAGSORD konstgrepp traffar=saol,so,saob
SVENSKA_SE_HAMTAD konstpaus HTTP 200 6049
SYNONYMER_SE_HAMTAD konstpaus HTTP 200 249324
WIKTIONARY_HAMTAD konstpaus HTTP 200 398
UPPSLAGSORD konstpaus traffar=saol,so,saob
SVENSKA_SE_HAMTAD konstruktivism HTTP 200 7036
SYNONYMER_SE_HAMTAD konstruktivism HTTP 200 254430
WIKTIONARY_HAMTAD konstruktivism HTTP 200 1675
UPPSLAGSORD konstruktivism traffar=saol,so
SVENSKA_SE_HAMTAD kontorisera HTTP 200 7009
SYNONYMER_SE_HAMTAD kontorisera HTTP 200 260409
WIKTIONARY_HAMTAD kontorisera HTTP 200 228
UPPSLAGSORD kontorisera traffar=saol,so
SVENSKA_SE_HAMTAD kontraband HTTP 200 7081
SYNONYMER_SE_HAMTAD kontraband HTTP 200 262513
WIKTIONARY_HAMTAD kontraband HTTP 200 876
UPPSLAGSORD kontraband traffar=saol,so,saob
SVENSKA_SE_HAMTAD kontrapunkt HTTP 200 6221
SYNONYMER_SE_HAMTAD kontrapunkt HTTP 200 253890
WIKTIONARY_HAMTAD kontrapunkt HTTP 200 658
UPPSLAGSORD kontrapunkt traffar=saol,so,saob
SVENSKA_SE_HAMTAD kontubernal HTTP 200 17972
SYNONYMER_SE_HAMTAD kontubernal HTTP 200 203692
WIKTIONARY_HAMTAD kontubernal HTTP 200 398
UPPSLAGSORD kontubernal traffar=saob
SVENSKA_SE_HAMTAD konvenera HTTP 200 18648
SYNONYMER_SE_HAMTAD konvenera HTTP 200 204303
WIKTIONARY_HAMTAD konvenera HTTP 200 177
UPPSLAGSORD konvenera traffar=saob
SVENSKA_SE_HAMTAD konvergent HTTP 200 6222
SYNONYMER_SE_HAMTAD konvergent HTTP 200 239851
WIKTIONARY_HAMTAD konvergent HTTP 200 536
UPPSLAGSORD konvergent traffar=saol,so,saob
SVENSKA_SE_HAMTAD kooperera HTTP 200 7610
SYNONYMER_SE_HAMTAD kooperera HTTP 200 249844
WIKTIONARY_HAMTAD kooperera HTTP 200 437
UPPSLAGSORD kooperera traffar=saol,so,saob
SVENSKA_SE_HAMTAD kopek HTTP 200 6277
SYNONYMER_SE_HAMTAD kopek HTTP 200 252346
WIKTIONARY_HAMTAD kopek HTTP 429 0
UPPSLAGSORD kopek traffar=saol,so,saob
SVENSKA_SE_HAMTAD kopparstick HTTP 200 5740
SYNONYMER_SE_HAMTAD kopparstick HTTP 200 253642
WIKTIONARY_HAMTAD kopparstick HTTP 429 0
UPPSLAGSORD kopparstick traffar=saol,so,saob
SVENSKA_SE_HAMTAD korda HTTP 200 7843
SYNONYMER_SE_HAMTAD korda HTTP 200 241493
WIKTIONARY_HAMTAD korda HTTP 200 1148
UPPSLAGSORD korda traffar=saol,so,saob
SVENSKA_SE_HAMTAD koreograf HTTP 200 6030
SYNONYMER_SE_HAMTAD koreograf HTTP 200 249006
WIKTIONARY_HAMTAD koreograf HTTP 200 1844
UPPSLAGSORD koreograf traffar=saol,so,saob
SVENSKA_SE_HAMTAD korint HTTP 200 6249
SYNONYMER_SE_HAMTAD korint HTTP 200 256000
WIKTIONARY_HAMTAD korint HTTP 200 686
UPPSLAGSORD korint traffar=saol,so,saob
SVENSKA_SE_HAMTAD korpglugg HTTP 200 17995
SYNONYMER_SE_HAMTAD korpglugg HTTP 200 219769
SYNONYMER_SE_ENDAST_ANVANDARBIDRAG korpglugg
WIKTIONARY_HAMTAD korpglugg HTTP 200 258
UPPSLAGSORD korpglugg traffar=saob
SVENSKA_SE_HAMTAD korpgluggarna HTTP 200 6057
SYNONYMER_SE_HAMTAD korpgluggarna HTTP 200 219907
SYNONYMER_SE_ENDAST_ANVANDARBIDRAG korpgluggarna
WIKTIONARY_HAMTAD korpgluggarna HTTP 200 174
UPPSLAGSORD korpgluggarna traffar=INGEN
SVENSKA_SE_HAMTAD korsgång HTTP 200 6573
SYNONYMER_SE_HAMTAD korsgång HTTP 200 252423
WIKTIONARY_HAMTAD korsgång HTTP 200 271
UPPSLAGSORD korsgång traffar=saol,so,saob
SVENSKA_SE_HAMTAD korthugget HTTP 200 6066
SYNONYMER_SE_HAMTAD korthugget HTTP 200 237150
WIKTIONARY_HAMTAD korthugget HTTP 200 245
UPPSLAGSORD korthugget traffar=INGEN
SVENSKA_SE_HAMTAD kortsynt HTTP 200 5264
SYNONYMER_SE_HAMTAD kortsynt HTTP 200 260291
WIKTIONARY_HAMTAD kortsynt HTTP 200 204
UPPSLAGSORD kortsynt traffar=saol,so,saob
SVENSKA_SE_HAMTAD koryfé HTTP 200 6199
SYNONYMER_SE_HAMTAD koryfé HTTP 200 255824
WIKTIONARY_HAMTAD koryfé HTTP 200 480
UPPSLAGSORD koryfé traffar=saol,so,saob
SVENSKA_SE_HAMTAD koscher HTTP 200 7304
SYNONYMER_SE_HAMTAD koscher HTTP 200 238684
WIKTIONARY_HAMTAD koscher HTTP 200 758
UPPSLAGSORD koscher traffar=saol,so
SVENSKA_SE_HAMTAD krabb HTTP 200 9336
SYNONYMER_SE_HAMTAD krabb HTTP 200 234307
WIKTIONARY_HAMTAD krabb HTTP 429 0
UPPSLAGSORD krabb traffar=saol,so,saob
SVENSKA_SE_HAMTAD krackelera HTTP 200 8359
SYNONYMER_SE_HAMTAD krackelera HTTP 200 261011
WIKTIONARY_HAMTAD krackelera HTTP 429 0
UPPSLAGSORD krackelera traffar=saol,so,saob
SVENSKA_SE_HAMTAD kreation HTTP 200 6518
SYNONYMER_SE_HAMTAD kreation HTTP 200 253317
WIKTIONARY_HAMTAD kreation HTTP 200 446
UPPSLAGSORD kreation traffar=saol,so,saob
SVENSKA_SE_HAMTAD kredensa HTTP 200 18104
SYNONYMER_SE_HAMTAD kredensa HTTP 200 239303
WIKTIONARY_HAMTAD kredensa HTTP 200 916
UPPSLAGSORD kredensa traffar=saob
SVENSKA_SE_HAMTAD krenelerad HTTP 200 4789
SYNONYMER_SE_HAMTAD krenelerad HTTP 200 246837
WIKTIONARY_HAMTAD krenelerad HTTP 200 398
UPPSLAGSORD krenelerad traffar=saol,so,saob
SVENSKA_SE_HAMTAD krenelering HTTP 200 5965
SYNONYMER_SE_HAMTAD krenelering HTTP 200 249217
WIKTIONARY_HAMTAD krenelering HTTP 200 954
UPPSLAGSORD krenelering traffar=saol,so,saob
SVENSKA_SE_HAMTAD kreolspråk HTTP 200 8370
SYNONYMER_SE_HAMTAD kreolspråk HTTP 200 249214
WIKTIONARY_HAMTAD kreolspråk HTTP 200 1272
UPPSLAGSORD kreolspråk traffar=saol,so
SVENSKA_SE_HAMTAD kretong HTTP 200 6092
SYNONYMER_SE_HAMTAD kretong HTTP 200 252532
WIKTIONARY_HAMTAD kretong HTTP 200 766
UPPSLAGSORD kretong traffar=saol,so,saob
SVENSKA_SE_HAMTAD kringskuren HTTP 200 11978
SYNONYMER_SE_HAMTAD kringskuren HTTP 200 245541
WIKTIONARY_HAMTAD kringskuren HTTP 200 398
UPPSLAGSORD kringskuren traffar=saol,so
SVENSKA_SE_HAMTAD kringsynt HTTP 200 5159
SYNONYMER_SE_HAMTAD kringsynt HTTP 200 242624
WIKTIONARY_HAMTAD kringsynt HTTP 200 398
UPPSLAGSORD kringsynt traffar=saol,so,saob
SVENSKA_SE_HAMTAD krinolin HTTP 200 5917
SYNONYMER_SE_HAMTAD krinolin HTTP 200 260356
SYNONYMER_SE_ENDAST_ANVANDARBIDRAG krinolin
WIKTIONARY_HAMTAD krinolin HTTP 200 1245
UPPSLAGSORD krinolin traffar=saol,so,saob
SVENSKA_SE_HAMTAD kristyr HTTP 200 5444
SYNONYMER_SE_HAMTAD kristyr HTTP 200 245922
WIKTIONARY_HAMTAD kristyr HTTP 200 398
UPPSLAGSORD kristyr traffar=saol,so,saob
SVENSKA_SE_HAMTAD kritisk HTTP 200 8981
SYNONYMER_SE_HAMTAD kritisk HTTP 200 271497
WIKTIONARY_HAMTAD kritisk HTTP 429 0
UPPSLAGSORD kritisk traffar=saol,so,saob
SVENSKA_SE_HAMTAD kroasera HTTP 200 18202
SYNONYMER_SE_HAMTAD kroasera HTTP 200 214272
WIKTIONARY_HAMTAD kroasera HTTP 429 0
UPPSLAGSORD kroasera traffar=saob
SVENSKA_SE_HAMTAD krokett HTTP 200 6529
SYNONYMER_SE_HAMTAD krokett HTTP 200 252389
WIKTIONARY_HAMTAD krokett HTTP 200 484
UPPSLAGSORD krokett traffar=saol,so,saob
SVENSKA_SE_HAMTAD krum HTTP 200 9380
SYNONYMER_SE_HAMTAD krum HTTP 200 279869
WIKTIONARY_HAMTAD krum HTTP 200 590
UPPSLAGSORD krum traffar=saol,so,saob
SVENSKA_SE_HAMTAD krumpen HTTP 200 5439
SYNONYMER_SE_HAMTAD krumpen HTTP 200 259887
WIKTIONARY_HAMTAD krumpen HTTP 200 398
UPPSLAGSORD krumpen traffar=saol,so,saob
SVENSKA_SE_HAMTAD krusig HTTP 200 6279
SYNONYMER_SE_HAMTAD krusig HTTP 200 261822
WIKTIONARY_HAMTAD krusig HTTP 200 745
UPPSLAGSORD krusig traffar=saol,so,saob
SVENSKA_SE_HAMTAD kryckig HTTP 200 7915
SYNONYMER_SE_HAMTAD kryckig HTTP 200 231925
WIKTIONARY_HAMTAD kryckig HTTP 200 398
UPPSLAGSORD kryckig traffar=saol,so
SVENSKA_SE_HAMTAD krypta HTTP 200 6715
SYNONYMER_SE_HAMTAD krypta HTTP 200 259503
WIKTIONARY_HAMTAD krypta HTTP 200 1204
UPPSLAGSORD krypta traffar=saol,so,saob
SVENSKA_SE_HAMTAD kryptogam HTTP 200 10513
SYNONYMER_SE_HAMTAD kryptogam HTTP 200 258567
WIKTIONARY_HAMTAD kryptogam HTTP 200 756
UPPSLAGSORD kryptogam traffar=saol,so,saob
SVENSKA_SE_HAMTAD kräslig HTTP 200 11706
SYNONYMER_SE_HAMTAD kräslig HTTP 200 244969
WIKTIONARY_HAMTAD kräslig HTTP 200 457
UPPSLAGSORD kräslig traffar=saol,saob
FRAS_UTAN_UPPSLAGSORD kräva/begära någons huvud på ett fat -- svenska.se-traffarna galler bestandsdelarna, inte frasen. Kastas.
SVENSKA_SE_HAMTAD kräva/begära någons huvud på ett fat HTTP 200 7925
SYNONYMER_SE_HAMTAD kräva/begära någons huvud på ett fat HTTP 404 0
WIKTIONARY_HAMTAD kräva/begära någons huvud på ett fat HTTP 200 398
UPPSLAGSORD kräva/begära någons huvud på ett fat traffar=INGEN
SVENSKA_SE_HAMTAD kråkvinkel HTTP 200 6489
SYNONYMER_SE_HAMTAD kråkvinkel HTTP 200 250598
WIKTIONARY_HAMTAD kråkvinkel HTTP 200 398
UPPSLAGSORD kråkvinkel traffar=saol,so,saob
FRAS_UTAN_UPPSLAGSORD kubbe / kubb -- svenska.se-traffarna galler bestandsdelarna, inte frasen. Kastas.
SVENSKA_SE_HAMTAD kubbe / kubb HTTP 200 17655
SYNONYMER_SE_HAMTAD kubbe / kubb HTTP 404 0
WIKTIONARY_HAMTAD kubbe / kubb HTTP 429 0
UPPSLAGSORD kubbe / kubb traffar=INGEN
SVENSKA_SE_HAMTAD kulning HTTP 200 13070
SYNONYMER_SE_HAMTAD kulning HTTP 200 246304
WIKTIONARY_HAMTAD kulning HTTP 429 0
UPPSLAGSORD kulning traffar=saol,saob
FRAS_UTAN_UPPSLAGSORD kunna försätta berg -- svenska.se-traffarna galler bestandsdelarna, inte frasen. Kastas.
SVENSKA_SE_HAMTAD kunna försätta berg HTTP 200 17721
SYNONYMER_SE_HAMTAD kunna försätta berg HTTP 200 188053
WIKTIONARY_HAMTAD kunna försätta berg HTTP 200 398
UPPSLAGSORD kunna försätta berg traffar=INGEN
SVENSKA_SE_HAMTAD kuperad HTTP 200 11663
SYNONYMER_SE_HAMTAD kuperad HTTP 200 244852
WIKTIONARY_HAMTAD kuperad HTTP 200 576
UPPSLAGSORD kuperad traffar=saol,so,saob
SVENSKA_SE_HAMTAD kupidon HTTP 200 5861
SYNONYMER_SE_HAMTAD kupidon HTTP 200 204000
WIKTIONARY_HAMTAD kupidon HTTP 200 345
UPPSLAGSORD kupidon traffar=saol,so,saob
SVENSKA_SE_HAMTAD kursiv HTTP 200 10952
SYNONYMER_SE_HAMTAD kursiv HTTP 200 267153
WIKTIONARY_HAMTAD kursiv HTTP 200 995
UPPSLAGSORD kursiv traffar=saol,so,saob
SVENSKA_SE_HAMTAD kuscha HTTP 200 9129
SYNONYMER_SE_HAMTAD kuscha HTTP 200 258170
WIKTIONARY_HAMTAD kuscha HTTP 200 398
UPPSLAGSORD kuscha traffar=saol,so,saob
SVENSKA_SE_HAMTAD kut HTTP 200 12035
SYNONYMER_SE_HAMTAD kut HTTP 200 270801
WIKTIONARY_HAMTAD kut HTTP 200 619
UPPSLAGSORD kut traffar=saol,so,saob
SVENSKA_SE_HAMTAD kutym HTTP 200 6921
SYNONYMER_SE_HAMTAD kutym HTTP 200 268166
WIKTIONARY_HAMTAD kutym HTTP 200 811
UPPSLAGSORD kutym traffar=saol,so,saob
SVENSKA_SE_HAMTAD kvackare HTTP 200 6658
SYNONYMER_SE_HAMTAD kvackare HTTP 200 243082
WIKTIONARY_HAMTAD kvackare HTTP 200 398
UPPSLAGSORD kvackare traffar=saol,so,saob
SVENSKA_SE_HAMTAD kvader HTTP 200 6657
SYNONYMER_SE_HAMTAD kvader HTTP 200 256734
WIKTIONARY_HAMTAD kvader HTTP 200 448
UPPSLAGSORD kvader traffar=saol,so,saob
SVENSKA_SE_HAMTAD kvadrant HTTP 200 7141
SYNONYMER_SE_HAMTAD kvadrant HTTP 200 246850
WIKTIONARY_HAMTAD kvadrant HTTP 200 398
UPPSLAGSORD kvadrant traffar=saol,so,saob
SVENSKA_SE_HAMTAD kvalster HTTP 200 7106
SYNONYMER_SE_HAMTAD kvalster HTTP 200 263648
WIKTIONARY_HAMTAD kvalster HTTP 429 0
UPPSLAGSORD kvalster traffar=saol,so,saob
SVENSKA_SE_HAMTAD kvantitet HTTP 200 6886
SYNONYMER_SE_HAMTAD kvantitet HTTP 200 267750
WIKTIONARY_HAMTAD kvantitet HTTP 429 0
UPPSLAGSORD kvantitet traffar=saol,so,saob
SVENSKA_SE_HAMTAD kvantmekanik HTTP 200 5746
SYNONYMER_SE_HAMTAD kvantmekanik HTTP 200 246562
WIKTIONARY_HAMTAD kvantmekanik HTTP 200 2024
UPPSLAGSORD kvantmekanik traffar=saol,so,saob
SVENSKA_SE_HAMTAD kvasivetenskaplig HTTP 200 11396
SYNONYMER_SE_HAMTAD kvasivetenskaplig HTTP 200 229811
WIKTIONARY_HAMTAD kvasivetenskaplig HTTP 200 373
UPPSLAGSORD kvasivetenskaplig traffar=saol,saob
SVENSKA_SE_HAMTAD kverulera HTTP 200 7602
SYNONYMER_SE_HAMTAD kverulera HTTP 200 255287
WIKTIONARY_HAMTAD kverulera HTTP 200 739
UPPSLAGSORD kverulera traffar=saol,so,saob
SVENSKA_SE_HAMTAD kvint HTTP 200 7296
SYNONYMER_SE_HAMTAD kvint HTTP 200 255914
WIKTIONARY_HAMTAD kvint HTTP 200 789
UPPSLAGSORD kvint traffar=saol,so,saob
SVENSKA_SE_HAMTAD kvintess HTTP 200 133345
SYNONYMER_SE_HAMTAD kvintess HTTP 200 204016
WIKTIONARY_HAMTAD kvintess HTTP 200 398
UPPSLAGSORD kvintess traffar=INGEN
SVENSKA_SE_HAMTAD kvintessensen HTTP 200 7407
SYNONYMER_SE_HAMTAD kvintessensen HTTP 200 251956
WIKTIONARY_HAMTAD kvintessensen HTTP 200 176
UPPSLAGSORD kvintessensen traffar=INGEN
SVENSKA_SE_HAMTAD kväde HTTP 200 8185
SYNONYMER_SE_HAMTAD kväde HTTP 200 265741
WIKTIONARY_HAMTAD kväde HTTP 200 594
UPPSLAGSORD kväde traffar=saol,so,saob
SVENSKA_SE_HAMTAD kväkare HTTP 200 7255
SYNONYMER_SE_HAMTAD kväkare HTTP 200 260437
WIKTIONARY_HAMTAD kväkare HTTP 200 1107
UPPSLAGSORD kväkare traffar=saol,so,saob
SVENSKA_SE_HAMTAD kyffig HTTP 200 5748
SYNONYMER_SE_HAMTAD kyffig HTTP 200 244486
WIKTIONARY_HAMTAD kyffig HTTP 200 398
UPPSLAGSORD kyffig traffar=saol,so,saob
SVENSKA_SE_HAMTAD kält HTTP 200 6338
SYNONYMER_SE_HAMTAD kält HTTP 200 228606
WIKTIONARY_HAMTAD kält HTTP 200 398
UPPSLAGSORD kält traffar=saol,so,saob
FRAS_UTAN_UPPSLAGSORD känna vart vinden blåser -- svenska.se-traffarna galler bestandsdelarna, inte frasen. Kastas.
SVENSKA_SE_HAMTAD känna vart vinden blåser HTTP 200 17752
SYNONYMER_SE_HAMTAD känna vart vinden blåser HTTP 200 204749
WIKTIONARY_HAMTAD känna vart vinden blåser HTTP 429 0
UPPSLAGSORD känna vart vinden blåser traffar=INGEN
SVENSKA_SE_HAMTAD kärve HTTP 200 11644
SYNONYMER_SE_HAMTAD kärve HTTP 200 272635
WIKTIONARY_HAMTAD kärve HTTP 429 0
UPPSLAGSORD kärve traffar=saol,so,saob
SVENSKA_SE_HAMTAD kätte HTTP 200 9001
SYNONYMER_SE_HAMTAD kätte HTTP 200 266889
WIKTIONARY_HAMTAD kätte HTTP 200 206
UPPSLAGSORD kätte traffar=saol,so,saob
FRAS_UTAN_UPPSLAGSORD köpa grisen i säcken -- svenska.se-traffarna galler bestandsdelarna, inte frasen. Kastas.
SVENSKA_SE_HAMTAD köpa grisen i säcken HTTP 200 17647
SYNONYMER_SE_HAMTAD köpa grisen i säcken HTTP 200 226853
SYNONYMER_SE_ENDAST_ANVANDARBIDRAG köpa grisen i säcken
WIKTIONARY_HAMTAD köpa grisen i säcken HTTP 200 2337
UPPSLAGSORD köpa grisen i säcken traffar=INGEN
SVENSKA_SE_HAMTAD köpeskilling HTTP 200 6026
SYNONYMER_SE_HAMTAD köpeskilling HTTP 200 258094
WIKTIONARY_HAMTAD köpeskilling HTTP 200 729
UPPSLAGSORD köpeskilling traffar=saol,so,saob
FRAS_UTAN_UPPSLAGSORD köra med -- svenska.se-traffarna galler bestandsdelarna, inte frasen. Kastas.
SVENSKA_SE_HAMTAD köra med HTTP 200 20550
SYNONYMER_SE_HAMTAD köra med HTTP 200 231232
WIKTIONARY_HAMTAD köra med HTTP 200 398
UPPSLAGSORD köra med traffar=INGEN
SVENSKA_SE_HAMTAD körna HTTP 200 9136
SYNONYMER_SE_HAMTAD körna HTTP 200 241048
WIKTIONARY_HAMTAD körna HTTP 200 398
UPPSLAGSORD körna traffar=saol,so,saob
SVENSKA_SE_HAMTAD labiologi HTTP 200 4849
SYNONYMER_SE_HAMTAD labiologi HTTP 200 222864
WIKTIONARY_HAMTAD labiologi HTTP 200 398
UPPSLAGSORD labiologi traffar=saol,so,saob
SVENSKA_SE_HAMTAD laborant HTTP 200 5767
SYNONYMER_SE_HAMTAD laborant HTTP 200 252039
WIKTIONARY_HAMTAD laborant HTTP 200 516
UPPSLAGSORD laborant traffar=saol,so,saob
SVENSKA_SE_HAMTAD lagerkröna HTTP 200 8119
SYNONYMER_SE_HAMTAD lagerkröna HTTP 200 243930
WIKTIONARY_HAMTAD lagerkröna HTTP 200 398
UPPSLAGSORD lagerkröna traffar=saol,so,saob
SVENSKA_SE_HAMTAD lagfara HTTP 200 8055
SYNONYMER_SE_HAMTAD lagfara HTTP 200 269914
WIKTIONARY_HAMTAD lagfara HTTP 200 398
UPPSLAGSORD lagfara traffar=saol,so,saob
SVENSKA_SE_HAMTAD laissez-faire HTTP 200 10922
SYNONYMER_SE_HAMTAD laissez-faire HTTP 200 231271
WIKTIONARY_HAMTAD laissez-faire HTTP 200 278
UPPSLAGSORD laissez-faire traffar=so
SVENSKA_SE_HAMTAD laktation HTTP 200 5916
SYNONYMER_SE_HAMTAD laktation HTTP 200 249765
WIKTIONARY_HAMTAD laktation HTTP 429 0
UPPSLAGSORD laktation traffar=saol,so,saob
SVENSKA_SE_HAMTAD lamell HTTP 200 6384
SYNONYMER_SE_HAMTAD lamell HTTP 200 258128
WIKTIONARY_HAMTAD lamell HTTP 429 0
UPPSLAGSORD lamell traffar=saol,so,saob
SVENSKA_SE_HAMTAD laminat HTTP 200 8860
SYNONYMER_SE_HAMTAD laminat HTTP 200 254336
WIKTIONARY_HAMTAD laminat HTTP 200 597
UPPSLAGSORD laminat traffar=saol,so
SVENSKA_SE_HAMTAD lapidarstil HTTP 200 5205
SYNONYMER_SE_HAMTAD lapidarstil HTTP 200 239897
WIKTIONARY_HAMTAD lapidarstil HTTP 200 248
UPPSLAGSORD lapidarstil traffar=saol,so,saob
SVENSKA_SE_HAMTAD lappsjuka HTTP 200 4718
SYNONYMER_SE_HAMTAD lappsjuka HTTP 200 248169
SYNONYMER_SE_ENDAST_ANVANDARBIDRAG lappsjuka
WIKTIONARY_HAMTAD lappsjuka HTTP 200 398
UPPSLAGSORD lappsjuka traffar=saol,so,saob
SVENSKA_SE_HAMTAD lappverk HTTP 200 6648
SYNONYMER_SE_HAMTAD lappverk HTTP 200 247798
WIKTIONARY_HAMTAD lappverk HTTP 200 398
UPPSLAGSORD lappverk traffar=saol,so
SVENSKA_SE_HAMTAD lastbar HTTP 200 6213
SYNONYMER_SE_HAMTAD lastbar HTTP 200 263324
WIKTIONARY_HAMTAD lastbar HTTP 200 533
UPPSLAGSORD lastbar traffar=saol,so,saob
SVENSKA_SE_HAMTAD lasyr HTTP 200 7116
SYNONYMER_SE_HAMTAD lasyr HTTP 200 256401
WIKTIONARY_HAMTAD lasyr HTTP 200 398
UPPSLAGSORD lasyr traffar=saol,so,saob
SVENSKA_SE_HAMTAD latitud HTTP 200 7176
SYNONYMER_SE_HAMTAD latitud HTTP 200 261049
WIKTIONARY_HAMTAD latitud HTTP 200 1338
UPPSLAGSORD latitud traffar=saol,so,saob
SVENSKA_SE_HAMTAD latrin HTTP 200 6468
SYNONYMER_SE_HAMTAD latrin HTTP 200 262272
WIKTIONARY_HAMTAD latrin HTTP 200 537
UPPSLAGSORD latrin traffar=saol,so,saob
SVENSKA_SE_HAMTAD lavinartad HTTP 200 4558
SYNONYMER_SE_HAMTAD lavinartad HTTP 200 243053
WIKTIONARY_HAMTAD lavinartad HTTP 200 370
UPPSLAGSORD lavinartad traffar=saol,so,saob
FRAS_UTAN_UPPSLAGSORD le i mjugg -- svenska.se-traffarna galler bestandsdelarna, inte frasen. Kastas.
SVENSKA_SE_HAMTAD le i mjugg HTTP 200 19314
SYNONYMER_SE_HAMTAD le i mjugg HTTP 200 203988
WIKTIONARY_HAMTAD le i mjugg HTTP 200 956
UPPSLAGSORD le i mjugg traffar=INGEN
SVENSKA_SE_HAMTAD legato HTTP 200 9279
SYNONYMER_SE_HAMTAD legato HTTP 200 252924
WIKTIONARY_HAMTAD legato HTTP 429 0
UPPSLAGSORD legato traffar=saol,so,saob
SVENSKA_SE_HAMTAD legislatur HTTP 200 6079
SYNONYMER_SE_HAMTAD legislatur HTTP 200 250637
WIKTIONARY_HAMTAD legislatur HTTP 200 398
UPPSLAGSORD legislatur traffar=saol,so,saob
SVENSKA_SE_HAMTAD leja HTTP 200 19162
SYNONYMER_SE_HAMTAD leja HTTP 200 271203
WIKTIONARY_HAMTAD leja HTTP 429 0
UPPSLAGSORD leja traffar=saol,so,saob
SVENSKA_SE_HAMTAD lengräddad HTTP 200 150068
SYNONYMER_SE_HAMTAD lengräddad HTTP 200 204248
WIKTIONARY_HAMTAD lengräddad HTTP 200 398
UPPSLAGSORD lengräddad traffar=INGEN
FRAS_UTAN_UPPSLAGSORD leva i ett elfenbenstorn -- svenska.se-traffarna galler bestandsdelarna, inte frasen. Kastas.
SVENSKA_SE_HAMTAD leva i ett elfenbenstorn HTTP 200 17743
SYNONYMER_SE_HAMTAD leva i ett elfenbenstorn HTTP 200 188102
WIKTIONARY_HAMTAD leva i ett elfenbenstorn HTTP 200 398
UPPSLAGSORD leva i ett elfenbenstorn traffar=INGEN
FRAS_UTAN_UPPSLAGSORD leva på undantag -- svenska.se-traffarna galler bestandsdelarna, inte frasen. Kastas.
SVENSKA_SE_HAMTAD leva på undantag HTTP 200 17661
SYNONYMER_SE_HAMTAD leva på undantag HTTP 200 187796
WIKTIONARY_HAMTAD leva på undantag HTTP 200 398
UPPSLAGSORD leva på undantag traffar=INGEN
FRAS_UTAN_UPPSLAGSORD leva ur hand i mun -- svenska.se-traffarna galler bestandsdelarna, inte frasen. Kastas.
SVENSKA_SE_HAMTAD leva ur hand i mun HTTP 200 17714
SYNONYMER_SE_HAMTAD leva ur hand i mun HTTP 200 187757
WIKTIONARY_HAMTAD leva ur hand i mun HTTP 200 615
UPPSLAGSORD leva ur hand i mun traffar=INGEN
SVENSKA_SE_HAMTAD levitera HTTP 200 9325
SYNONYMER_SE_HAMTAD levitera HTTP 200 257244
SYNONYMER_SE_ENDAST_ANVANDARBIDRAG levitera
WIKTIONARY_HAMTAD levitera HTTP 200 398
UPPSLAGSORD levitera traffar=saol,so
FRAS_UTAN_UPPSLAGSORD ligga i sin linda -- svenska.se-traffarna galler bestandsdelarna, inte frasen. Kastas.
SVENSKA_SE_HAMTAD ligga i sin linda HTTP 200 17697
SYNONYMER_SE_HAMTAD ligga i sin linda HTTP 200 218429
WIKTIONARY_HAMTAD ligga i sin linda HTTP 200 398
UPPSLAGSORD ligga i sin linda traffar=INGEN
FRAS_UTAN_UPPSLAGSORD ligga i vågskålen -- svenska.se-traffarna galler bestandsdelarna, inte frasen. Kastas.
SVENSKA_SE_HAMTAD ligga i vågskålen HTTP 200 17702
SYNONYMER_SE_HAMTAD ligga i vågskålen HTTP 200 204715
WIKTIONARY_HAMTAD ligga i vågskålen HTTP 200 398
UPPSLAGSORD ligga i vågskålen traffar=INGEN
FRAS_UTAN_UPPSLAGSORD ligga någon i fatet -- svenska.se-traffarna galler bestandsdelarna, inte frasen. Kastas.
SVENSKA_SE_HAMTAD ligga någon i fatet HTTP 200 17720
SYNONYMER_SE_HAMTAD ligga någon i fatet HTTP 200 204569
WIKTIONARY_HAMTAD ligga någon i fatet HTTP 200 128
UPPSLAGSORD ligga någon i fatet traffar=INGEN
FRAS_UTAN_UPPSLAGSORD ligga pyrt till -- svenska.se-traffarna galler bestandsdelarna, inte frasen. Kastas.
SVENSKA_SE_HAMTAD ligga pyrt till HTTP 200 18382
SYNONYMER_SE_HAMTAD ligga pyrt till HTTP 200 187846
WIKTIONARY_HAMTAD ligga pyrt till HTTP 200 611
UPPSLAGSORD ligga pyrt till traffar=INGEN
FRAS_UTAN_UPPSLAGSORD ligga på sofflocket -- svenska.se-traffarna galler bestandsdelarna, inte frasen. Kastas.
SVENSKA_SE_HAMTAD ligga på sofflocket HTTP 200 17705
SYNONYMER_SE_HAMTAD ligga på sofflocket HTTP 200 204727
WIKTIONARY_HAMTAD ligga på sofflocket HTTP 200 398
UPPSLAGSORD ligga på sofflocket traffar=INGEN
FRAS_UTAN_UPPSLAGSORD lika goda kålsupare -- svenska.se-traffarna galler bestandsdelarna, inte frasen. Kastas.
SVENSKA_SE_HAMTAD lika goda kålsupare HTTP 200 17721
SYNONYMER_SE_HAMTAD lika goda kålsupare HTTP 200 231428
WIKTIONARY_HAMTAD lika goda kålsupare HTTP 429 0
UPPSLAGSORD lika goda kålsupare traffar=INGEN
SVENSKA_SE_HAMTAD likgiltigt HTTP 200 8872
SYNONYMER_SE_HAMTAD likgiltigt HTTP 200 277690
WIKTIONARY_HAMTAD likgiltigt HTTP 429 0
UPPSLAGSORD likgiltigt traffar=saob
SVENSKA_SE_HAMTAD likmätigt HTTP 200 4075
SYNONYMER_SE_HAMTAD likmätigt HTTP 200 246591
WIKTIONARY_HAMTAD likmätigt HTTP 200 398
UPPSLAGSORD likmätigt traffar=saol,so,saob
SVENSKA_SE_HAMTAD liljeväxt HTTP 200 5680
SYNONYMER_SE_HAMTAD liljeväxt HTTP 200 235949
WIKTIONARY_HAMTAD liljeväxt HTTP 200 398
UPPSLAGSORD liljeväxt traffar=saol,so,saob
SVENSKA_SE_HAMTAD limes HTTP 200 9813
SYNONYMER_SE_HAMTAD limes HTTP 200 217454
WIKTIONARY_HAMTAD limes HTTP 200 1132
UPPSLAGSORD limes traffar=so
FRAS_UTAN_UPPSLAGSORD linda in orden -- svenska.se-traffarna galler bestandsdelarna, inte frasen. Kastas.
SVENSKA_SE_HAMTAD linda in orden HTTP 200 17678
SYNONYMER_SE_HAMTAD linda in orden HTTP 200 187537
WIKTIONARY_HAMTAD linda in orden HTTP 200 398
UPPSLAGSORD linda in orden traffar=INGEN
SVENSKA_SE_HAMTAD lintott HTTP 200 5515
SYNONYMER_SE_HAMTAD lintott HTTP 200 251100
WIKTIONARY_HAMTAD lintott HTTP 200 398
UPPSLAGSORD lintott traffar=saol,so,saob
SVENSKA_SE_HAMTAD lisa HTTP 200 11998
SYNONYMER_SE_HAMTAD lisa HTTP 200 281091
WIKTIONARY_HAMTAD lisa HTTP 200 1170
UPPSLAGSORD lisa traffar=saol,so,saob
SVENSKA_SE_HAMTAD lisen HTTP 200 6468
SYNONYMER_SE_HAMTAD lisen HTTP 200 233186
WIKTIONARY_HAMTAD lisen HTTP 200 274
UPPSLAGSORD lisen traffar=saol,so,saob
SVENSKA_SE_HAMTAD livré HTTP 200 7343
SYNONYMER_SE_HAMTAD livré HTTP 200 253731
WIKTIONARY_HAMTAD livré HTTP 200 1219
UPPSLAGSORD livré traffar=saol,so,saob
SVENSKA_SE_HAMTAD ljuster HTTP 200 6823
SYNONYMER_SE_HAMTAD ljuster HTTP 200 263366
WIKTIONARY_HAMTAD ljuster HTTP 200 1152
UPPSLAGSORD ljuster traffar=saol,so,saob
SVENSKA_SE_HAMTAD loafer HTTP 200 131049
SYNONYMER_SE_HAMTAD loafer HTTP 200 227240
WIKTIONARY_HAMTAD loafer HTTP 200 398
UPPSLAGSORD loafer hittad som uppslagsform 'loafers'
UPPSLAGSORD loafer traffar=saol,so via=loafers
SVENSKA_SE_HAMTAD lokalsinne HTTP 200 4826
SYNONYMER_SE_HAMTAD lokalsinne HTTP 200 252335
WIKTIONARY_HAMTAD lokalsinne HTTP 429 0
UPPSLAGSORD lokalsinne traffar=saol,so,saob
SVENSKA_SE_HAMTAD lombardera HTTP 200 12068
SYNONYMER_SE_HAMTAD lombardera HTTP 200 227417
WIKTIONARY_HAMTAD lombardera HTTP 429 0
UPPSLAGSORD lombardera traffar=saol,saob
SVENSKA_SE_HAMTAD lomma HTTP 200 17330
SYNONYMER_SE_HAMTAD lomma HTTP 200 258514
WIKTIONARY_HAMTAD lomma HTTP 200 499
UPPSLAGSORD lomma traffar=so,saob
FRAS_UTAN_UPPSLAGSORD lugg / luggning -- svenska.se-traffarna galler bestandsdelarna, inte frasen. Kastas.
SVENSKA_SE_HAMTAD lugg / luggning HTTP 200 17685
SYNONYMER_SE_HAMTAD lugg / luggning HTTP 404 0
WIKTIONARY_HAMTAD lugg / luggning HTTP 200 398
UPPSLAGSORD lugg / luggning traffar=INGEN
SVENSKA_SE_HAMTAD lullig HTTP 200 6115
SYNONYMER_SE_HAMTAD lullig HTTP 200 255279
WIKTIONARY_HAMTAD lullig HTTP 200 398
UPPSLAGSORD lullig traffar=saol,so,saob
SVENSKA_SE_HAMTAD lullull HTTP 200 4660
SYNONYMER_SE_HAMTAD lullull HTTP 200 259160
WIKTIONARY_HAMTAD lullull HTTP 200 398
UPPSLAGSORD lullull traffar=so,saob
SVENSKA_SE_HAMTAD lumbago HTTP 200 4908
SYNONYMER_SE_HAMTAD lumbago HTTP 200 238726
WIKTIONARY_HAMTAD lumbago HTTP 200 398
UPPSLAGSORD lumbago traffar=saol,so,saob
SVENSKA_SE_HAMTAD luminiscens HTTP 200 5540
SYNONYMER_SE_HAMTAD luminiscens HTTP 200 251401
WIKTIONARY_HAMTAD luminiscens HTTP 200 400
UPPSLAGSORD luminiscens traffar=saol,so,saob
SVENSKA_SE_HAMTAD lumpbod HTTP 200 12082
SYNONYMER_SE_HAMTAD lumpbod HTTP 200 236865
WIKTIONARY_HAMTAD lumpbod HTTP 200 522
UPPSLAGSORD lumpbod traffar=saol,saob
SVENSKA_SE_HAMTAD lumpen HTTP 200 16294
SYNONYMER_SE_HAMTAD lumpen HTTP 200 264973
WIKTIONARY_HAMTAD lumpen HTTP 200 1682
UPPSLAGSORD lumpen traffar=saol,so,saob
SVENSKA_SE_HAMTAD lumpor HTTP 200 14373
SYNONYMER_SE_HAMTAD lumpor HTTP 200 232880
WIKTIONARY_HAMTAD lumpor HTTP 200 154
UPPSLAGSORD lumpor traffar=saol
SVENSKA_SE_HAMTAD lunett HTTP 200 7251
SYNONYMER_SE_HAMTAD lunett HTTP 200 249627
WIKTIONARY_HAMTAD lunett HTTP 200 398
UPPSLAGSORD lunett traffar=saol,so,saob
SVENSKA_SE_HAMTAD lux HTTP 200 7140
SYNONYMER_SE_HAMTAD lux HTTP 200 219197
WIKTIONARY_HAMTAD lux HTTP 429 0
UPPSLAGSORD lux traffar=saol,so
SVENSKA_SE_HAMTAD luxös HTTP 200 126314
SYNONYMER_SE_HAMTAD luxös HTTP 200 204148
WIKTIONARY_HAMTAD luxös HTTP 429 0
UPPSLAGSORD luxös traffar=INGEN
FRAS_UTAN_UPPSLAGSORD lyckas smed -- svenska.se-traffarna galler bestandsdelarna, inte frasen. Kastas.
SVENSKA_SE_HAMTAD lyckas smed HTTP 200 20110
SYNONYMER_SE_HAMTAD lyckas smed HTTP 200 187505
WIKTIONARY_HAMTAD lyckas smed HTTP 200 398
UPPSLAGSORD lyckas smed traffar=INGEN
FRAS_UTAN_UPPSLAGSORD lyfta sig själv i håret -- svenska.se-traffarna galler bestandsdelarna, inte frasen. Kastas.
SVENSKA_SE_HAMTAD lyfta sig själv i håret HTTP 200 17754
SYNONYMER_SE_HAMTAD lyfta sig själv i håret HTTP 200 204262
WIKTIONARY_HAMTAD lyfta sig själv i håret HTTP 200 1811
UPPSLAGSORD lyfta sig själv i håret traffar=INGEN
SVENSKA_SE_HAMTAD lyhörd HTTP 200 6923
SYNONYMER_SE_HAMTAD lyhörd HTTP 200 266995
WIKTIONARY_HAMTAD lyhörd HTTP 200 1447
UPPSLAGSORD lyhörd traffar=saol,so,saob
SVENSKA_SE_HAMTAD lymfa HTTP 200 5095
SYNONYMER_SE_HAMTAD lymfa HTTP 200 250430
WIKTIONARY_HAMTAD lymfa HTTP 200 751
UPPSLAGSORD lymfa traffar=saol,so,saob
SVENSKA_SE_HAMTAD lynett HTTP 200 7360
SYNONYMER_SE_HAMTAD lynett HTTP 200 228466
WIKTIONARY_HAMTAD lynett HTTP 200 256
UPPSLAGSORD lynett traffar=saob
SVENSKA_SE_HAMTAD lysning HTTP 200 8637
SYNONYMER_SE_HAMTAD lysning HTTP 200 249537
WIKTIONARY_HAMTAD lysning HTTP 200 603
UPPSLAGSORD lysning traffar=saol,so,saob
SVENSKA_SE_HAMTAD lystra HTTP 200 9845
SYNONYMER_SE_HAMTAD lystra HTTP 200 274589
WIKTIONARY_HAMTAD lystra HTTP 200 720
UPPSLAGSORD lystra traffar=saol,so,saob
SVENSKA_SE_HAMTAD lytt HTTP 200 19723
SYNONYMER_SE_HAMTAD lytt HTTP 200 263006
WIKTIONARY_HAMTAD lytt HTTP 200 788
UPPSLAGSORD lytt traffar=saol,so,saob
FRAS_UTAN_UPPSLAGSORD lägga an på -- svenska.se-traffarna galler bestandsdelarna, inte frasen. Kastas.
SVENSKA_SE_HAMTAD lägga an på HTTP 200 19806
SYNONYMER_SE_HAMTAD lägga an på HTTP 200 230171
WIKTIONARY_HAMTAD lägga an på HTTP 200 398
UPPSLAGSORD lägga an på traffar=INGEN
FRAS_UTAN_UPPSLAGSORD lägga hämsko på -- svenska.se-traffarna galler bestandsdelarna, inte frasen. Kastas.
SVENSKA_SE_HAMTAD lägga hämsko på HTTP 200 17660
SYNONYMER_SE_HAMTAD lägga hämsko på HTTP 200 187596
WIKTIONARY_HAMTAD lägga hämsko på HTTP 200 398
UPPSLAGSORD lägga hämsko på traffar=INGEN
FRAS_UTAN_UPPSLAGSORD lägga sordin på -- svenska.se-traffarna galler bestandsdelarna, inte frasen. Kastas.
SVENSKA_SE_HAMTAD lägga sordin på HTTP 200 17630
SYNONYMER_SE_HAMTAD lägga sordin på HTTP 200 225569
WIKTIONARY_HAMTAD lägga sordin på HTTP 429 0
UPPSLAGSORD lägga sordin på traffar=INGEN
FRAS_UTAN_UPPSLAGSORD lämna in tofflorna -- svenska.se-traffarna galler bestandsdelarna, inte frasen. Kastas.
SVENSKA_SE_HAMTAD lämna in tofflorna HTTP 200 17683
SYNONYMER_SE_HAMTAD lämna in tofflorna HTTP 200 204726
WIKTIONARY_HAMTAD lämna in tofflorna HTTP 429 0
UPPSLAGSORD lämna in tofflorna traffar=INGEN
SVENSKA_SE_HAMTAD länsa undan HTTP 200 18204
SYNONYMER_SE_HAMTAD länsa undan HTTP 200 187780
WIKTIONARY_HAMTAD länsa undan HTTP 200 398
UPPSLAGSORD länsa undan traffar=saob
SVENSKA_SE_HAMTAD läppja HTTP 200 7152
SYNONYMER_SE_HAMTAD läppja HTTP 200 258647
WIKTIONARY_HAMTAD läppja HTTP 200 606
UPPSLAGSORD läppja traffar=saol,so,saob
SVENSKA_SE_HAMTAD lärft HTTP 200 6601
SYNONYMER_SE_HAMTAD lärft HTTP 200 260792
SYNONYMER_SE_ENDAST_ANVANDARBIDRAG lärft
WIKTIONARY_HAMTAD lärft HTTP 200 2294
UPPSLAGSORD lärft traffar=saol,so,saob
SVENSKA_SE_HAMTAD lättledd HTTP 200 5476
SYNONYMER_SE_HAMTAD lättledd HTTP 200 238875
WIKTIONARY_HAMTAD lättledd HTTP 200 398
UPPSLAGSORD lättledd traffar=saol,so,saob
SVENSKA_SE_HAMTAD långbänk HTTP 200 6358
SYNONYMER_SE_HAMTAD långbänk HTTP 200 256977
WIKTIONARY_HAMTAD långbänk HTTP 200 1395
UPPSLAGSORD långbänk traffar=saol,so,saob
SVENSKA_SE_HAMTAD långfingrad HTTP 200 4787
SYNONYMER_SE_HAMTAD långfingrad HTTP 200 233544
WIKTIONARY_HAMTAD långfingrad HTTP 200 398
UPPSLAGSORD långfingrad traffar=saol,so,saob
SVENSKA_SE_HAMTAD långledas HTTP 200 5340
SYNONYMER_SE_HAMTAD långledas HTTP 200 223969
WIKTIONARY_HAMTAD långledas HTTP 200 398
UPPSLAGSORD långledas traffar=saol,so,saob
SVENSKA_SE_HAMTAD långskott HTTP 200 6646
SYNONYMER_SE_HAMTAD långskott HTTP 200 242086
WIKTIONARY_HAMTAD långskott HTTP 200 398
UPPSLAGSORD långskott traffar=saol,so,saob
FRAS_UTAN_UPPSLAGSORD låt gå för det! -- svenska.se-traffarna galler bestandsdelarna, inte frasen. Kastas.
SVENSKA_SE_HAMTAD låt gå för det! HTTP 200 17678
SYNONYMER_SE_HAMTAD låt gå för det! HTTP 200 187803
WIKTIONARY_HAMTAD låt gå för det! HTTP 200 398
UPPSLAGSORD låt gå för det! traffar=INGEN
FRAS_UTAN_UPPSLAGSORD löpa gatlopp -- svenska.se-traffarna galler bestandsdelarna, inte frasen. Kastas.
SVENSKA_SE_HAMTAD löpa gatlopp HTTP 200 20032
SYNONYMER_SE_HAMTAD löpa gatlopp HTTP 200 204253
WIKTIONARY_HAMTAD löpa gatlopp HTTP 200 398
UPPSLAGSORD löpa gatlopp traffar=INGEN
SVENSKA_SE_HAMTAD löpe HTTP 200 8494
SYNONYMER_SE_HAMTAD löpe HTTP 200 256161
WIKTIONARY_HAMTAD löpe HTTP 429 0
UPPSLAGSORD löpe traffar=saol,so,saob
SVENSKA_SE_HAMTAD löpna HTTP 200 12344
SYNONYMER_SE_HAMTAD löpna HTTP 200 234570
WIKTIONARY_HAMTAD löpna HTTP 429 0
UPPSLAGSORD löpna traffar=saol,saob
FRAS_UTAN_UPPSLAGSORD löst folk -- svenska.se-traffarna galler bestandsdelarna, inte frasen. Kastas.
SVENSKA_SE_HAMTAD löst folk HTTP 200 20020
SYNONYMER_SE_HAMTAD löst folk HTTP 200 236973
WIKTIONARY_HAMTAD löst folk HTTP 200 398
UPPSLAGSORD löst folk traffar=INGEN
SVENSKA_SE_HAMTAD lövsal HTTP 200 6405
SYNONYMER_SE_HAMTAD lövsal HTTP 200 247619
WIKTIONARY_HAMTAD lövsal HTTP 200 398
UPPSLAGSORD lövsal traffar=saol,so,saob
SVENSKA_SE_HAMTAD madrigal HTTP 200 5618
SYNONYMER_SE_HAMTAD madrigal HTTP 200 248779
WIKTIONARY_HAMTAD madrigal HTTP 200 1178
UPPSLAGSORD madrigal traffar=saol,so,saob
SVENSKA_SE_HAMTAD magenta HTTP 200 5143
SYNONYMER_SE_HAMTAD magenta HTTP 200 242554
WIKTIONARY_HAMTAD magenta HTTP 200 398
UPPSLAGSORD magenta traffar=saol,so,saob
SVENSKA_SE_HAMTAD magnolia HTTP 200 5935
SYNONYMER_SE_HAMTAD magnolia HTTP 200 254776
WIKTIONARY_HAMTAD magnolia HTTP 200 1463
UPPSLAGSORD magnolia traffar=saol,so,saob
SVENSKA_SE_HAMTAD majuskel HTTP 200 6503
SYNONYMER_SE_HAMTAD majuskel HTTP 200 251814
WIKTIONARY_HAMTAD majuskel HTTP 200 257
UPPSLAGSORD majuskel traffar=saol,so,saob
SVENSKA_SE_HAMTAD makaber HTTP 200 6538
SYNONYMER_SE_HAMTAD makaber HTTP 200 247001
WIKTIONARY_HAMTAD makaber HTTP 200 660
UPPSLAGSORD makaber traffar=saol,so,saob
SVENSKA_SE_HAMTAD makramé HTTP 200 4783
SYNONYMER_SE_HAMTAD makramé HTTP 200 237860
WIKTIONARY_HAMTAD makramé HTTP 200 208
UPPSLAGSORD makramé traffar=saol,so,saob
SVENSKA_SE_HAMTAD malakit HTTP 200 5777
SYNONYMER_SE_HAMTAD malakit HTTP 200 250154
WIKTIONARY_HAMTAD malakit HTTP 200 474
UPPSLAGSORD malakit traffar=saol,so,saob
SVENSKA_SE_HAMTAD malakologi HTTP 200 17873
SYNONYMER_SE_HAMTAD malakologi HTTP 200 209796
SYNONYMER_SE_ENDAST_ANVANDARBIDRAG malakologi
WIKTIONARY_HAMTAD malakologi HTTP 200 398
UPPSLAGSORD malakologi traffar=saob
SVENSKA_SE_HAMTAD malign HTTP 200 5562
SYNONYMER_SE_HAMTAD malign HTTP 200 233548
WIKTIONARY_HAMTAD malign HTTP 429 0
UPPSLAGSORD malign traffar=saol,so,saob
SVENSKA_SE_HAMTAD malja HTTP 200 7402
SYNONYMER_SE_HAMTAD malja HTTP 200 246303
WIKTIONARY_HAMTAD malja HTTP 429 0
UPPSLAGSORD malja traffar=saol,so,saob
SVENSKA_SE_HAMTAD malström HTTP 200 6286
SYNONYMER_SE_HAMTAD malström HTTP 200 255059
WIKTIONARY_HAMTAD malström HTTP 200 421
UPPSLAGSORD malström traffar=saol,so,saob
SVENSKA_SE_HAMTAD mamelucker HTTP 200 7013
SYNONYMER_SE_HAMTAD mamelucker HTTP 200 248567
WIKTIONARY_HAMTAD mamelucker HTTP 200 683
UPPSLAGSORD mamelucker traffar=saol,so
SVENSKA_SE_HAMTAD mammografi HTTP 200 7981
SYNONYMER_SE_HAMTAD mammografi HTTP 200 252812
WIKTIONARY_HAMTAD mammografi HTTP 200 1036
UPPSLAGSORD mammografi traffar=saol,so
SVENSKA_SE_HAMTAD mammon HTTP 200 5257
SYNONYMER_SE_HAMTAD mammon HTTP 200 253553
WIKTIONARY_HAMTAD mammon HTTP 200 1102
UPPSLAGSORD mammon traffar=saol,so,saob
SVENSKA_SE_HAMTAD mangold HTTP 200 5168
SYNONYMER_SE_HAMTAD mangold HTTP 200 253262
WIKTIONARY_HAMTAD mangold HTTP 200 700
UPPSLAGSORD mangold traffar=saol,so,saob
SVENSKA_SE_HAMTAD mangrann HTTP 200 6418
SYNONYMER_SE_HAMTAD mangrann HTTP 200 249428
WIKTIONARY_HAMTAD mangrann HTTP 200 398
UPPSLAGSORD mangrann traffar=saol,so,saob
SVENSKA_SE_HAMTAD manifestation HTTP 200 7569
SYNONYMER_SE_HAMTAD manifestation HTTP 200 253407
WIKTIONARY_HAMTAD manifestation HTTP 200 1203
UPPSLAGSORD manifestation traffar=saol,so,saob
SVENSKA_SE_HAMTAD manikyr HTTP 200 6262
SYNONYMER_SE_HAMTAD manikyr HTTP 200 251538
WIKTIONARY_HAMTAD manikyr HTTP 200 862
UPPSLAGSORD manikyr traffar=saol,so,saob
SVENSKA_SE_HAMTAD manipulera HTTP 200 8420
SYNONYMER_SE_HAMTAD manipulera HTTP 200 274748
WIKTIONARY_HAMTAD manipulera HTTP 200 906
UPPSLAGSORD manipulera traffar=saol,so,saob
SVENSKA_SE_HAMTAD manschettarbetare HTTP 200 110758
SYNONYMER_SE_HAMTAD manschettarbetare HTTP 200 244658
WIKTIONARY_HAMTAD manschettarbetare HTTP 200 398
UPPSLAGSORD manschettarbetare traffar=INGEN
SVENSKA_SE_HAMTAD mantalslängd HTTP 200 6372
SYNONYMER_SE_HAMTAD mantalslängd HTTP 200 249186
WIKTIONARY_HAMTAD mantalslängd HTTP 429 0
UPPSLAGSORD mantalslängd traffar=saol,so,saob
SVENSKA_SE_HAMTAD marinera HTTP 200 8122
SYNONYMER_SE_HAMTAD marinera HTTP 200 264430
WIKTIONARY_HAMTAD marinera HTTP 429 0
UPPSLAGSORD marinera traffar=saol,so,saob
SVENSKA_SE_HAMTAD maskrosbarn HTTP 200 6858
SYNONYMER_SE_HAMTAD maskrosbarn HTTP 200 250639
WIKTIONARY_HAMTAD maskrosbarn HTTP 200 840
UPPSLAGSORD maskrosbarn traffar=saol,so
FRAS_UTAN_UPPSLAGSORD masurka / mazurka -- svenska.se-traffarna galler bestandsdelarna, inte frasen. Kastas.
SVENSKA_SE_HAMTAD masurka / mazurka HTTP 200 17708
SYNONYMER_SE_HAMTAD masurka / mazurka HTTP 404 0
WIKTIONARY_HAMTAD masurka / mazurka HTTP 200 398
UPPSLAGSORD masurka / mazurka traffar=INGEN
SVENSKA_SE_HAMTAD matiné HTTP 200 6392
SYNONYMER_SE_HAMTAD matiné HTTP 200 256827
WIKTIONARY_HAMTAD matiné HTTP 200 929
UPPSLAGSORD matiné traffar=saol,so,saob
SVENSKA_SE_HAMTAD meander HTTP 200 6660
SYNONYMER_SE_HAMTAD meander HTTP 200 263036
WIKTIONARY_HAMTAD meander HTTP 200 1224
UPPSLAGSORD meander traffar=saol,so,saob
FRAS_UTAN_UPPSLAGSORD med / mede -- svenska.se-traffarna galler bestandsdelarna, inte frasen. Kastas.
SVENSKA_SE_HAMTAD med / mede HTTP 200 19792
SYNONYMER_SE_HAMTAD med / mede HTTP 404 0
WIKTIONARY_HAMTAD med / mede HTTP 200 398
UPPSLAGSORD med / mede traffar=INGEN
FRAS_UTAN_UPPSLAGSORD med bravur -- svenska.se-traffarna galler bestandsdelarna, inte frasen. Kastas.
SVENSKA_SE_HAMTAD med bravur HTTP 200 19681
SYNONYMER_SE_HAMTAD med bravur HTTP 200 187585
WIKTIONARY_HAMTAD med bravur HTTP 200 398
UPPSLAGSORD med bravur traffar=INGEN
FRAS_UTAN_UPPSLAGSORD med förbundna ögon -- svenska.se-traffarna galler bestandsdelarna, inte frasen. Kastas.
SVENSKA_SE_HAMTAD med förbundna ögon HTTP 200 17717
SYNONYMER_SE_HAMTAD med förbundna ögon HTTP 200 187862
WIKTIONARY_HAMTAD med förbundna ögon HTTP 200 398
UPPSLAGSORD med förbundna ögon traffar=INGEN
FRAS_UTAN_UPPSLAGSORD med förlov sagt -- svenska.se-traffarna galler bestandsdelarna, inte frasen. Kastas.
SVENSKA_SE_HAMTAD med förlov sagt HTTP 200 17698
SYNONYMER_SE_HAMTAD med förlov sagt HTTP 200 204387
WIKTIONARY_HAMTAD med förlov sagt HTTP 200 398
UPPSLAGSORD med förlov sagt traffar=INGEN
FRAS_UTAN_UPPSLAGSORD med oblida ögon -- svenska.se-traffarna galler bestandsdelarna, inte frasen. Kastas.
SVENSKA_SE_HAMTAD med oblida ögon HTTP 200 17686
SYNONYMER_SE_HAMTAD med oblida ögon HTTP 200 187729
WIKTIONARY_HAMTAD med oblida ögon HTTP 200 398
UPPSLAGSORD med oblida ögon traffar=INGEN
FRAS_UTAN_UPPSLAGSORD med varm hand -- svenska.se-traffarna galler bestandsdelarna, inte frasen. Kastas.
SVENSKA_SE_HAMTAD med varm hand HTTP 200 4037
SYNONYMER_SE_HAMTAD med varm hand HTTP 200 187589
WIKTIONARY_HAMTAD med varm hand HTTP 200 398
UPPSLAGSORD med varm hand traffar=INGEN
SVENSKA_SE_HAMTAD meddelsam HTTP 200 5910
SYNONYMER_SE_HAMTAD meddelsam HTTP 200 252150
WIKTIONARY_HAMTAD meddelsam HTTP 429 0
UPPSLAGSORD meddelsam traffar=saol,so,saob
SVENSKA_SE_HAMTAD medelst HTTP 200 6173
SYNONYMER_SE_HAMTAD medelst HTTP 200 255723
WIKTIONARY_HAMTAD medelst HTTP 429 0
UPPSLAGSORD medelst traffar=saol,so,saob
SVENSKA_SE_HAMTAD medfaren HTTP 200 5361
SYNONYMER_SE_HAMTAD medfaren HTTP 200 246402
WIKTIONARY_HAMTAD medfaren HTTP 200 843
UPPSLAGSORD medfaren traffar=saol,so,saob
SVENSKA_SE_HAMTAD medial HTTP 200 6672
SYNONYMER_SE_HAMTAD medial HTTP 200 242853
WIKTIONARY_HAMTAD medial HTTP 200 330
UPPSLAGSORD medial traffar=saol,so,saob
SVENSKA_SE_HAMTAD medikalisera HTTP 200 8827
SYNONYMER_SE_HAMTAD medikalisera HTTP 200 255577
WIKTIONARY_HAMTAD medikalisera HTTP 200 2224
UPPSLAGSORD medikalisera traffar=saol
SVENSKA_SE_HAMTAD mefitisk HTTP 200 18049
SYNONYMER_SE_HAMTAD mefitisk HTTP 200 212469
WIKTIONARY_HAMTAD mefitisk HTTP 200 398
UPPSLAGSORD mefitisk traffar=saob
SVENSKA_SE_HAMTAD megalit HTTP 200 6661
SYNONYMER_SE_HAMTAD megalit HTTP 200 249336
WIKTIONARY_HAMTAD megalit HTTP 200 400
UPPSLAGSORD megalit traffar=saol,so,saob
SVENSKA_SE_HAMTAD melass HTTP 200 5711
SYNONYMER_SE_HAMTAD melass HTTP 200 253268
WIKTIONARY_HAMTAD melass HTTP 200 1401
UPPSLAGSORD melass traffar=saol,so,saob
FRAS_UTAN_UPPSLAGSORD mellan fyra ögon -- svenska.se-traffarna galler bestandsdelarna, inte frasen. Kastas.
SVENSKA_SE_HAMTAD mellan fyra ögon HTTP 200 18755
SYNONYMER_SE_HAMTAD mellan fyra ögon HTTP 200 237583
WIKTIONARY_HAMTAD mellan fyra ögon HTTP 200 398
UPPSLAGSORD mellan fyra ögon traffar=INGEN
FRAS_UTAN_UPPSLAGSORD mellan skylla och karybdis -- svenska.se-traffarna galler bestandsdelarna, inte frasen. Kastas.
SVENSKA_SE_HAMTAD mellan skylla och karybdis HTTP 200 17749
SYNONYMER_SE_HAMTAD mellan skylla och karybdis HTTP 200 205017
WIKTIONARY_HAMTAD mellan skylla och karybdis HTTP 200 398
UPPSLAGSORD mellan skylla och karybdis traffar=INGEN
SVENSKA_SE_HAMTAD mellanhavande HTTP 200 6229
SYNONYMER_SE_HAMTAD mellanhavande HTTP 200 257709
WIKTIONARY_HAMTAD mellanhavande HTTP 200 315
UPPSLAGSORD mellanhavande traffar=saol,so,saob
SVENSKA_SE_HAMTAD membran HTTP 200 6834
SYNONYMER_SE_HAMTAD membran HTTP 200 255740
WIKTIONARY_HAMTAD membran HTTP 200 1570
UPPSLAGSORD membran traffar=saol,so,saob
SVENSKA_SE_HAMTAD memento HTTP 200 5761
SYNONYMER_SE_HAMTAD memento HTTP 200 256837
WIKTIONARY_HAMTAD memento HTTP 429 0
UPPSLAGSORD memento traffar=saol,so,saob
SVENSKA_SE_HAMTAD memoar HTTP 200 6406
SYNONYMER_SE_HAMTAD memoar HTTP 200 259203
WIKTIONARY_HAMTAD memoar HTTP 429 0
UPPSLAGSORD memoar traffar=saol,so,saob
SVENSKA_SE_HAMTAD memoarer HTTP 200 8226
SYNONYMER_SE_HAMTAD memoarer HTTP 200 259275
WIKTIONARY_HAMTAD memoarer HTTP 200 161
UPPSLAGSORD memoarer traffar=INGEN
SVENSKA_SE_HAMTAD memorandum HTTP 200 6495
SYNONYMER_SE_HAMTAD memorandum HTTP 200 258000
WIKTIONARY_HAMTAD memorandum HTTP 200 1455
UPPSLAGSORD memorandum traffar=saol,so,saob
FRAS_UTAN_UPPSLAGSORD mene te'kel -- svenska.se-traffarna galler bestandsdelarna, inte frasen. Kastas.
SVENSKA_SE_HAMTAD mene te'kel HTTP 200 14279
SYNONYMER_SE_HAMTAD mene te'kel HTTP 200 204270
WIKTIONARY_HAMTAD mene te'kel HTTP 200 398
UPPSLAGSORD mene te'kel traffar=INGEN
SVENSKA_SE_HAMTAD mentometer HTTP 200 7892
SYNONYMER_SE_HAMTAD mentometer HTTP 200 247175
WIKTIONARY_HAMTAD mentometer HTTP 200 293
UPPSLAGSORD mentometer traffar=saol,so
SVENSKA_SE_HAMTAD menuett HTTP 200 6227
SYNONYMER_SE_HAMTAD menuett HTTP 200 260873
WIKTIONARY_HAMTAD menuett HTTP 200 1426
UPPSLAGSORD menuett traffar=saol,so,saob
SVENSKA_SE_HAMTAD meriterad HTTP 200 13406
SYNONYMER_SE_HAMTAD meriterad HTTP 200 242499
WIKTIONARY_HAMTAD meriterad HTTP 200 398
UPPSLAGSORD meriterad traffar=saol,so
SVENSKA_SE_HAMTAD metates HTTP 200 6673
SYNONYMER_SE_HAMTAD metates HTTP 200 244969
WIKTIONARY_HAMTAD metates HTTP 200 1008
UPPSLAGSORD metates traffar=saol,so,saob
SVENSKA_SE_HAMTAD metodism HTTP 200 5542
SYNONYMER_SE_HAMTAD metodism HTTP 200 247518
WIKTIONARY_HAMTAD metodism HTTP 200 595
UPPSLAGSORD metodism traffar=saol,so,saob
SVENSKA_SE_HAMTAD mikrofiche HTTP 200 8096
SYNONYMER_SE_HAMTAD mikrofiche HTTP 200 252164
WIKTIONARY_HAMTAD mikrofiche HTTP 200 398
UPPSLAGSORD mikrofiche traffar=saol,so
SVENSKA_SE_HAMTAD millenium HTTP 200 112822
SYNONYMER_SE_HAMTAD millenium HTTP 200 204269
WIKTIONARY_HAMTAD millenium HTTP 200 398
UPPSLAGSORD millenium traffar=INGEN
SVENSKA_SE_HAMTAD mimicry HTTP 200 5351
SYNONYMER_SE_HAMTAD mimicry HTTP 200 235433
WIKTIONARY_HAMTAD mimicry HTTP 429 0
UPPSLAGSORD mimicry traffar=so,saob
SVENSKA_SE_HAMTAD minuskel HTTP 200 6824
SYNONYMER_SE_HAMTAD minuskel HTTP 200 255783
WIKTIONARY_HAMTAD minuskel HTTP 429 0
UPPSLAGSORD minuskel traffar=saol,so,saob
SVENSKA_SE_HAMTAD missanpassad HTTP 200 6719
SYNONYMER_SE_HAMTAD missanpassad HTTP 200 252568
WIKTIONARY_HAMTAD missanpassad HTTP 200 477
UPPSLAGSORD missanpassad traffar=saol,so
SVENSKA_SE_HAMTAD missklädsam HTTP 200 4737
SYNONYMER_SE_HAMTAD missklädsam HTTP 200 238764
WIKTIONARY_HAMTAD missklädsam HTTP 200 398
UPPSLAGSORD missklädsam traffar=saol,so,saob
SVENSKA_SE_HAMTAD misskunda HTTP 200 18929
SYNONYMER_SE_HAMTAD misskunda HTTP 200 230542
WIKTIONARY_HAMTAD misskunda HTTP 200 231
UPPSLAGSORD misskunda traffar=saob
SVENSKA_SE_HAMTAD misskundsam HTTP 200 18346
SYNONYMER_SE_HAMTAD misskundsam HTTP 200 233293
WIKTIONARY_HAMTAD misskundsam HTTP 200 267
UPPSLAGSORD misskundsam traffar=saob
SVENSKA_SE_HAMTAD misskänd HTTP 200 11387
SYNONYMER_SE_HAMTAD misskänd HTTP 200 233891
WIKTIONARY_HAMTAD misskänd HTTP 200 398
UPPSLAGSORD misskänd traffar=so
FRAS_UTAN_UPPSLAGSORD missta sig /misstaga sig -- svenska.se-traffarna galler bestandsdelarna, inte frasen. Kastas.
SVENSKA_SE_HAMTAD missta sig /misstaga sig HTTP 200 17724
SYNONYMER_SE_HAMTAD missta sig /misstaga sig HTTP 404 0
WIKTIONARY_HAMTAD missta sig /misstaga sig HTTP 200 398
UPPSLAGSORD missta sig /misstaga sig traffar=INGEN
SVENSKA_SE_HAMTAD misstroendevotum HTTP 200 6840
SYNONYMER_SE_HAMTAD misstroendevotum HTTP 200 249377
WIKTIONARY_HAMTAD misstroendevotum HTTP 200 681
UPPSLAGSORD misstroendevotum traffar=saol,so,saob
SVENSKA_SE_HAMTAD mistral HTTP 200 5175
SYNONYMER_SE_HAMTAD mistral HTTP 200 240565
WIKTIONARY_HAMTAD mistral HTTP 200 656
UPPSLAGSORD mistral traffar=saol,so,saob
SVENSKA_SE_HAMTAD mitos HTTP 200 14253
SYNONYMER_SE_HAMTAD mitos HTTP 200 217048
WIKTIONARY_HAMTAD mitos HTTP 200 844
UPPSLAGSORD mitos traffar=so
SVENSKA_SE_HAMTAD mitträcke HTTP 200 7710
SYNONYMER_SE_HAMTAD mitträcke HTTP 200 241376
WIKTIONARY_HAMTAD mitträcke HTTP 200 397
UPPSLAGSORD mitträcke traffar=saol,so
SVENSKA_SE_HAMTAD mittåt HTTP 200 5014
SYNONYMER_SE_HAMTAD mittåt HTTP 200 236270
WIKTIONARY_HAMTAD mittåt HTTP 429 0
UPPSLAGSORD mittåt traffar=saol,so,saob
SVENSKA_SE_HAMTAD moarera HTTP 200 18562
SYNONYMER_SE_HAMTAD moarera HTTP 200 209902
SYNONYMER_SE_ENDAST_ANVANDARBIDRAG moarera
WIKTIONARY_HAMTAD moarera HTTP 429 0
UPPSLAGSORD moarera traffar=saob
SVENSKA_SE_HAMTAD moaré HTTP 200 6170
SYNONYMER_SE_HAMTAD moaré HTTP 200 255663
WIKTIONARY_HAMTAD moaré HTTP 200 296
UPPSLAGSORD moaré traffar=saol,so,saob
SVENSKA_SE_HAMTAD mobilisering HTTP 200 6440
SYNONYMER_SE_HAMTAD mobilisering HTTP 200 259036
WIKTIONARY_HAMTAD mobilisering HTTP 200 1503
UPPSLAGSORD mobilisering traffar=saol,so,saob
SVENSKA_SE_HAMTAD mockant HTTP 200 18301
SYNONYMER_SE_HAMTAD mockant HTTP 200 204032
WIKTIONARY_HAMTAD mockant HTTP 200 398
UPPSLAGSORD mockant traffar=saob
SVENSKA_SE_HAMTAD modal HTTP 200 5529
SYNONYMER_SE_HAMTAD modal HTTP 200 238287
WIKTIONARY_HAMTAD modal HTTP 200 301
UPPSLAGSORD modal traffar=saol,so,saob
SVENSKA_SE_HAMTAD modenyck HTTP 200 5764
SYNONYMER_SE_HAMTAD modenyck HTTP 200 254268
WIKTIONARY_HAMTAD modenyck HTTP 200 398
UPPSLAGSORD modenyck traffar=saol,so,saob
SVENSKA_SE_HAMTAD modist HTTP 200 6237
SYNONYMER_SE_HAMTAD modist HTTP 200 253005
WIKTIONARY_HAMTAD modist HTTP 200 923
UPPSLAGSORD modist traffar=saol,so,saob
SVENSKA_SE_HAMTAD modulera HTTP 200 9481
SYNONYMER_SE_HAMTAD modulera HTTP 200 276970
WIKTIONARY_HAMTAD modulera HTTP 200 493
UPPSLAGSORD modulera traffar=saol,so,saob
SVENSKA_SE_HAMTAD mohair HTTP 200 7471
SYNONYMER_SE_HAMTAD mohair HTTP 200 245617
WIKTIONARY_HAMTAD mohair HTTP 200 200
UPPSLAGSORD mohair traffar=saol,so
SVENSKA_SE_HAMTAD molar HTTP 200 9747
SYNONYMER_SE_HAMTAD molar HTTP 200 244282
WIKTIONARY_HAMTAD molar HTTP 200 453
UPPSLAGSORD molar traffar=saol,so,saob
SVENSKA_SE_HAMTAD monegask HTTP 200 5508
SYNONYMER_SE_HAMTAD monegask HTTP 200 247912
WIKTIONARY_HAMTAD monegask HTTP 200 772
UPPSLAGSORD monegask traffar=saol,so,saob
SVENSKA_SE_HAMTAD mopsig HTTP 200 6159
SYNONYMER_SE_HAMTAD mopsig HTTP 200 240342
WIKTIONARY_HAMTAD mopsig HTTP 429 0
UPPSLAGSORD mopsig traffar=saol,so,saob
SVENSKA_SE_HAMTAD moralkaka HTTP 200 5616
SYNONYMER_SE_HAMTAD moralkaka HTTP 200 256811
WIKTIONARY_HAMTAD moralkaka HTTP 429 0
UPPSLAGSORD moralkaka traffar=saol,so,saob
SVENSKA_SE_HAMTAD morfem HTTP 200 7007
SYNONYMER_SE_HAMTAD morfem HTTP 200 253523
WIKTIONARY_HAMTAD morfem HTTP 200 2523
UPPSLAGSORD morfem traffar=saol,so,saob
SVENSKA_SE_HAMTAD mortalitet HTTP 200 6054
SYNONYMER_SE_HAMTAD mortalitet HTTP 200 245793
WIKTIONARY_HAMTAD mortalitet HTTP 200 618
UPPSLAGSORD mortalitet traffar=saol,so,saob
SVENSKA_SE_HAMTAD mortel HTTP 200 6453
SYNONYMER_SE_HAMTAD mortel HTTP 200 260962
WIKTIONARY_HAMTAD mortel HTTP 200 1284
UPPSLAGSORD mortel traffar=saol,so,saob
SVENSKA_SE_HAMTAD mossbelupen HTTP 200 5250
SYNONYMER_SE_HAMTAD mossbelupen HTTP 200 242487
WIKTIONARY_HAMTAD mossbelupen HTTP 200 522
UPPSLAGSORD mossbelupen traffar=saol,so,saob
FRAS_UTAN_UPPSLAGSORD mot förmodan -- svenska.se-traffarna galler bestandsdelarna, inte frasen. Kastas.
SVENSKA_SE_HAMTAD mot förmodan HTTP 200 19395
SYNONYMER_SE_HAMTAD mot förmodan HTTP 200 223968
WIKTIONARY_HAMTAD mot förmodan HTTP 200 398
UPPSLAGSORD mot förmodan traffar=INGEN
SVENSKA_SE_HAMTAD motspänstig HTTP 200 6269
SYNONYMER_SE_HAMTAD motspänstig HTTP 200 272902
WIKTIONARY_HAMTAD motspänstig HTTP 200 840
UPPSLAGSORD motspänstig traffar=saol,so,saob
SVENSKA_SE_HAMTAD motvalls HTTP 200 6764
SYNONYMER_SE_HAMTAD motvalls HTTP 200 255675
WIKTIONARY_HAMTAD motvalls HTTP 200 750
UPPSLAGSORD motvalls traffar=saol,so
SVENSKA_SE_HAMTAD mudd HTTP 200 9109
SYNONYMER_SE_HAMTAD mudd HTTP 200 248155
WIKTIONARY_HAMTAD mudd HTTP 200 250
UPPSLAGSORD mudd traffar=saol,so,saob
SVENSKA_SE_HAMTAD multilateral HTTP 200 7672
SYNONYMER_SE_HAMTAD multilateral HTTP 200 243401
WIKTIONARY_HAMTAD multilateral HTTP 200 388
UPPSLAGSORD multilateral traffar=saol,so
SVENSKA_SE_HAMTAD muntration HTTP 200 5555
SYNONYMER_SE_HAMTAD muntration HTTP 200 247267
WIKTIONARY_HAMTAD muntration HTTP 200 520
UPPSLAGSORD muntration traffar=saol,so,saob
SVENSKA_SE_HAMTAD munväder HTTP 200 5235
SYNONYMER_SE_HAMTAD munväder HTTP 200 252566
WIKTIONARY_HAMTAD munväder HTTP 429 0
UPPSLAGSORD munväder traffar=saol,so,saob
SVENSKA_SE_HAMTAD murrig HTTP 200 6925
SYNONYMER_SE_HAMTAD murrig HTTP 200 248795
WIKTIONARY_HAMTAD murrig HTTP 429 0
UPPSLAGSORD murrig traffar=saol,so,saob
SVENSKA_SE_HAMTAD muslin HTTP 200 9209
SYNONYMER_SE_HAMTAD muslin HTTP 200 253472
WIKTIONARY_HAMTAD muslin HTTP 200 977
UPPSLAGSORD muslin traffar=saol,so,saob
SVENSKA_SE_HAMTAD mycel HTTP 200 5000
SYNONYMER_SE_HAMTAD mycel HTTP 200 240971
WIKTIONARY_HAMTAD mycel HTTP 200 641
UPPSLAGSORD mycel traffar=saol,so,saob
SVENSKA_SE_HAMTAD myr HTTP 200 6499
SYNONYMER_SE_HAMTAD myr HTTP 200 272457
WIKTIONARY_HAMTAD myr HTTP 200 1065
UPPSLAGSORD myr traffar=saol,so,saob
SVENSKA_SE_HAMTAD mysk HTTP 200 7802
SYNONYMER_SE_HAMTAD mysk HTTP 200 248773
WIKTIONARY_HAMTAD mysk HTTP 200 805
UPPSLAGSORD mysk traffar=saol,so,saob
SVENSKA_SE_HAMTAD mässfall HTTP 200 6620
SYNONYMER_SE_HAMTAD mässfall HTTP 200 244707
WIKTIONARY_HAMTAD mässfall HTTP 200 275
UPPSLAGSORD mässfall traffar=saol,so,saob
SVENSKA_SE_HAMTAD mättsam HTTP 200 6915
SYNONYMER_SE_HAMTAD mättsam HTTP 200 245642
WIKTIONARY_HAMTAD mättsam HTTP 200 398
UPPSLAGSORD mättsam traffar=saol,so,saob
SVENSKA_SE_HAMTAD målföre HTTP 200 5963
SYNONYMER_SE_HAMTAD målföre HTTP 200 260864
WIKTIONARY_HAMTAD målföre HTTP 200 398
UPPSLAGSORD målföre traffar=saol,so,saob
SVENSKA_SE_HAMTAD måndagsexemplar HTTP 200 5616
SYNONYMER_SE_HAMTAD måndagsexemplar HTTP 200 246795
WIKTIONARY_HAMTAD måndagsexemplar HTTP 200 1172
UPPSLAGSORD måndagsexemplar traffar=saol,so
SVENSKA_SE_HAMTAD mångla HTTP 200 8998
SYNONYMER_SE_HAMTAD mångla HTTP 200 265687
WIKTIONARY_HAMTAD mångla HTTP 200 398
UPPSLAGSORD mångla traffar=saol,so,saob
SVENSKA_SE_HAMTAD månglerska HTTP 200 18145
SYNONYMER_SE_HAMTAD månglerska HTTP 200 204578
WIKTIONARY_HAMTAD månglerska HTTP 200 398
UPPSLAGSORD månglerska traffar=saob
SVENSKA_SE_HAMTAD mög HTTP 200 14210
SYNONYMER_SE_HAMTAD mög HTTP 200 241454
WIKTIONARY_HAMTAD mög HTTP 429 0
UPPSLAGSORD mög traffar=saol
SVENSKA_SE_HAMTAD mörkertal HTTP 200 8276
SYNONYMER_SE_HAMTAD mörkertal HTTP 200 248881
WIKTIONARY_HAMTAD mörkertal HTTP 429 0
UPPSLAGSORD mörkertal traffar=saol,so
SVENSKA_SE_HAMTAD name-dropping HTTP 200 11060
SYNONYMER_SE_HAMTAD name-dropping HTTP 200 203760
WIKTIONARY_HAMTAD name-dropping HTTP 200 398
UPPSLAGSORD name-dropping traffar=INGEN
SVENSKA_SE_HAMTAD namne HTTP 200 7151
SYNONYMER_SE_HAMTAD namne HTTP 200 256982
WIKTIONARY_HAMTAD namne HTTP 200 1083
UPPSLAGSORD namne traffar=saol,so,saob
SVENSKA_SE_HAMTAD naprapat HTTP 200 7850
SYNONYMER_SE_HAMTAD naprapat HTTP 200 258784
WIKTIONARY_HAMTAD naprapat HTTP 200 398
UPPSLAGSORD naprapat traffar=saol,so
SVENSKA_SE_HAMTAD narig HTTP 200 6106
SYNONYMER_SE_HAMTAD narig HTTP 200 248310
WIKTIONARY_HAMTAD narig HTTP 200 398
UPPSLAGSORD narig traffar=saol,so,saob
SVENSKA_SE_HAMTAD narratör HTTP 200 111419
SYNONYMER_SE_HAMTAD narratör HTTP 200 204446
WIKTIONARY_HAMTAD narratör HTTP 200 398
UPPSLAGSORD narratör traffar=INGEN
SVENSKA_SE_HAMTAD nasa HTTP 200 7472
SYNONYMER_SE_HAMTAD nasa HTTP 200 246601
WIKTIONARY_HAMTAD nasa HTTP 200 375
UPPSLAGSORD nasa traffar=saol,so,saob
SVENSKA_SE_HAMTAD nationalisera HTTP 200 8044
SYNONYMER_SE_HAMTAD nationalisera HTTP 200 267010
WIKTIONARY_HAMTAD nationalisera HTTP 200 1174
UPPSLAGSORD nationalisera traffar=saol,so,saob
SVENSKA_SE_HAMTAD nativ HTTP 200 6213
SYNONYMER_SE_HAMTAD nativ HTTP 200 243635
WIKTIONARY_HAMTAD nativ HTTP 200 398
UPPSLAGSORD nativ traffar=saol,so,saob
SVENSKA_SE_HAMTAD naturtroget HTTP 200 6553
SYNONYMER_SE_HAMTAD naturtroget HTTP 200 236153
WIKTIONARY_HAMTAD naturtroget HTTP 200 251
UPPSLAGSORD naturtroget traffar=INGEN
SVENSKA_SE_HAMTAD navelskådare HTTP 200 6186
SYNONYMER_SE_HAMTAD navelskådare HTTP 200 248626
SYNONYMER_SE_ENDAST_ANVANDARBIDRAG navelskådare
WIKTIONARY_HAMTAD navelskådare HTTP 200 532
UPPSLAGSORD navelskådare traffar=saol,so,saob
SVENSKA_SE_HAMTAD neddekad HTTP 200 7667
SYNONYMER_SE_HAMTAD neddekad HTTP 200 240709
WIKTIONARY_HAMTAD neddekad HTTP 429 0
UPPSLAGSORD neddekad traffar=saol,so
SVENSKA_SE_HAMTAD nedköp HTTP 200 8947
SYNONYMER_SE_HAMTAD nedköp HTTP 200 255528
WIKTIONARY_HAMTAD nedköp HTTP 429 0
UPPSLAGSORD nedköp traffar=saol,so
SVENSKA_SE_HAMTAD nedom HTTP 200 7738
SYNONYMER_SE_HAMTAD nedom HTTP 200 237802
WIKTIONARY_HAMTAD nedom HTTP 200 398
UPPSLAGSORD nedom traffar=saol,so,saob
SVENSKA_SE_HAMTAD nedriva HTTP 200 18407
SYNONYMER_SE_HAMTAD nedriva HTTP 200 242630
WIKTIONARY_HAMTAD nedriva HTTP 200 398
UPPSLAGSORD nedriva traffar=saob
SVENSKA_SE_HAMTAD nek HTTP 200 5896
SYNONYMER_SE_HAMTAD nek HTTP 200 245771
WIKTIONARY_HAMTAD nek HTTP 200 283
UPPSLAGSORD nek traffar=saol,so,saob
SVENSKA_SE_HAMTAD nekrolog HTTP 200 6532
SYNONYMER_SE_HAMTAD nekrolog HTTP 200 271354
WIKTIONARY_HAMTAD nekrolog HTTP 200 730
UPPSLAGSORD nekrolog traffar=saol,so,saob
SVENSKA_SE_HAMTAD nematod HTTP 200 5553
SYNONYMER_SE_HAMTAD nematod HTTP 200 251515
WIKTIONARY_HAMTAD nematod HTTP 200 505
UPPSLAGSORD nematod traffar=saol,so,saob
SVENSKA_SE_HAMTAD neonatal HTTP 200 6997
SYNONYMER_SE_HAMTAD neonatal HTTP 200 242712
WIKTIONARY_HAMTAD neonatal HTTP 200 398
UPPSLAGSORD neonatal traffar=saol,so
SVENSKA_SE_HAMTAD nerts HTTP 200 7030
SYNONYMER_SE_HAMTAD nerts HTTP 200 225742
WIKTIONARY_HAMTAD nerts HTTP 200 398
UPPSLAGSORD nerts traffar=saob
SVENSKA_SE_HAMTAD neurologi HTTP 200 5006
SYNONYMER_SE_HAMTAD neurologi HTTP 200 245207
WIKTIONARY_HAMTAD neurologi HTTP 200 1851
UPPSLAGSORD neurologi traffar=saol,so,saob
SVENSKA_SE_HAMTAD nexus HTTP 200 5192
SYNONYMER_SE_HAMTAD nexus HTTP 200 216388
WIKTIONARY_HAMTAD nexus HTTP 200 381
UPPSLAGSORD nexus traffar=saol,so,saob
SVENSKA_SE_HAMTAD nickedocka HTTP 200 5741
SYNONYMER_SE_HAMTAD nickedocka HTTP 200 263173
WIKTIONARY_HAMTAD nickedocka HTTP 200 398
UPPSLAGSORD nickedocka traffar=saol,so,saob
SVENSKA_SE_HAMTAD nihilism HTTP 200 5485
SYNONYMER_SE_HAMTAD nihilism HTTP 200 255608
WIKTIONARY_HAMTAD nihilism HTTP 429 0
UPPSLAGSORD nihilism traffar=saol,so,saob
SVENSKA_SE_HAMTAD nipper HTTP 200 6161
SYNONYMER_SE_HAMTAD nipper HTTP 200 268660
WIKTIONARY_HAMTAD nipper HTTP 429 0
UPPSLAGSORD nipper traffar=saol,so,saob
SVENSKA_SE_HAMTAD nitid HTTP 200 5228
SYNONYMER_SE_HAMTAD nitid HTTP 200 226908
WIKTIONARY_HAMTAD nitid HTTP 200 1489
UPPSLAGSORD nitid traffar=saol,so,saob
SVENSKA_SE_HAMTAD nitlott HTTP 200 5878
SYNONYMER_SE_HAMTAD nitlott HTTP 200 249201
WIKTIONARY_HAMTAD nitlott HTTP 200 398
UPPSLAGSORD nitlott traffar=saol,so,saob
SVENSKA_SE_HAMTAD nocebo HTTP 200 7009
SYNONYMER_SE_HAMTAD nocebo HTTP 200 234148
WIKTIONARY_HAMTAD nocebo HTTP 200 398
UPPSLAGSORD nocebo traffar=saol,so
SVENSKA_SE_HAMTAD nocturne HTTP 200 8534
SYNONYMER_SE_HAMTAD nocturne HTTP 200 252637
WIKTIONARY_HAMTAD nocturne HTTP 200 737
UPPSLAGSORD nocturne traffar=saol,so
SVENSKA_SE_HAMTAD nogsamt HTTP 200 4567
SYNONYMER_SE_HAMTAD nogsamt HTTP 200 243608
WIKTIONARY_HAMTAD nogsamt HTTP 200 398
UPPSLAGSORD nogsamt traffar=saol,so,saob
SVENSKA_SE_HAMTAD nomader HTTP 200 8896
SYNONYMER_SE_HAMTAD nomader HTTP 200 272690
WIKTIONARY_HAMTAD nomader HTTP 200 158
UPPSLAGSORD nomader traffar=INGEN
FRAS_UTAN_UPPSLAGSORD non compos mentis -- svenska.se-traffarna galler bestandsdelarna, inte frasen. Kastas.
SVENSKA_SE_HAMTAD non compos mentis HTTP 200 17699
SYNONYMER_SE_HAMTAD non compos mentis HTTP 200 210179
WIKTIONARY_HAMTAD non compos mentis HTTP 200 398
UPPSLAGSORD non compos mentis traffar=INGEN
SVENSKA_SE_HAMTAD nonchalera HTTP 200 8218
SYNONYMER_SE_HAMTAD nonchalera HTTP 200 266690
WIKTIONARY_HAMTAD nonchalera HTTP 200 694
UPPSLAGSORD nonchalera traffar=saol,so,saob
SVENSKA_SE_HAMTAD noskig HTTP 200 11762
SYNONYMER_SE_HAMTAD noskig HTTP 200 212460
WIKTIONARY_HAMTAD noskig HTTP 200 398
UPPSLAGSORD noskig traffar=so,saob
SVENSKA_SE_HAMTAD notabel HTTP 200 5644
SYNONYMER_SE_HAMTAD notabel HTTP 200 238308
WIKTIONARY_HAMTAD notabel HTTP 200 419
UPPSLAGSORD notabel traffar=saol,so,saob
FRAS_UTAN_UPPSLAGSORD nu går skam på torra land! -- svenska.se-traffarna galler bestandsdelarna, inte frasen. Kastas.
SVENSKA_SE_HAMTAD nu går skam på torra land! HTTP 200 17759
SYNONYMER_SE_HAMTAD nu går skam på torra land! HTTP 200 187846
WIKTIONARY_HAMTAD nu går skam på torra land! HTTP 429 0
UPPSLAGSORD nu går skam på torra land! traffar=INGEN
SVENSKA_SE_HAMTAD nubb HTTP 200 6128
SYNONYMER_SE_HAMTAD nubb HTTP 200 257425
WIKTIONARY_HAMTAD nubb HTTP 429 0
UPPSLAGSORD nubb traffar=saol,so,saob
SVENSKA_SE_HAMTAD numen HTTP 200 7227
SYNONYMER_SE_HAMTAD numen HTTP 200 218809
WIKTIONARY_HAMTAD numen HTTP 200 398
UPPSLAGSORD numen traffar=saol,so,saob
SVENSKA_SE_HAMTAD numeralia HTTP 200 108417
SYNONYMER_SE_HAMTAD numeralia HTTP 200 203786
WIKTIONARY_HAMTAD numeralia HTTP 200 398
UPPSLAGSORD numeralia traffar=INGEN
SVENSKA_SE_HAMTAD nutrition HTTP 200 5008
SYNONYMER_SE_HAMTAD nutrition HTTP 200 247579
WIKTIONARY_HAMTAD nutrition HTTP 200 517
UPPSLAGSORD nutrition traffar=saol,so,saob
SVENSKA_SE_HAMTAD nyemission HTTP 200 6028
SYNONYMER_SE_HAMTAD nyemission HTTP 200 251019
WIKTIONARY_HAMTAD nyemission HTTP 200 503
UPPSLAGSORD nyemission traffar=saol,so,saob
SVENSKA_SE_HAMTAD nyenkel HTTP 200 7036
SYNONYMER_SE_HAMTAD nyenkel HTTP 200 233072
WIKTIONARY_HAMTAD nyenkel HTTP 200 398
UPPSLAGSORD nyenkel traffar=saol,so
SVENSKA_SE_HAMTAD nämnd HTTP 200 14941
SYNONYMER_SE_HAMTAD nämnd HTTP 200 280051
WIKTIONARY_HAMTAD nämnd HTTP 200 1887
UPPSLAGSORD nämnd traffar=saol,so,saob
FRAS_UTAN_UPPSLAGSORD nära en orm vid sin barm -- svenska.se-traffarna galler bestandsdelarna, inte frasen. Kastas.
SVENSKA_SE_HAMTAD nära en orm vid sin barm HTTP 200 17726
SYNONYMER_SE_HAMTAD nära en orm vid sin barm HTTP 200 187671
WIKTIONARY_HAMTAD nära en orm vid sin barm HTTP 200 793
UPPSLAGSORD nära en orm vid sin barm traffar=INGEN
SVENSKA_SE_HAMTAD närsluta HTTP 200 7611
SYNONYMER_SE_HAMTAD närsluta HTTP 200 248389
WIKTIONARY_HAMTAD närsluta HTTP 200 398
UPPSLAGSORD närsluta traffar=saol,so,saob
SVENSKA_SE_HAMTAD nättupp HTTP 200 7267
SYNONYMER_SE_HAMTAD nättupp HTTP 200 215390
WIKTIONARY_HAMTAD nättupp HTTP 200 398
UPPSLAGSORD nättupp traffar=saol
SVENSKA_SE_HAMTAD näva HTTP 200 8920
SYNONYMER_SE_HAMTAD näva HTTP 200 253047
WIKTIONARY_HAMTAD näva HTTP 200 398
UPPSLAGSORD näva traffar=saol,so,saob
SVENSKA_SE_HAMTAD nådatid HTTP 200 5419
SYNONYMER_SE_HAMTAD nådatid HTTP 200 240698
WIKTIONARY_HAMTAD nådatid HTTP 429 0
UPPSLAGSORD nådatid traffar=saol,so,saob
SVENSKA_SE_HAMTAD nåderik HTTP 200 12121
SYNONYMER_SE_HAMTAD nåderik HTTP 200 230489
SYNONYMER_SE_ENDAST_ANVANDARBIDRAG nåderik
WIKTIONARY_HAMTAD nåderik HTTP 429 0
UPPSLAGSORD nåderik traffar=saol,saob
SVENSKA_SE_HAMTAD nådig HTTP 200 8747
SYNONYMER_SE_HAMTAD nådig HTTP 200 300326
WIKTIONARY_HAMTAD nådig HTTP 200 1568
UPPSLAGSORD nådig traffar=saol,so,saob
SVENSKA_SE_HAMTAD nödbedd HTTP 200 5124
SYNONYMER_SE_HAMTAD nödbedd HTTP 200 237111
WIKTIONARY_HAMTAD nödbedd HTTP 200 398
UPPSLAGSORD nödbedd traffar=saol,so,saob
SVENSKA_SE_HAMTAD nödår HTTP 200 6199
SYNONYMER_SE_HAMTAD nödår HTTP 200 254991
WIKTIONARY_HAMTAD nödår HTTP 200 398
UPPSLAGSORD nödår traffar=saol,so,saob
SVENSKA_SE_HAMTAD oantastlig HTTP 200 5013
SYNONYMER_SE_HAMTAD oantastlig HTTP 200 253926
WIKTIONARY_HAMTAD oantastlig HTTP 200 538
UPPSLAGSORD oantastlig traffar=saol,so,saob
SVENSKA_SE_HAMTAD oart HTTP 200 6193
SYNONYMER_SE_HAMTAD oart HTTP 200 251381
WIKTIONARY_HAMTAD oart HTTP 200 398
UPPSLAGSORD oart traffar=saol,so,saob
SVENSKA_SE_HAMTAD oavvänd HTTP 200 4961
SYNONYMER_SE_HAMTAD oavvänd HTTP 200 235639
WIKTIONARY_HAMTAD oavvänd HTTP 200 398
UPPSLAGSORD oavvänd traffar=saol,so,saob
SVENSKA_SE_HAMTAD obeaktad HTTP 200 5200
SYNONYMER_SE_HAMTAD obeaktad HTTP 200 253190
WIKTIONARY_HAMTAD obeaktad HTTP 200 398
UPPSLAGSORD obeaktad traffar=saol,so,saob
SVENSKA_SE_HAMTAD obetingat HTTP 200 7620
SYNONYMER_SE_HAMTAD obetingat HTTP 200 252037
WIKTIONARY_HAMTAD obetingat HTTP 200 162
UPPSLAGSORD obetingat traffar=INGEN
SVENSKA_SE_HAMTAD obetänkt HTTP 200 4971
SYNONYMER_SE_HAMTAD obetänkt HTTP 200 248080
WIKTIONARY_HAMTAD obetänkt HTTP 200 398
UPPSLAGSORD obetänkt traffar=saol,so,saob
SVENSKA_SE_HAMTAD obligera HTTP 200 12333
SYNONYMER_SE_HAMTAD obligera HTTP 200 232155
SYNONYMER_SE_ENDAST_ANVANDARBIDRAG obligera
WIKTIONARY_HAMTAD obligera HTTP 200 398
UPPSLAGSORD obligera traffar=so,saob
SVENSKA_SE_HAMTAD observatorium HTTP 200 6114
SYNONYMER_SE_HAMTAD observatorium HTTP 200 257789
WIKTIONARY_HAMTAD observatorium HTTP 429 0
UPPSLAGSORD observatorium traffar=saol,so,saob
SVENSKA_SE_HAMTAD obstetrik HTTP 200 4896
SYNONYMER_SE_HAMTAD obstetrik HTTP 200 248040
WIKTIONARY_HAMTAD obstetrik HTTP 429 0
UPPSLAGSORD obstetrik traffar=saol,so,saob
SVENSKA_SE_HAMTAD obstruktion HTTP 200 7083
SYNONYMER_SE_HAMTAD obstruktion HTTP 200 262839
WIKTIONARY_HAMTAD obstruktion HTTP 200 486
UPPSLAGSORD obstruktion traffar=saol,so,saob
SVENSKA_SE_HAMTAD odiös HTTP 200 5179
SYNONYMER_SE_HAMTAD odiös HTTP 200 229169
WIKTIONARY_HAMTAD odiös HTTP 200 680
UPPSLAGSORD odiös traffar=saol,so,saob
FRAS_UTAN_UPPSLAGSORD odla sin kål -- svenska.se-traffarna galler bestandsdelarna, inte frasen. Kastas.
SVENSKA_SE_HAMTAD odla sin kål HTTP 200 18332
SYNONYMER_SE_HAMTAD odla sin kål HTTP 200 187909
WIKTIONARY_HAMTAD odla sin kål HTTP 200 1369
UPPSLAGSORD odla sin kål traffar=INGEN
SVENSKA_SE_HAMTAD odör HTTP 200 6245
SYNONYMER_SE_HAMTAD odör HTTP 200 257547
WIKTIONARY_HAMTAD odör HTTP 200 708
UPPSLAGSORD odör traffar=saol,so,saob
SVENSKA_SE_HAMTAD oefterrättlig HTTP 200 5507
SYNONYMER_SE_HAMTAD oefterrättlig HTTP 200 236137
WIKTIONARY_HAMTAD oefterrättlig HTTP 200 398
UPPSLAGSORD oefterrättlig traffar=saol,so,saob
SVENSKA_SE_HAMTAD oegentligheter HTTP 200 7855
SYNONYMER_SE_HAMTAD oegentligheter HTTP 200 252637
WIKTIONARY_HAMTAD oegentligheter HTTP 200 179
UPPSLAGSORD oegentligheter traffar=INGEN
SVENSKA_SE_HAMTAD offert HTTP 200 6709
SYNONYMER_SE_HAMTAD offert HTTP 200 265391
WIKTIONARY_HAMTAD offert HTTP 200 546
UPPSLAGSORD offert traffar=saol,so,saob
SVENSKA_SE_HAMTAD officinell HTTP 200 4678
SYNONYMER_SE_HAMTAD officinell HTTP 200 235852
WIKTIONARY_HAMTAD officinell HTTP 200 203
UPPSLAGSORD officinell traffar=saol,so,saob
SVENSKA_SE_HAMTAD officiös HTTP 200 5206
SYNONYMER_SE_HAMTAD officiös HTTP 200 237469
WIKTIONARY_HAMTAD officiös HTTP 200 355
UPPSLAGSORD officiös traffar=saol,so,saob
SVENSKA_SE_HAMTAD oförarglig HTTP 200 6614
SYNONYMER_SE_HAMTAD oförarglig HTTP 200 260753
WIKTIONARY_HAMTAD oförarglig HTTP 200 1109
UPPSLAGSORD oförarglig traffar=saol,so,saob
SVENSKA_SE_HAMTAD oförgriplig HTTP 200 5380
SYNONYMER_SE_HAMTAD oförgriplig HTTP 200 245174
WIKTIONARY_HAMTAD oförgriplig HTTP 429 0
UPPSLAGSORD oförgriplig traffar=saol,so,saob
SVENSKA_SE_HAMTAD oförmedlad HTTP 200 5916
SYNONYMER_SE_HAMTAD oförmedlad HTTP 200 249321
WIKTIONARY_HAMTAD oförmedlad HTTP 429 0
UPPSLAGSORD oförmedlad traffar=saol,so,saob
SVENSKA_SE_HAMTAD oförrätt HTTP 200 7461
SYNONYMER_SE_HAMTAD oförrätt HTTP 200 263496
WIKTIONARY_HAMTAD oförrätt HTTP 200 939
UPPSLAGSORD oförrätt traffar=saol,so,saob
SVENSKA_SE_HAMTAD oförtövad HTTP 200 5435
SYNONYMER_SE_HAMTAD oförtövad HTTP 200 234103
WIKTIONARY_HAMTAD oförtövad HTTP 200 398
UPPSLAGSORD oförtövad traffar=saol,so,saob
SVENSKA_SE_HAMTAD oförvillad HTTP 200 5875
SYNONYMER_SE_HAMTAD oförvillad HTTP 200 245632
WIKTIONARY_HAMTAD oförvillad HTTP 200 398
UPPSLAGSORD oförvillad traffar=saol,so,saob
SVENSKA_SE_HAMTAD oförvållad HTTP 200 5371
SYNONYMER_SE_HAMTAD oförvållad HTTP 200 245415
WIKTIONARY_HAMTAD oförvållad HTTP 200 398
UPPSLAGSORD oförvållad traffar=saol,so,saob
SVENSKA_SE_HAMTAD ogemen HTTP 200 4863
SYNONYMER_SE_HAMTAD ogemen HTTP 200 244157
WIKTIONARY_HAMTAD ogemen HTTP 200 398
UPPSLAGSORD ogemen traffar=saol,so,saob
SVENSKA_SE_HAMTAD ogrumlad HTTP 200 5171
SYNONYMER_SE_HAMTAD ogrumlad HTTP 200 250356
WIKTIONARY_HAMTAD ogrumlad HTTP 200 398
UPPSLAGSORD ogrumlad traffar=saol,so,saob
SVENSKA_SE_HAMTAD ohängd HTTP 200 5898
SYNONYMER_SE_HAMTAD ohängd HTTP 200 244131
WIKTIONARY_HAMTAD ohängd HTTP 200 398
UPPSLAGSORD ohängd traffar=saol,so,saob
SVENSKA_SE_HAMTAD oinvigd HTTP 200 5578
SYNONYMER_SE_HAMTAD oinvigd HTTP 200 246744
WIKTIONARY_HAMTAD oinvigd HTTP 200 398
UPPSLAGSORD oinvigd traffar=saol,so,saob
SVENSKA_SE_HAMTAD okarina HTTP 200 6902
SYNONYMER_SE_HAMTAD okarina HTTP 200 245781
WIKTIONARY_HAMTAD okarina HTTP 200 2901
UPPSLAGSORD okarina traffar=saol,so,saob
SVENSKA_SE_HAMTAD oktav HTTP 200 7748
SYNONYMER_SE_HAMTAD oktav HTTP 200 252727
WIKTIONARY_HAMTAD oktav HTTP 200 605
UPPSLAGSORD oktav traffar=saol,so,saob
SVENSKA_SE_HAMTAD oktroj HTTP 200 5972
SYNONYMER_SE_HAMTAD oktroj HTTP 200 259175
WIKTIONARY_HAMTAD oktroj HTTP 429 0
UPPSLAGSORD oktroj traffar=saol,so,saob
SVENSKA_SE_HAMTAD oligarki HTTP 200 6209
SYNONYMER_SE_HAMTAD oligarki HTTP 200 262299
WIKTIONARY_HAMTAD oligarki HTTP 429 0
UPPSLAGSORD oligarki traffar=saol,so,saob
SVENSKA_SE_HAMTAD oligopol HTTP 200 7242
SYNONYMER_SE_HAMTAD oligopol HTTP 200 251471
WIKTIONARY_HAMTAD oligopol HTTP 200 913
UPPSLAGSORD oligopol traffar=saol,so
SVENSKA_SE_HAMTAD olåt HTTP 200 5538
SYNONYMER_SE_HAMTAD olåt HTTP 200 260002
WIKTIONARY_HAMTAD olåt HTTP 200 398
UPPSLAGSORD olåt traffar=saol,so,saob
FRAS_UTAN_UPPSLAGSORD om inte om hade varit -- svenska.se-traffarna galler bestandsdelarna, inte frasen. Kastas.
SVENSKA_SE_HAMTAD om inte om hade varit HTTP 200 17707
SYNONYMER_SE_HAMTAD om inte om hade varit HTTP 200 204827
WIKTIONARY_HAMTAD om inte om hade varit HTTP 200 398
UPPSLAGSORD om inte om hade varit traffar=INGEN
FRAS_UTAN_UPPSLAGSORD om vartannat -- svenska.se-traffarna galler bestandsdelarna, inte frasen. Kastas.
SVENSKA_SE_HAMTAD om vartannat HTTP 200 19828
SYNONYMER_SE_HAMTAD om vartannat HTTP 200 229493
WIKTIONARY_HAMTAD om vartannat HTTP 200 398
UPPSLAGSORD om vartannat traffar=INGEN
SVENSKA_SE_HAMTAD omaka HTTP 200 14690
SYNONYMER_SE_HAMTAD omaka HTTP 200 269336
WIKTIONARY_HAMTAD omaka HTTP 200 706
UPPSLAGSORD omaka traffar=saol,so,saob
SVENSKA_SE_HAMTAD omfång HTTP 200 7267
SYNONYMER_SE_HAMTAD omfång HTTP 200 281506
WIKTIONARY_HAMTAD omfång HTTP 200 592
UPPSLAGSORD omfång traffar=saol,so,saob
SVENSKA_SE_HAMTAD omlott HTTP 200 7373
SYNONYMER_SE_HAMTAD omlott HTTP 200 240514
WIKTIONARY_HAMTAD omlott HTTP 200 287
UPPSLAGSORD omlott traffar=saol,so
SVENSKA_SE_HAMTAD omse HTTP 200 7970
SYNONYMER_SE_HAMTAD omse HTTP 200 248912
WIKTIONARY_HAMTAD omse HTTP 200 398
UPPSLAGSORD omse traffar=saol,so,saob
SVENSKA_SE_HAMTAD omstörtande HTTP 200 7735
SYNONYMER_SE_HAMTAD omstörtande HTTP 200 247501
WIKTIONARY_HAMTAD omstörtande HTTP 200 398
UPPSLAGSORD omstörtande traffar=saob
SVENSKA_SE_HAMTAD omvittnad HTTP 200 10475
SYNONYMER_SE_HAMTAD omvittnad HTTP 200 268643
WIKTIONARY_HAMTAD omvittnad HTTP 200 398
UPPSLAGSORD omvittnad hittad som uppslagsform 'omvittna'
UPPSLAGSORD omvittnad traffar=saol,so,saob via=omvittna
SVENSKA_SE_HAMTAD omvälvande HTTP 200 9811
SYNONYMER_SE_HAMTAD omvälvande HTTP 200 242465
WIKTIONARY_HAMTAD omvälvande HTTP 429 0
UPPSLAGSORD omvälvande traffar=INGEN
SVENSKA_SE_HAMTAD oneiromanti HTTP 200 18018
SYNONYMER_SE_HAMTAD oneiromanti HTTP 200 211881
WIKTIONARY_HAMTAD oneiromanti HTTP 429 0
UPPSLAGSORD oneiromanti traffar=saob
SVENSKA_SE_HAMTAD opinion HTTP 200 7139
SYNONYMER_SE_HAMTAD opinion HTTP 200 280412
WIKTIONARY_HAMTAD opinion HTTP 200 908
UPPSLAGSORD opinion traffar=saol,so,saob
SVENSKA_SE_HAMTAD opulens HTTP 200 5032
SYNONYMER_SE_HAMTAD opulens HTTP 200 228367
WIKTIONARY_HAMTAD opulens HTTP 200 398
UPPSLAGSORD opulens traffar=saol,so,saob
SVENSKA_SE_HAMTAD oratorium HTTP 200 6776
SYNONYMER_SE_HAMTAD oratorium HTTP 200 250693
WIKTIONARY_HAMTAD oratorium HTTP 200 626
UPPSLAGSORD oratorium traffar=saol,so,saob
SVENSKA_SE_HAMTAD ord HTTP 200 22575
SYNONYMER_SE_HAMTAD ord HTTP 200 356338
WIKTIONARY_HAMTAD ord HTTP 200 8869
UPPSLAGSORD ord traffar=saol,so,saob
SVENSKA_SE_HAMTAD ordig HTTP 200 19106
SYNONYMER_SE_HAMTAD ordig HTTP 200 204113
WIKTIONARY_HAMTAD ordig HTTP 200 398
UPPSLAGSORD ordig traffar=saob
SVENSKA_SE_HAMTAD ordinarie HTTP 200 5400
SYNONYMER_SE_HAMTAD ordinarie HTTP 200 258489
WIKTIONARY_HAMTAD ordinarie HTTP 200 686
UPPSLAGSORD ordinarie traffar=saol,so,saob
SVENSKA_SE_HAMTAD ordination HTTP 200 7202
SYNONYMER_SE_HAMTAD ordination HTTP 200 260669
WIKTIONARY_HAMTAD ordination HTTP 200 418
UPPSLAGSORD ordination traffar=saol,so,saob
SVENSKA_SE_HAMTAD ordknapp HTTP 200 5831
SYNONYMER_SE_HAMTAD ordknapp HTTP 200 241815
WIKTIONARY_HAMTAD ordknapp HTTP 200 398
UPPSLAGSORD ordknapp traffar=saol,so,saob
SVENSKA_SE_HAMTAD oreglad HTTP 200 21499
SYNONYMER_SE_HAMTAD oreglad HTTP 200 218548
WIKTIONARY_HAMTAD oreglad HTTP 200 398
UPPSLAGSORD oreglad traffar=saob
SVENSKA_SE_HAMTAD oreserverad HTTP 200 5128
SYNONYMER_SE_HAMTAD oreserverad HTTP 200 257531
WIKTIONARY_HAMTAD oreserverad HTTP 200 398
UPPSLAGSORD oreserverad traffar=saol,so,saob
SVENSKA_SE_HAMTAD orkestik HTTP 200 146840
SYNONYMER_SE_HAMTAD orkestik HTTP 200 204296
WIKTIONARY_HAMTAD orkestik HTTP 429 0
UPPSLAGSORD orkestik traffar=INGEN
SVENSKA_SE_HAMTAD orogenes HTTP 200 5015
SYNONYMER_SE_HAMTAD orogenes HTTP 200 244554
WIKTIONARY_HAMTAD orogenes HTTP 429 0
UPPSLAGSORD orogenes traffar=saol,so,saob
SVENSKA_SE_HAMTAD ortodenti HTTP 200 129208
SYNONYMER_SE_HAMTAD ortodenti HTTP 200 204418
WIKTIONARY_HAMTAD ortodenti HTTP 200 398
UPPSLAGSORD ortodenti traffar=INGEN
SVENSKA_SE_HAMTAD ortodonti HTTP 200 6754
SYNONYMER_SE_HAMTAD ortodonti HTTP 200 242077
WIKTIONARY_HAMTAD ortodonti HTTP 200 1947
UPPSLAGSORD ortodonti traffar=saol,so
SVENSKA_SE_HAMTAD ortoped HTTP 200 6341
SYNONYMER_SE_HAMTAD ortoped HTTP 200 252119
WIKTIONARY_HAMTAD ortoped HTTP 200 698
UPPSLAGSORD ortoped traffar=saol,so,saob
SVENSKA_SE_HAMTAD ortopedi HTTP 200 5067
SYNONYMER_SE_HAMTAD ortopedi HTTP 200 244380
WIKTIONARY_HAMTAD ortopedi HTTP 200 956
UPPSLAGSORD ortopedi traffar=saol,so,saob
FRAS_UTAN_UPPSLAGSORD oskrivet blad -- svenska.se-traffarna galler bestandsdelarna, inte frasen. Kastas.
SVENSKA_SE_HAMTAD oskrivet blad HTTP 200 17657
SYNONYMER_SE_HAMTAD oskrivet blad HTTP 200 224155
WIKTIONARY_HAMTAD oskrivet blad HTTP 200 398
UPPSLAGSORD oskrivet blad traffar=INGEN
SVENSKA_SE_HAMTAD osteit HTTP 200 18580
SYNONYMER_SE_HAMTAD osteit HTTP 200 204253
WIKTIONARY_HAMTAD osteit HTTP 200 398
UPPSLAGSORD osteit traffar=saob
SVENSKA_SE_HAMTAD osteopati HTTP 200 4440
SYNONYMER_SE_HAMTAD osteopati HTTP 200 237294
SYNONYMER_SE_ENDAST_ANVANDARBIDRAG osteopati
WIKTIONARY_HAMTAD osteopati HTTP 200 398
UPPSLAGSORD osteopati traffar=saol,so
SVENSKA_SE_HAMTAD osteoporos HTTP 200 4094
SYNONYMER_SE_HAMTAD osteoporos HTTP 200 227708
WIKTIONARY_HAMTAD osteoporos HTTP 200 507
UPPSLAGSORD osteoporos traffar=saol,so
FRAS_UTAN_UPPSLAGSORD osvuret är bäst -- svenska.se-traffarna galler bestandsdelarna, inte frasen. Kastas.
SVENSKA_SE_HAMTAD osvuret är bäst HTTP 200 17659
SYNONYMER_SE_HAMTAD osvuret är bäst HTTP 200 187965
WIKTIONARY_HAMTAD osvuret är bäst HTTP 200 398
UPPSLAGSORD osvuret är bäst traffar=INGEN
SVENSKA_SE_HAMTAD osökt HTTP 200 6327
SYNONYMER_SE_HAMTAD osökt HTTP 200 262911
WIKTIONARY_HAMTAD osökt HTTP 200 398
UPPSLAGSORD osökt traffar=saol,so,saob
SVENSKA_SE_HAMTAD otiatri HTTP 200 18612
SYNONYMER_SE_HAMTAD otiatri HTTP 200 204534
WIKTIONARY_HAMTAD otiatri HTTP 429 0
UPPSLAGSORD otiatri traffar=saob
SVENSKA_SE_HAMTAD otid HTTP 200 4810
SYNONYMER_SE_HAMTAD otid HTTP 200 251228
WIKTIONARY_HAMTAD otid HTTP 429 0
UPPSLAGSORD otid traffar=saol,so,saob
SVENSKA_SE_HAMTAD otidigheter HTTP 200 8021
SYNONYMER_SE_HAMTAD otidigheter HTTP 200 252828
WIKTIONARY_HAMTAD otidigheter HTTP 200 170
UPPSLAGSORD otidigheter traffar=INGEN
SVENSKA_SE_HAMTAD otit HTTP 200 6244
SYNONYMER_SE_HAMTAD otit HTTP 200 244172
WIKTIONARY_HAMTAD otit HTTP 200 398
UPPSLAGSORD otit traffar=saol,so,saob
SVENSKA_SE_HAMTAD otolog HTTP 200 7270
SYNONYMER_SE_HAMTAD otolog HTTP 200 246939
WIKTIONARY_HAMTAD otolog HTTP 200 398
UPPSLAGSORD otolog traffar=saol,so,saob
SVENSKA_SE_HAMTAD outsourca HTTP 200 9809
SYNONYMER_SE_HAMTAD outsourca HTTP 200 242447
WIKTIONARY_HAMTAD outsourca HTTP 200 398
UPPSLAGSORD outsourca traffar=saol,so
SVENSKA_SE_HAMTAD ovigd HTTP 200 5355
SYNONYMER_SE_HAMTAD ovigd HTTP 200 240063
WIKTIONARY_HAMTAD ovigd HTTP 200 398
UPPSLAGSORD ovigd traffar=saol,so,saob
SVENSKA_SE_HAMTAD ovipar HTTP 200 7617
SYNONYMER_SE_HAMTAD ovipar HTTP 200 233845
WIKTIONARY_HAMTAD ovipar HTTP 200 398
UPPSLAGSORD ovipar traffar=saol,so
SVENSKA_SE_HAMTAD oxytocin HTTP 200 7455
SYNONYMER_SE_HAMTAD oxytocin HTTP 200 238964
WIKTIONARY_HAMTAD oxytocin HTTP 200 1356
UPPSLAGSORD oxytocin traffar=saol,so
SVENSKA_SE_HAMTAD oåtspord HTTP 200 17958
SYNONYMER_SE_HAMTAD oåtspord HTTP 200 216323
WIKTIONARY_HAMTAD oåtspord HTTP 200 187
UPPSLAGSORD oåtspord traffar=saob
SVENSKA_SE_HAMTAD paddock HTTP 200 5980
SYNONYMER_SE_HAMTAD paddock HTTP 200 247406
WIKTIONARY_HAMTAD paddock HTTP 200 261
UPPSLAGSORD paddock traffar=saol,so,saob
SVENSKA_SE_HAMTAD paginering HTTP 200 5228
SYNONYMER_SE_HAMTAD paginering HTTP 200 247135
WIKTIONARY_HAMTAD paginering HTTP 200 420
UPPSLAGSORD paginering traffar=saol,so,saob
SVENSKA_SE_HAMTAD pakt HTTP 200 8431
SYNONYMER_SE_HAMTAD pakt HTTP 200 252337
WIKTIONARY_HAMTAD pakt HTTP 429 0
UPPSLAGSORD pakt traffar=saol,so,saob
SVENSKA_SE_HAMTAD paleontologi HTTP 200 5127
SYNONYMER_SE_HAMTAD paleontologi HTTP 200 249925
WIKTIONARY_HAMTAD paleontologi HTTP 429 0
UPPSLAGSORD paleontologi traffar=saol,so,saob
SVENSKA_SE_HAMTAD paletå HTTP 200 6210
SYNONYMER_SE_HAMTAD paletå HTTP 200 259126
WIKTIONARY_HAMTAD paletå HTTP 200 398
UPPSLAGSORD paletå traffar=saol,so,saob
SVENSKA_SE_HAMTAD paltig HTTP 200 7583
SYNONYMER_SE_HAMTAD paltig HTTP 200 222992
WIKTIONARY_HAMTAD paltig HTTP 200 398
UPPSLAGSORD paltig traffar=saol,so,saob
SVENSKA_SE_HAMTAD pampusch HTTP 200 6080
SYNONYMER_SE_HAMTAD pampusch HTTP 200 249689
WIKTIONARY_HAMTAD pampusch HTTP 200 398
UPPSLAGSORD pampusch traffar=saol,so,saob
SVENSKA_SE_HAMTAD panegyrisk HTTP 200 5248
SYNONYMER_SE_HAMTAD panegyrisk HTTP 200 241831
WIKTIONARY_HAMTAD panegyrisk HTTP 200 411
UPPSLAGSORD panegyrisk traffar=saol,so,saob
FRAS_UTAN_UPPSLAGSORD pang på rödbetan -- svenska.se-traffarna galler bestandsdelarna, inte frasen. Kastas.
SVENSKA_SE_HAMTAD pang på rödbetan HTTP 200 17657
SYNONYMER_SE_HAMTAD pang på rödbetan HTTP 200 230391
SYNONYMER_SE_ENDAST_ANVANDARBIDRAG pang på rödbetan
WIKTIONARY_HAMTAD pang på rödbetan HTTP 200 1286
UPPSLAGSORD pang på rödbetan traffar=INGEN
SVENSKA_SE_HAMTAD pannå HTTP 200 7124
SYNONYMER_SE_HAMTAD pannå HTTP 200 249507
WIKTIONARY_HAMTAD pannå HTTP 200 563
UPPSLAGSORD pannå traffar=saol,so,saob
SVENSKA_SE_HAMTAD panteism HTTP 200 6208
SYNONYMER_SE_HAMTAD panteism HTTP 200 251405
WIKTIONARY_HAMTAD panteism HTTP 200 1945
UPPSLAGSORD panteism traffar=saol,so,saob
SVENSKA_SE_HAMTAD papeteri HTTP 200 5848
SYNONYMER_SE_HAMTAD papeteri HTTP 200 224032
WIKTIONARY_HAMTAD papeteri HTTP 200 398
UPPSLAGSORD papeteri traffar=saol,so,saob
SVENSKA_SE_HAMTAD papier-maché HTTP 200 6986
SYNONYMER_SE_HAMTAD papier-maché HTTP 200 187964
WIKTIONARY_HAMTAD papier-maché HTTP 200 1944
UPPSLAGSORD papier-maché traffar=saol,so
SVENSKA_SE_HAMTAD pappersvändare HTTP 200 116317
SYNONYMER_SE_HAMTAD pappersvändare HTTP 200 244360
WIKTIONARY_HAMTAD pappersvändare HTTP 200 398
UPPSLAGSORD pappersvändare traffar=INGEN
SVENSKA_SE_HAMTAD paradexempel HTTP 200 6103
SYNONYMER_SE_HAMTAD paradexempel HTTP 200 249326
WIKTIONARY_HAMTAD paradexempel HTTP 429 0
UPPSLAGSORD paradexempel traffar=saol,so,saob
SVENSKA_SE_HAMTAD parlör HTTP 200 6414
SYNONYMER_SE_HAMTAD parlör HTTP 200 264446
WIKTIONARY_HAMTAD parlör HTTP 429 0
UPPSLAGSORD parlör traffar=saol,so,saob
SVENSKA_SE_HAMTAD parterr HTTP 200 7792
SYNONYMER_SE_HAMTAD parterr HTTP 200 259180
WIKTIONARY_HAMTAD parterr HTTP 200 317
UPPSLAGSORD parterr traffar=saol,so,saob
SVENSKA_SE_HAMTAD partikuljär HTTP 200 13776
SYNONYMER_SE_HAMTAD partikuljär HTTP 200 216808
WIKTIONARY_HAMTAD partikuljär HTTP 200 398
UPPSLAGSORD partikuljär traffar=so
SVENSKA_SE_HAMTAD partikulär HTTP 200 5220
SYNONYMER_SE_HAMTAD partikulär HTTP 200 247551
WIKTIONARY_HAMTAD partikulär HTTP 200 398
UPPSLAGSORD partikulär traffar=saol,so,saob
SVENSKA_SE_HAMTAD pascha HTTP 200 7811
SYNONYMER_SE_HAMTAD pascha HTTP 200 263719
WIKTIONARY_HAMTAD pascha HTTP 200 1711
UPPSLAGSORD pascha traffar=saol,so,saob
FRAS_UTAN_UPPSLAGSORD passera revy -- svenska.se-traffarna galler bestandsdelarna, inte frasen. Kastas.
SVENSKA_SE_HAMTAD passera revy HTTP 200 19862
SYNONYMER_SE_HAMTAD passera revy HTTP 200 227858
WIKTIONARY_HAMTAD passera revy HTTP 200 398
UPPSLAGSORD passera revy traffar=INGEN
SVENSKA_SE_HAMTAD passersedel HTTP 200 6116
SYNONYMER_SE_HAMTAD passersedel HTTP 200 255496
WIKTIONARY_HAMTAD passersedel HTTP 200 398
UPPSLAGSORD passersedel traffar=saol,so,saob
SVENSKA_SE_HAMTAD passiar HTTP 200 18760
SYNONYMER_SE_HAMTAD passiar HTTP 200 204638
WIKTIONARY_HAMTAD passiar HTTP 200 2084
UPPSLAGSORD passiar traffar=saob
SVENSKA_SE_HAMTAD passivera HTTP 200 9898
SYNONYMER_SE_HAMTAD passivera HTTP 200 262202
WIKTIONARY_HAMTAD passivera HTTP 200 398
UPPSLAGSORD passivera traffar=saol,so,saob
SVENSKA_SE_HAMTAD passopp HTTP 200 8347
SYNONYMER_SE_HAMTAD passopp HTTP 200 256547
WIKTIONARY_HAMTAD passopp HTTP 200 398
UPPSLAGSORD passopp traffar=saol,so,saob
SVENSKA_SE_HAMTAD pastös HTTP 200 5298
SYNONYMER_SE_HAMTAD pastös HTTP 200 230173
WIKTIONARY_HAMTAD pastös HTTP 200 398
UPPSLAGSORD pastös traffar=saol,so,saob
SVENSKA_SE_HAMTAD paternalism HTTP 200 6729
SYNONYMER_SE_HAMTAD paternalism HTTP 200 244727
WIKTIONARY_HAMTAD paternalism HTTP 429 0
UPPSLAGSORD paternalism traffar=saol,so
SVENSKA_SE_HAMTAD patina HTTP 200 7729
SYNONYMER_SE_HAMTAD patina HTTP 200 264631
WIKTIONARY_HAMTAD patina HTTP 429 0
UPPSLAGSORD patina traffar=saol,so,saob
SVENSKA_SE_HAMTAD patogen HTTP 200 5781
SYNONYMER_SE_HAMTAD patogen HTTP 200 244724
WIKTIONARY_HAMTAD patogen HTTP 200 607
UPPSLAGSORD patogen traffar=saol,so,saob
SVENSKA_SE_HAMTAD patogenes HTTP 200 4817
SYNONYMER_SE_HAMTAD patogenes HTTP 200 242858
WIKTIONARY_HAMTAD patogenes HTTP 200 398
UPPSLAGSORD patogenes traffar=saol,so,saob
SVENSKA_SE_HAMTAD patologi HTTP 200 5928
SYNONYMER_SE_HAMTAD patologi HTTP 200 255030
WIKTIONARY_HAMTAD patologi HTTP 200 1842
UPPSLAGSORD patologi traffar=saol,so,saob
SVENSKA_SE_HAMTAD patos HTTP 200 6272
SYNONYMER_SE_HAMTAD patos HTTP 200 250853
WIKTIONARY_HAMTAD patos HTTP 200 805
UPPSLAGSORD patos traffar=saol,so,saob
SVENSKA_SE_HAMTAD patriarkat HTTP 200 6889
SYNONYMER_SE_HAMTAD patriarkat HTTP 200 266000
WIKTIONARY_HAMTAD patriarkat HTTP 200 1823
UPPSLAGSORD patriarkat traffar=saol,so,saob
SVENSKA_SE_HAMTAD paulun HTTP 200 6445
SYNONYMER_SE_HAMTAD paulun HTTP 200 247362
WIKTIONARY_HAMTAD paulun HTTP 200 855
UPPSLAGSORD paulun traffar=saol,so,saob
SVENSKA_SE_HAMTAD pauperisera HTTP 200 7848
SYNONYMER_SE_HAMTAD pauperisera HTTP 200 254564
WIKTIONARY_HAMTAD pauperisera HTTP 200 398
UPPSLAGSORD pauperisera traffar=saol,so,saob
SVENSKA_SE_HAMTAD pediatrik HTTP 200 5154
SYNONYMER_SE_HAMTAD pediatrik HTTP 200 244280
WIKTIONARY_HAMTAD pediatrik HTTP 200 455
UPPSLAGSORD pediatrik traffar=saol,so,saob
FRAS_UTAN_UPPSLAGSORD peka med hela handen -- svenska.se-traffarna galler bestandsdelarna, inte frasen. Kastas.
SVENSKA_SE_HAMTAD peka med hela handen HTTP 200 17641
SYNONYMER_SE_HAMTAD peka med hela handen HTTP 200 204267
WIKTIONARY_HAMTAD peka med hela handen HTTP 200 398
UPPSLAGSORD peka med hela handen traffar=INGEN
SVENSKA_SE_HAMTAD pekpinne HTTP 200 6095
SYNONYMER_SE_HAMTAD pekpinne HTTP 200 249353
WIKTIONARY_HAMTAD pekpinne HTTP 200 714
UPPSLAGSORD pekpinne traffar=saol,so,saob
SVENSKA_SE_HAMTAD pektin HTTP 200 6983
SYNONYMER_SE_HAMTAD pektin HTTP 200 250151
WIKTIONARY_HAMTAD pektin HTTP 429 0
UPPSLAGSORD pektin traffar=saol,so,saob
SVENSKA_SE_HAMTAD pelarhelgon HTTP 200 6327
SYNONYMER_SE_HAMTAD pelarhelgon HTTP 200 255262
WIKTIONARY_HAMTAD pelarhelgon HTTP 429 0
UPPSLAGSORD pelarhelgon traffar=saol,so,saob
SVENSKA_SE_HAMTAD penséer HTTP 200 8914
SYNONYMER_SE_HAMTAD penséer HTTP 200 238424
WIKTIONARY_HAMTAD penséer HTTP 200 173
UPPSLAGSORD penséer traffar=INGEN
SVENSKA_SE_HAMTAD perceptiv HTTP 200 11571
SYNONYMER_SE_HAMTAD perceptiv HTTP 200 239504
WIKTIONARY_HAMTAD perceptiv HTTP 200 398
UPPSLAGSORD perceptiv traffar=saol,saob
SVENSKA_SE_HAMTAD perestrojka HTTP 200 7476
SYNONYMER_SE_HAMTAD perestrojka HTTP 200 247253
WIKTIONARY_HAMTAD perestrojka HTTP 200 398
UPPSLAGSORD perestrojka traffar=saol,so
SVENSKA_SE_HAMTAD performance HTTP 200 6228
SYNONYMER_SE_HAMTAD performance HTTP 200 238854
WIKTIONARY_HAMTAD performance HTTP 200 300
UPPSLAGSORD performance traffar=saol,so
SVENSKA_SE_HAMTAD perinatal HTTP 200 7523
SYNONYMER_SE_HAMTAD perinatal HTTP 200 238109
WIKTIONARY_HAMTAD perinatal HTTP 200 398
UPPSLAGSORD perinatal traffar=saol,so
SVENSKA_SE_HAMTAD periskop HTTP 200 6952
SYNONYMER_SE_HAMTAD periskop HTTP 200 250428
WIKTIONARY_HAMTAD periskop HTTP 200 646
UPPSLAGSORD periskop traffar=saol,so,saob
SVENSKA_SE_HAMTAD peristaltik HTTP 200 5971
SYNONYMER_SE_HAMTAD peristaltik HTTP 200 244156
WIKTIONARY_HAMTAD peristaltik HTTP 200 704
UPPSLAGSORD peristaltik traffar=saol,so,saob
SVENSKA_SE_HAMTAD peritonit HTTP 200 5702
SYNONYMER_SE_HAMTAD peritonit HTTP 200 243498
WIKTIONARY_HAMTAD peritonit HTTP 200 398
UPPSLAGSORD peritonit traffar=saol,so,saob
SVENSKA_SE_HAMTAD perpendikel HTTP 200 6294
SYNONYMER_SE_HAMTAD perpendikel HTTP 200 261775
WIKTIONARY_HAMTAD perpendikel HTTP 200 723
UPPSLAGSORD perpendikel traffar=saol,so,saob
SVENSKA_SE_HAMTAD pesticid HTTP 200 7741
SYNONYMER_SE_HAMTAD pesticid HTTP 200 244985
WIKTIONARY_HAMTAD pesticid HTTP 200 398
UPPSLAGSORD pesticid traffar=saol,so
SVENSKA_SE_HAMTAD petameter HTTP 200 110650
SYNONYMER_SE_HAMTAD petameter HTTP 200 203726
WIKTIONARY_HAMTAD petameter HTTP 429 0
UPPSLAGSORD petameter traffar=INGEN
SVENSKA_SE_HAMTAD petition HTTP 200 7030
SYNONYMER_SE_HAMTAD petition HTTP 200 265321
WIKTIONARY_HAMTAD petition HTTP 429 0
UPPSLAGSORD petition traffar=saol,so,saob
SVENSKA_SE_HAMTAD petrificera HTTP 200 18161
SYNONYMER_SE_HAMTAD petrificera HTTP 200 203838
WIKTIONARY_HAMTAD petrificera HTTP 200 398
UPPSLAGSORD petrificera traffar=saob
SVENSKA_SE_HAMTAD piccola HTTP 200 8032
SYNONYMER_SE_HAMTAD piccola HTTP 200 243004
WIKTIONARY_HAMTAD piccola HTTP 200 398
UPPSLAGSORD piccola traffar=saol,so
SVENSKA_SE_HAMTAD pidgin HTTP 200 6017
SYNONYMER_SE_HAMTAD pidgin HTTP 200 238637
WIKTIONARY_HAMTAD pidgin HTTP 200 398
UPPSLAGSORD pidgin traffar=saol,so,saob
SVENSKA_SE_HAMTAD piedistal HTTP 200 104019
SYNONYMER_SE_HAMTAD piedistal HTTP 200 204552
WIKTIONARY_HAMTAD piedistal HTTP 200 398
UPPSLAGSORD piedistal traffar=INGEN
SVENSKA_SE_HAMTAD piffig HTTP 200 6491
SYNONYMER_SE_HAMTAD piffig HTTP 200 244597
WIKTIONARY_HAMTAD piffig HTTP 200 796
UPPSLAGSORD piffig traffar=saol,so,saob
SVENSKA_SE_HAMTAD pikerad HTTP 200 10122
SYNONYMER_SE_HAMTAD pikerad HTTP 200 235716
WIKTIONARY_HAMTAD pikerad HTTP 200 398
UPPSLAGSORD pikerad traffar=saol,saob
SVENSKA_SE_HAMTAD piké HTTP 200 12451
SYNONYMER_SE_HAMTAD piké HTTP 200 244736
WIKTIONARY_HAMTAD piké HTTP 200 632
UPPSLAGSORD piké traffar=saol,so,saob
SVENSKA_SE_HAMTAD pimpinett HTTP 200 5557
SYNONYMER_SE_HAMTAD pimpinett HTTP 200 230913
WIKTIONARY_HAMTAD pimpinett HTTP 200 398
UPPSLAGSORD pimpinett traffar=saol,so,saob
SVENSKA_SE_HAMTAD pinscher HTTP 200 6188
SYNONYMER_SE_HAMTAD pinscher HTTP 200 250860
WIKTIONARY_HAMTAD pinscher HTTP 200 424
UPPSLAGSORD pinscher traffar=saol,so,saob
SVENSKA_SE_HAMTAD pion HTTP 200 7512
SYNONYMER_SE_HAMTAD pion HTTP 200 258115
WIKTIONARY_HAMTAD pion HTTP 200 6503
UPPSLAGSORD pion traffar=saol,so,saob
SVENSKA_SE_HAMTAD pjoskig HTTP 200 7347
SYNONYMER_SE_HAMTAD pjoskig HTTP 200 260899
WIKTIONARY_HAMTAD pjoskig HTTP 429 0
UPPSLAGSORD pjoskig traffar=saol,so,saob
SVENSKA_SE_HAMTAD placebo HTTP 200 7396
SYNONYMER_SE_HAMTAD placebo HTTP 200 252408
WIKTIONARY_HAMTAD placebo HTTP 429 0
UPPSLAGSORD placebo traffar=saol,so
SVENSKA_SE_HAMTAD placenta HTTP 200 6212
SYNONYMER_SE_HAMTAD placenta HTTP 200 252757
WIKTIONARY_HAMTAD placenta HTTP 200 1591
UPPSLAGSORD placenta traffar=saol,so,saob
SVENSKA_SE_HAMTAD pladask HTTP 200 6240
SYNONYMER_SE_HAMTAD pladask HTTP 200 249586
WIKTIONARY_HAMTAD pladask HTTP 200 1017
UPPSLAGSORD pladask traffar=saol,so,saob
FRAS_UTAN_UPPSLAGSORD plaidoyer /plädoajé -- svenska.se-traffarna galler bestandsdelarna, inte frasen. Kastas.
SVENSKA_SE_HAMTAD plaidoyer /plädoajé HTTP 200 17730
SYNONYMER_SE_HAMTAD plaidoyer /plädoajé HTTP 404 0
WIKTIONARY_HAMTAD plaidoyer /plädoajé HTTP 200 398
UPPSLAGSORD plaidoyer /plädoajé traffar=INGEN
FRAS_UTAN_UPPSLAGSORD planera (geo) -- svenska.se-traffarna galler bestandsdelarna, inte frasen. Kastas.
SVENSKA_SE_HAMTAD planera (geo) HTTP 200 19771
SYNONYMER_SE_HAMTAD planera (geo) HTTP 200 204728
WIKTIONARY_HAMTAD planera (geo) HTTP 200 398
UPPSLAGSORD planera (geo) traffar=INGEN
SVENSKA_SE_HAMTAD plektrum HTTP 200 6453
SYNONYMER_SE_HAMTAD plektrum HTTP 200 247554
WIKTIONARY_HAMTAD plektrum HTTP 200 1707
UPPSLAGSORD plektrum traffar=saol,so,saob
SVENSKA_SE_HAMTAD plisserad HTTP 200 10245
SYNONYMER_SE_HAMTAD plisserad HTTP 200 261805
WIKTIONARY_HAMTAD plisserad HTTP 200 398
UPPSLAGSORD plisserad hittad som uppslagsform 'plissera'
UPPSLAGSORD plisserad traffar=saol,so,saob via=plissera
FRAS_UTAN_UPPSLAGSORD plocka russin ur kakan -- svenska.se-traffarna galler bestandsdelarna, inte frasen. Kastas.
SVENSKA_SE_HAMTAD plocka russin ur kakan HTTP 200 17731
SYNONYMER_SE_HAMTAD plocka russin ur kakan HTTP 200 205002
WIKTIONARY_HAMTAD plocka russin ur kakan HTTP 200 400
UPPSLAGSORD plocka russin ur kakan traffar=INGEN
SVENSKA_SE_HAMTAD plottrig HTTP 200 6423
SYNONYMER_SE_HAMTAD plottrig HTTP 200 246560
WIKTIONARY_HAMTAD plottrig HTTP 200 850
UPPSLAGSORD plottrig traffar=saol,so,saob
SVENSKA_SE_HAMTAD plätera HTTP 200 7716
SYNONYMER_SE_HAMTAD plätera HTTP 200 265805
WIKTIONARY_HAMTAD plätera HTTP 200 848
UPPSLAGSORD plätera traffar=saol,so,saob
SVENSKA_SE_HAMTAD pneumatik HTTP 200 5130
SYNONYMER_SE_HAMTAD pneumatik HTTP 200 245994
WIKTIONARY_HAMTAD pneumatik HTTP 200 1590
UPPSLAGSORD pneumatik traffar=saol,so,saob
SVENSKA_SE_HAMTAD pochera HTTP 200 7912
SYNONYMER_SE_HAMTAD pochera HTTP 200 259892
WIKTIONARY_HAMTAD pochera HTTP 429 0
UPPSLAGSORD pochera traffar=saol,so,saob
SVENSKA_SE_HAMTAD pollettera HTTP 200 7590
SYNONYMER_SE_HAMTAD pollettera HTTP 200 258742
WIKTIONARY_HAMTAD pollettera HTTP 429 0
UPPSLAGSORD pollettera traffar=saol,so,saob
SVENSKA_SE_HAMTAD polstra HTTP 200 8484
SYNONYMER_SE_HAMTAD polstra HTTP 200 258083
SYNONYMER_SE_ENDAST_ANVANDARBIDRAG polstra
WIKTIONARY_HAMTAD polstra HTTP 200 398
UPPSLAGSORD polstra traffar=saol,so,saob
SVENSKA_SE_HAMTAD polygami HTTP 200 5702
SYNONYMER_SE_HAMTAD polygami HTTP 200 254465
WIKTIONARY_HAMTAD polygami HTTP 200 1809
UPPSLAGSORD polygami traffar=saol,so,saob
SVENSKA_SE_HAMTAD pomaderad HTTP 200 9459
SYNONYMER_SE_HAMTAD pomaderad HTTP 200 252568
WIKTIONARY_HAMTAD pomaderad HTTP 200 398
UPPSLAGSORD pomaderad hittad som uppslagsform 'pomadera'
UPPSLAGSORD pomaderad traffar=saol,so,saob via=pomadera
SVENSKA_SE_HAMTAD pomerans HTTP 200 6309
SYNONYMER_SE_HAMTAD pomerans HTTP 200 263705
WIKTIONARY_HAMTAD pomerans HTTP 200 525
UPPSLAGSORD pomerans traffar=saol,so,saob
SVENSKA_SE_HAMTAD pomologi HTTP 200 4843
SYNONYMER_SE_HAMTAD pomologi HTTP 200 245475
WIKTIONARY_HAMTAD pomologi HTTP 200 1390
UPPSLAGSORD pomologi traffar=saol,so,saob
SVENSKA_SE_HAMTAD ponera HTTP 200 8554
SYNONYMER_SE_HAMTAD ponera HTTP 200 270047
WIKTIONARY_HAMTAD ponera HTTP 200 635
UPPSLAGSORD ponera traffar=saol,so,saob
SVENSKA_SE_HAMTAD porfyr HTTP 200 6450
SYNONYMER_SE_HAMTAD porfyr HTTP 200 257852
WIKTIONARY_HAMTAD porfyr HTTP 200 345
UPPSLAGSORD porfyr traffar=saol,so,saob
SVENSKA_SE_HAMTAD positivhalare HTTP 200 6097
SYNONYMER_SE_HAMTAD positivhalare HTTP 200 251832
WIKTIONARY_HAMTAD positivhalare HTTP 200 1645
UPPSLAGSORD positivhalare traffar=saol,so,saob
SVENSKA_SE_HAMTAD positivistisk HTTP 200 4934
SYNONYMER_SE_HAMTAD positivistisk HTTP 200 239276
WIKTIONARY_HAMTAD positivistisk HTTP 200 377
UPPSLAGSORD positivistisk traffar=saol,so,saob
SVENSKA_SE_HAMTAD possessionat HTTP 200 5756
SYNONYMER_SE_HAMTAD possessionat HTTP 200 258336
WIKTIONARY_HAMTAD possessionat HTTP 200 216
UPPSLAGSORD possessionat traffar=saol,so,saob
SVENSKA_SE_HAMTAD postisch HTTP 200 8449
SYNONYMER_SE_HAMTAD postisch HTTP 200 251624
WIKTIONARY_HAMTAD postisch HTTP 429 0
UPPSLAGSORD postisch traffar=saol,so
SVENSKA_SE_HAMTAD postmodernism HTTP 200 6627
SYNONYMER_SE_HAMTAD postmodernism HTTP 200 245834
WIKTIONARY_HAMTAD postmodernism HTTP 429 0
UPPSLAGSORD postmodernism traffar=saol,so
SVENSKA_SE_HAMTAD postponera HTTP 200 17946
SYNONYMER_SE_HAMTAD postponera HTTP 200 204386
WIKTIONARY_HAMTAD postponera HTTP 200 398
UPPSLAGSORD postponera traffar=saob
SVENSKA_SE_HAMTAD postskriptum HTTP 200 7217
SYNONYMER_SE_HAMTAD postskriptum HTTP 200 259676
WIKTIONARY_HAMTAD postskriptum HTTP 200 231
UPPSLAGSORD postskriptum traffar=saol,so,saob
FRAS_UTAN_UPPSLAGSORD potemkinkulisser /-fasad -- svenska.se-traffarna galler bestandsdelarna, inte frasen. Kastas.
SVENSKA_SE_HAMTAD potemkinkulisser /-fasad HTTP 200 17737
SYNONYMER_SE_HAMTAD potemkinkulisser /-fasad HTTP 404 0
WIKTIONARY_HAMTAD potemkinkulisser /-fasad HTTP 200 398
UPPSLAGSORD potemkinkulisser /-fasad traffar=INGEN
SVENSKA_SE_HAMTAD pracka HTTP 200 22677
SYNONYMER_SE_HAMTAD pracka HTTP 200 283608
WIKTIONARY_HAMTAD pracka HTTP 200 398
UPPSLAGSORD pracka traffar=so,saob
SVENSKA_SE_HAMTAD praxis HTTP 200 6302
SYNONYMER_SE_HAMTAD praxis HTTP 200 267671
WIKTIONARY_HAMTAD praxis HTTP 200 1421
UPPSLAGSORD praxis traffar=saol,so,saob
SVENSKA_SE_HAMTAD precedens HTTP 200 11364
SYNONYMER_SE_HAMTAD precedens HTTP 200 233138
WIKTIONARY_HAMTAD precedens HTTP 200 398
UPPSLAGSORD precedens traffar=so,saob
SVENSKA_SE_HAMTAD preciös HTTP 200 10655
SYNONYMER_SE_HAMTAD preciös HTTP 200 260842
WIKTIONARY_HAMTAD preciös HTTP 200 338
UPPSLAGSORD preciös traffar=saol,so,saob
SVENSKA_SE_HAMTAD predilektion HTTP 200 18113
SYNONYMER_SE_HAMTAD predilektion HTTP 200 204365
WIKTIONARY_HAMTAD predilektion HTTP 200 400
UPPSLAGSORD predilektion traffar=saob
SVENSKA_SE_HAMTAD pretendent HTTP 200 6460
SYNONYMER_SE_HAMTAD pretendent HTTP 200 271258
WIKTIONARY_HAMTAD pretendent HTTP 200 614
UPPSLAGSORD pretendent traffar=saol,so,saob
SVENSKA_SE_HAMTAD pretiosa HTTP 200 18292
SYNONYMER_SE_HAMTAD pretiosa HTTP 200 232333
WIKTIONARY_HAMTAD pretiosa HTTP 200 281
UPPSLAGSORD pretiosa traffar=saob
SVENSKA_SE_HAMTAD primalskrik HTTP 200 8145
SYNONYMER_SE_HAMTAD primalskrik HTTP 200 248840
WIKTIONARY_HAMTAD primalskrik HTTP 429 0
UPPSLAGSORD primalskrik traffar=saol,so
SVENSKA_SE_HAMTAD primär HTTP 200 6563
SYNONYMER_SE_HAMTAD primär HTTP 200 251874
WIKTIONARY_HAMTAD primär HTTP 429 0
UPPSLAGSORD primär traffar=saol,so,saob
SVENSKA_SE_HAMTAD principal HTTP 200 7689
SYNONYMER_SE_HAMTAD principal HTTP 200 256181
WIKTIONARY_HAMTAD principal HTTP 200 1396
UPPSLAGSORD principal traffar=saol,so,saob
SVENSKA_SE_HAMTAD probabilitet HTTP 200 4916
SYNONYMER_SE_HAMTAD probabilitet HTTP 200 243771
WIKTIONARY_HAMTAD probabilitet HTTP 200 322
UPPSLAGSORD probabilitet traffar=saol,so,saob
SVENSKA_SE_HAMTAD probat HTTP 200 11809
SYNONYMER_SE_HAMTAD probat HTTP 200 236444
WIKTIONARY_HAMTAD probat HTTP 200 398
UPPSLAGSORD probat traffar=saol,saob
FRAS_UTAN_UPPSLAGSORD processa med -- svenska.se-traffarna galler bestandsdelarna, inte frasen. Kastas.
SVENSKA_SE_HAMTAD processa med HTTP 200 19829
SYNONYMER_SE_HAMTAD processa med HTTP 200 187721
WIKTIONARY_HAMTAD processa med HTTP 200 398
UPPSLAGSORD processa med traffar=INGEN
SVENSKA_SE_HAMTAD profanation HTTP 200 18058
SYNONYMER_SE_HAMTAD profanation HTTP 200 225662
WIKTIONARY_HAMTAD profanation HTTP 200 398
UPPSLAGSORD profanation traffar=saob
SVENSKA_SE_HAMTAD profetera HTTP 200 9343
SYNONYMER_SE_HAMTAD profetera HTTP 200 281116
WIKTIONARY_HAMTAD profetera HTTP 200 385
UPPSLAGSORD profetera traffar=saol,so,saob
FRAS_UTAN_UPPSLAGSORD profitera på -- svenska.se-traffarna galler bestandsdelarna, inte frasen. Kastas.
SVENSKA_SE_HAMTAD profitera på HTTP 200 2615
SYNONYMER_SE_HAMTAD profitera på HTTP 200 239440
WIKTIONARY_HAMTAD profitera på HTTP 200 398
UPPSLAGSORD profitera på traffar=INGEN
SVENSKA_SE_HAMTAD profylaktisk HTTP 200 4814
SYNONYMER_SE_HAMTAD profylaktisk HTTP 200 248145
WIKTIONARY_HAMTAD profylaktisk HTTP 200 415
UPPSLAGSORD profylaktisk traffar=saol,so,saob
SVENSKA_SE_HAMTAD programmatisk HTTP 200 4747
SYNONYMER_SE_HAMTAD programmatisk HTTP 200 245726
WIKTIONARY_HAMTAD programmatisk HTTP 200 398
UPPSLAGSORD programmatisk traffar=saol,so,saob
SVENSKA_SE_HAMTAD prolog HTTP 200 6965
SYNONYMER_SE_HAMTAD prolog HTTP 200 264233
WIKTIONARY_HAMTAD prolog HTTP 200 578
UPPSLAGSORD prolog traffar=saol,so,saob
SVENSKA_SE_HAMTAD promulgera HTTP 200 7441
SYNONYMER_SE_HAMTAD promulgera HTTP 200 272608
WIKTIONARY_HAMTAD promulgera HTTP 429 0
UPPSLAGSORD promulgera traffar=saol,so,saob
SVENSKA_SE_HAMTAD prosaisk HTTP 200 6389
SYNONYMER_SE_HAMTAD prosaisk HTTP 200 239152
WIKTIONARY_HAMTAD prosaisk HTTP 429 0
UPPSLAGSORD prosaisk traffar=saol,so,saob
SVENSKA_SE_HAMTAD proselyt HTTP 200 5886
SYNONYMER_SE_HAMTAD proselyt HTTP 200 261557
WIKTIONARY_HAMTAD proselyt HTTP 200 2022
UPPSLAGSORD proselyt traffar=saol,so,saob
SVENSKA_SE_HAMTAD prospektera HTTP 200 7702
SYNONYMER_SE_HAMTAD prospektera HTTP 200 254868
WIKTIONARY_HAMTAD prospektera HTTP 200 554
UPPSLAGSORD prospektera traffar=saol,so,saob
SVENSKA_SE_HAMTAD protes HTTP 200 6794
SYNONYMER_SE_HAMTAD protes HTTP 200 259892
WIKTIONARY_HAMTAD protes HTTP 200 737
UPPSLAGSORD protes traffar=saol,so,saob
SVENSKA_SE_HAMTAD provisorisk HTTP 200 5900
SYNONYMER_SE_HAMTAD provisorisk HTTP 200 246130
WIKTIONARY_HAMTAD provisorisk HTTP 200 782
UPPSLAGSORD provisorisk traffar=saol,so,saob
SVENSKA_SE_HAMTAD pseudo- HTTP 200 4088
SYNONYMER_SE_HAMTAD pseudo- HTTP 200 203943
WIKTIONARY_HAMTAD pseudo- HTTP 200 2943
UPPSLAGSORD pseudo- traffar=saol,so,saob
SVENSKA_SE_HAMTAD pseudovetenskaplig HTTP 200 4738
SYNONYMER_SE_HAMTAD pseudovetenskaplig HTTP 200 234776
WIKTIONARY_HAMTAD pseudovetenskaplig HTTP 200 728
UPPSLAGSORD pseudovetenskaplig traffar=saol,saob
SVENSKA_SE_HAMTAD psoriasis HTTP 200 6416
SYNONYMER_SE_HAMTAD psoriasis HTTP 200 243338
WIKTIONARY_HAMTAD psoriasis HTTP 200 398
UPPSLAGSORD psoriasis traffar=saol,so
SVENSKA_SE_HAMTAD psykoprofylax HTTP 200 6067
SYNONYMER_SE_HAMTAD psykoprofylax HTTP 200 243209
WIKTIONARY_HAMTAD psykoprofylax HTTP 200 398
UPPSLAGSORD psykoprofylax traffar=saol,so
SVENSKA_SE_HAMTAD public service HTTP 200 6210
SYNONYMER_SE_HAMTAD public service HTTP 200 229646
WIKTIONARY_HAMTAD public service HTTP 200 398
UPPSLAGSORD public service traffar=saol,so
SVENSKA_SE_HAMTAD publikfrieri HTTP 200 11820
SYNONYMER_SE_HAMTAD publikfrieri HTTP 200 246387
WIKTIONARY_HAMTAD publikfrieri HTTP 200 398
UPPSLAGSORD publikfrieri traffar=saol,saob
FRAS_UTAN_UPPSLAGSORD pudelns kärna -- svenska.se-traffarna galler bestandsdelarna, inte frasen. Kastas.
SVENSKA_SE_HAMTAD pudelns kärna HTTP 200 17689
SYNONYMER_SE_HAMTAD pudelns kärna HTTP 200 203732
WIKTIONARY_HAMTAD pudelns kärna HTTP 429 0
UPPSLAGSORD pudelns kärna traffar=INGEN
SVENSKA_SE_HAMTAD puella HTTP 200 20908
SYNONYMER_SE_HAMTAD puella HTTP 200 203913
WIKTIONARY_HAMTAD puella HTTP 429 0
UPPSLAGSORD puella traffar=INGEN
SVENSKA_SE_HAMTAD pulpa HTTP 200 6391
SYNONYMER_SE_HAMTAD pulpa HTTP 200 236650
WIKTIONARY_HAMTAD pulpa HTTP 200 484
UPPSLAGSORD pulpa traffar=saol,so,saob
SVENSKA_SE_HAMTAD pulsera HTTP 200 6592
SYNONYMER_SE_HAMTAD pulsera HTTP 200 256282
WIKTIONARY_HAMTAD pulsera HTTP 200 789
UPPSLAGSORD pulsera traffar=saol,so,saob
SVENSKA_SE_HAMTAD pult HTTP 200 6400
SYNONYMER_SE_HAMTAD pult HTTP 200 251455
WIKTIONARY_HAMTAD pult HTTP 200 530
UPPSLAGSORD pult traffar=saol,so,saob
SVENSKA_SE_HAMTAD pultron HTTP 200 5898
SYNONYMER_SE_HAMTAD pultron HTTP 200 258019
WIKTIONARY_HAMTAD pultron HTTP 200 890
UPPSLAGSORD pultron traffar=saol,so,saob
SVENSKA_SE_HAMTAD pumpernickel HTTP 200 6150
SYNONYMER_SE_HAMTAD pumpernickel HTTP 200 243650
WIKTIONARY_HAMTAD pumpernickel HTTP 200 398
UPPSLAGSORD pumpernickel traffar=saol,so,saob
SVENSKA_SE_HAMTAD punktur HTTP 200 18601
SYNONYMER_SE_HAMTAD punktur HTTP 200 204107
WIKTIONARY_HAMTAD punktur HTTP 200 398
UPPSLAGSORD punktur traffar=saob
SVENSKA_SE_HAMTAD pur HTTP 200 5381
SYNONYMER_SE_HAMTAD pur HTTP 200 262014
WIKTIONARY_HAMTAD pur HTTP 200 1196
UPPSLAGSORD pur traffar=saol,so,saob
SVENSKA_SE_HAMTAD putrefaktion HTTP 200 17998
SYNONYMER_SE_HAMTAD putrefaktion HTTP 200 215380
WIKTIONARY_HAMTAD putrefaktion HTTP 200 398
UPPSLAGSORD putrefaktion traffar=saob
SVENSKA_SE_HAMTAD pyramidal HTTP 200 6631
SYNONYMER_SE_HAMTAD pyramidal HTTP 200 246697
WIKTIONARY_HAMTAD pyramidal HTTP 200 984
UPPSLAGSORD pyramidal traffar=saol,so,saob
SVENSKA_SE_HAMTAD pyrrusseger HTTP 200 7553
SYNONYMER_SE_HAMTAD pyrrusseger HTTP 200 222122
WIKTIONARY_HAMTAD pyrrusseger HTTP 200 398
UPPSLAGSORD pyrrusseger traffar=saob
SVENSKA_SE_HAMTAD pytsa HTTP 200 7413
SYNONYMER_SE_HAMTAD pytsa HTTP 200 260663
WIKTIONARY_HAMTAD pytsa HTTP 429 0
UPPSLAGSORD pytsa traffar=saol,so,saob
SVENSKA_SE_HAMTAD päll HTTP 200 6816
SYNONYMER_SE_HAMTAD päll HTTP 200 259852
WIKTIONARY_HAMTAD päll HTTP 429 0
UPPSLAGSORD päll traffar=saol,so,saob
SVENSKA_SE_HAMTAD pärlemor HTTP 200 6120
SYNONYMER_SE_HAMTAD pärlemor HTTP 200 258472
WIKTIONARY_HAMTAD pärlemor HTTP 200 1055
UPPSLAGSORD pärlemor traffar=saol,so,saob
SVENSKA_SE_HAMTAD pärlspont HTTP 200 7216
SYNONYMER_SE_HAMTAD pärlspont HTTP 200 251684
WIKTIONARY_HAMTAD pärlspont HTTP 200 363
UPPSLAGSORD pärlspont traffar=saol,so,saob
FRAS_UTAN_UPPSLAGSORD på bar backe -- svenska.se-traffarna galler bestandsdelarna, inte frasen. Kastas.
SVENSKA_SE_HAMTAD på bar backe HTTP 200 17655
SYNONYMER_SE_HAMTAD på bar backe HTTP 200 232803
WIKTIONARY_HAMTAD på bar backe HTTP 200 398
UPPSLAGSORD på bar backe traffar=INGEN
FRAS_UTAN_UPPSLAGSORD på basis av -- svenska.se-traffarna galler bestandsdelarna, inte frasen. Kastas.
SVENSKA_SE_HAMTAD på basis av HTTP 200 19755
SYNONYMER_SE_HAMTAD på basis av HTTP 200 187804
WIKTIONARY_HAMTAD på basis av HTTP 200 398
UPPSLAGSORD på basis av traffar=INGEN
FRAS_UTAN_UPPSLAGSORD på lösa boliner -- svenska.se-traffarna galler bestandsdelarna, inte frasen. Kastas.
SVENSKA_SE_HAMTAD på lösa boliner HTTP 200 17673
SYNONYMER_SE_HAMTAD på lösa boliner HTTP 200 230093
WIKTIONARY_HAMTAD på lösa boliner HTTP 200 235
UPPSLAGSORD på lösa boliner traffar=INGEN
FRAS_UTAN_UPPSLAGSORD på mattan -- svenska.se-traffarna galler bestandsdelarna, inte frasen. Kastas.
SVENSKA_SE_HAMTAD på mattan HTTP 200 19773
SYNONYMER_SE_HAMTAD på mattan HTTP 200 222840
WIKTIONARY_HAMTAD på mattan HTTP 200 398
UPPSLAGSORD på mattan traffar=INGEN
FRAS_UTAN_UPPSLAGSORD på nåder -- svenska.se-traffarna galler bestandsdelarna, inte frasen. Kastas.
SVENSKA_SE_HAMTAD på nåder HTTP 200 19921
SYNONYMER_SE_HAMTAD på nåder HTTP 200 204468
WIKTIONARY_HAMTAD på nåder HTTP 200 398
UPPSLAGSORD på nåder traffar=INGEN
FRAS_UTAN_UPPSLAGSORD på småtimmarna -- svenska.se-traffarna galler bestandsdelarna, inte frasen. Kastas.
SVENSKA_SE_HAMTAD på småtimmarna HTTP 200 17688
SYNONYMER_SE_HAMTAD på småtimmarna HTTP 200 204467
WIKTIONARY_HAMTAD på småtimmarna HTTP 200 398
UPPSLAGSORD på småtimmarna traffar=INGEN
FRAS_UTAN_UPPSLAGSORD på vinst och förlust -- svenska.se-traffarna galler bestandsdelarna, inte frasen. Kastas.
SVENSKA_SE_HAMTAD på vinst och förlust HTTP 200 17682
SYNONYMER_SE_HAMTAD på vinst och förlust HTTP 200 239590
WIKTIONARY_HAMTAD på vinst och förlust HTTP 200 398
UPPSLAGSORD på vinst och förlust traffar=INGEN
SVENSKA_SE_HAMTAD påbjuda HTTP 200 8467
SYNONYMER_SE_HAMTAD påbjuda HTTP 200 274612
WIKTIONARY_HAMTAD påbjuda HTTP 200 1804
UPPSLAGSORD påbjuda traffar=saol,so,saob
SVENSKA_SE_HAMTAD påkalla HTTP 200 8080
SYNONYMER_SE_HAMTAD påkalla HTTP 200 273824
WIKTIONARY_HAMTAD påkalla HTTP 429 0
UPPSLAGSORD påkalla traffar=saol,so,saob
SVENSKA_SE_HAMTAD påkänning HTTP 200 6560
SYNONYMER_SE_HAMTAD påkänning HTTP 200 259492
WIKTIONARY_HAMTAD påkänning HTTP 429 0
UPPSLAGSORD påkänning traffar=saol,so,saob
SVENSKA_SE_HAMTAD pålysa HTTP 200 7978
SYNONYMER_SE_HAMTAD pålysa HTTP 200 265062
WIKTIONARY_HAMTAD pålysa HTTP 200 398
UPPSLAGSORD pålysa traffar=saol,so,saob
SVENSKA_SE_HAMTAD påstötning HTTP 200 8871
SYNONYMER_SE_HAMTAD påstötning HTTP 200 252775
WIKTIONARY_HAMTAD påstötning HTTP 200 398
UPPSLAGSORD påstötning traffar=saol,so
SVENSKA_SE_HAMTAD quechua HTTP 200 77322
SYNONYMER_SE_HAMTAD quechua HTTP 200 228030
WIKTIONARY_HAMTAD quechua HTTP 200 1147
UPPSLAGSORD quechua traffar=INGEN
SVENSKA_SE_HAMTAD rabiat HTTP 200 6801
SYNONYMER_SE_HAMTAD rabiat HTTP 200 238222
WIKTIONARY_HAMTAD rabiat HTTP 200 1189
UPPSLAGSORD rabiat traffar=saol,so,saob
FRAS_UTAN_UPPSLAGSORD racka ner på -- svenska.se-traffarna galler bestandsdelarna, inte frasen. Kastas.
SVENSKA_SE_HAMTAD racka ner på HTTP 200 19755
SYNONYMER_SE_HAMTAD racka ner på HTTP 200 231013
WIKTIONARY_HAMTAD racka ner på HTTP 200 398
UPPSLAGSORD racka ner på traffar=INGEN
SVENSKA_SE_HAMTAD raffig HTTP 200 6319
SYNONYMER_SE_HAMTAD raffig HTTP 200 253640
WIKTIONARY_HAMTAD raffig HTTP 200 398
UPPSLAGSORD raffig traffar=saol,so,saob
SVENSKA_SE_HAMTAD ranglig HTTP 200 6468
SYNONYMER_SE_HAMTAD ranglig HTTP 200 259441
WIKTIONARY_HAMTAD ranglig HTTP 200 1423
UPPSLAGSORD ranglig traffar=saol,so,saob
SVENSKA_SE_HAMTAD ranson HTTP 200 9455
SYNONYMER_SE_HAMTAD ranson HTTP 200 269174
WIKTIONARY_HAMTAD ranson HTTP 200 598
UPPSLAGSORD ranson traffar=saol,so,saob
SVENSKA_SE_HAMTAD raritet HTTP 200 5969
SYNONYMER_SE_HAMTAD raritet HTTP 200 254465
WIKTIONARY_HAMTAD raritet HTTP 200 648
UPPSLAGSORD raritet traffar=saol,so,saob
SVENSKA_SE_HAMTAD ratatouille HTTP 200 7023
SYNONYMER_SE_HAMTAD ratatouille HTTP 200 241056
WIKTIONARY_HAMTAD ratatouille HTTP 200 1693
UPPSLAGSORD ratatouille traffar=saol,so
SVENSKA_SE_HAMTAD ratificera HTTP 200 8331
SYNONYMER_SE_HAMTAD ratificera HTTP 200 269466
WIKTIONARY_HAMTAD ratificera HTTP 429 0
UPPSLAGSORD ratificera traffar=saol,so,saob
SVENSKA_SE_HAMTAD rauk HTTP 200 6863
SYNONYMER_SE_HAMTAD rauk HTTP 200 239532
WIKTIONARY_HAMTAD rauk HTTP 429 0
UPPSLAGSORD rauk traffar=saol,so,saob
SVENSKA_SE_HAMTAD rayon HTTP 200 7078
SYNONYMER_SE_HAMTAD rayon HTTP 200 236537
WIKTIONARY_HAMTAD rayon HTTP 200 850
UPPSLAGSORD rayon traffar=saol,so,saob
SVENSKA_SE_HAMTAD reaktion HTTP 200 9441
SYNONYMER_SE_HAMTAD reaktion HTTP 200 279138
WIKTIONARY_HAMTAD reaktion HTTP 200 2845
UPPSLAGSORD reaktion traffar=saol,so,saob
SVENSKA_SE_HAMTAD reaktioner HTTP 200 11089
SYNONYMER_SE_HAMTAD reaktioner HTTP 200 279243
WIKTIONARY_HAMTAD reaktioner HTTP 200 166
UPPSLAGSORD reaktioner traffar=INGEN
SVENSKA_SE_HAMTAD reallön HTTP 200 6322
SYNONYMER_SE_HAMTAD reallön HTTP 200 254482
WIKTIONARY_HAMTAD reallön HTTP 200 801
UPPSLAGSORD reallön traffar=saol,so,saob
SVENSKA_SE_HAMTAD recession HTTP 200 6652
SYNONYMER_SE_HAMTAD recession HTTP 200 247500
WIKTIONARY_HAMTAD recession HTTP 200 933
UPPSLAGSORD recession traffar=saol,so,saob
SVENSKA_SE_HAMTAD recipiend HTTP 200 5845
SYNONYMER_SE_HAMTAD recipiend HTTP 200 236544
WIKTIONARY_HAMTAD recipiend HTTP 200 398
UPPSLAGSORD recipiend traffar=saol,so,saob
SVENSKA_SE_HAMTAD redning HTTP 200 6973
SYNONYMER_SE_HAMTAD redning HTTP 200 256003
WIKTIONARY_HAMTAD redning HTTP 200 860
UPPSLAGSORD redning traffar=saol,so,saob
SVENSKA_SE_HAMTAD reduktionism HTTP 200 6813
SYNONYMER_SE_HAMTAD reduktionism HTTP 200 249878
WIKTIONARY_HAMTAD reduktionism HTTP 200 656
UPPSLAGSORD reduktionism traffar=saol,so
SVENSKA_SE_HAMTAD reflektera HTTP 200 11789
SYNONYMER_SE_HAMTAD reflektera HTTP 200 287129
WIKTIONARY_HAMTAD reflektera HTTP 200 2076
UPPSLAGSORD reflektera traffar=saol,so,saob
FRAS_UTAN_UPPSLAGSORD regel / rigel -- svenska.se-traffarna galler bestandsdelarna, inte frasen. Kastas.
SVENSKA_SE_HAMTAD regel / rigel HTTP 200 17714
SYNONYMER_SE_HAMTAD regel / rigel HTTP 404 0
WIKTIONARY_HAMTAD regel / rigel HTTP 200 398
UPPSLAGSORD regel / rigel traffar=INGEN
SVENSKA_SE_HAMTAD reguljär HTTP 200 6718
SYNONYMER_SE_HAMTAD reguljär HTTP 200 250983
WIKTIONARY_HAMTAD reguljär HTTP 429 0
UPPSLAGSORD reguljär traffar=saol,so,saob
SVENSKA_SE_HAMTAD reifiera HTTP 200 15013
SYNONYMER_SE_HAMTAD reifiera HTTP 200 247718
WIKTIONARY_HAMTAD reifiera HTTP 429 0
UPPSLAGSORD reifiera traffar=saol
SVENSKA_SE_HAMTAD reinkarnera HTTP 200 7723
SYNONYMER_SE_HAMTAD reinkarnera HTTP 200 248488
WIKTIONARY_HAMTAD reinkarnera HTTP 200 444
UPPSLAGSORD reinkarnera traffar=saol,so,saob
SVENSKA_SE_HAMTAD rekompensera HTTP 200 18222
SYNONYMER_SE_HAMTAD rekompensera HTTP 200 215698
WIKTIONARY_HAMTAD rekompensera HTTP 200 398
UPPSLAGSORD rekompensera traffar=saob
SVENSKA_SE_HAMTAD rektificera HTTP 200 18180
SYNONYMER_SE_HAMTAD rektificera HTTP 200 204222
WIKTIONARY_HAMTAD rektificera HTTP 200 788
UPPSLAGSORD rektificera traffar=saob
SVENSKA_SE_HAMTAD rekylera HTTP 200 6408
SYNONYMER_SE_HAMTAD rekylera HTTP 200 260045
WIKTIONARY_HAMTAD rekylera HTTP 200 398
UPPSLAGSORD rekylera traffar=saol,so,saob
SVENSKA_SE_HAMTAD relief HTTP 200 8134
SYNONYMER_SE_HAMTAD relief HTTP 200 269178
WIKTIONARY_HAMTAD relief HTTP 200 984
UPPSLAGSORD relief traffar=saol,so,saob
SVENSKA_SE_HAMTAD reminiscens HTTP 200 7039
SYNONYMER_SE_HAMTAD reminiscens HTTP 200 260659
WIKTIONARY_HAMTAD reminiscens HTTP 200 623
UPPSLAGSORD reminiscens traffar=saol,so,saob
SVENSKA_SE_HAMTAD remis HTTP 200 11955
SYNONYMER_SE_HAMTAD remis HTTP 200 234299
WIKTIONARY_HAMTAD remis HTTP 200 554
UPPSLAGSORD remis traffar=saol,so,saob
SVENSKA_SE_HAMTAD rendezvous HTTP 200 6184
SYNONYMER_SE_HAMTAD rendezvous HTTP 200 254315
WIKTIONARY_HAMTAD rendezvous HTTP 200 1163
UPPSLAGSORD rendezvous traffar=saol,so,saob
SVENSKA_SE_HAMTAD renhårig HTTP 200 5964
SYNONYMER_SE_HAMTAD renhårig HTTP 200 254013
WIKTIONARY_HAMTAD renhårig HTTP 200 398
UPPSLAGSORD renhårig traffar=saol,so,saob
FRAS_UTAN_UPPSLAGSORD rent mjöl i påsen -- svenska.se-traffarna galler bestandsdelarna, inte frasen. Kastas.
SVENSKA_SE_HAMTAD rent mjöl i påsen HTTP 200 17731
SYNONYMER_SE_HAMTAD rent mjöl i påsen HTTP 200 223431
SYNONYMER_SE_ENDAST_ANVANDARBIDRAG rent mjöl i påsen
WIKTIONARY_HAMTAD rent mjöl i påsen HTTP 200 398
UPPSLAGSORD rent mjöl i påsen traffar=INGEN
SVENSKA_SE_HAMTAD renässans HTTP 200 7847
SYNONYMER_SE_HAMTAD renässans HTTP 200 267593
WIKTIONARY_HAMTAD renässans HTTP 429 0
UPPSLAGSORD renässans traffar=saol,so,saob
SVENSKA_SE_HAMTAD repartisera HTTP 200 6905
SYNONYMER_SE_HAMTAD repartisera HTTP 200 253562
WIKTIONARY_HAMTAD repartisera HTTP 429 0
UPPSLAGSORD repartisera traffar=saol,so,saob
SVENSKA_SE_HAMTAD repellera HTTP 200 9905
SYNONYMER_SE_HAMTAD repellera HTTP 200 255992
WIKTIONARY_HAMTAD repellera HTTP 200 603
UPPSLAGSORD repellera traffar=saol,so,saob
SVENSKA_SE_HAMTAD reproteknik HTTP 200 12343
SYNONYMER_SE_HAMTAD reproteknik HTTP 200 232119
WIKTIONARY_HAMTAD reproteknik HTTP 200 398
UPPSLAGSORD reproteknik traffar=saol
SVENSKA_SE_HAMTAD reputerlig HTTP 200 5170
SYNONYMER_SE_HAMTAD reputerlig HTTP 200 234018
WIKTIONARY_HAMTAD reputerlig HTTP 200 226
UPPSLAGSORD reputerlig traffar=saol,so,saob
SVENSKA_SE_HAMTAD reseffekter HTTP 200 6516
SYNONYMER_SE_HAMTAD reseffekter HTTP 200 246515
WIKTIONARY_HAMTAD reseffekter HTTP 200 398
UPPSLAGSORD reseffekter traffar=saol,so
SVENSKA_SE_HAMTAD residuum HTTP 200 6114
SYNONYMER_SE_HAMTAD residuum HTTP 200 229284
WIKTIONARY_HAMTAD residuum HTTP 200 398
UPPSLAGSORD residuum traffar=saol,so,saob
SVENSKA_SE_HAMTAD reslig HTTP 200 6640
SYNONYMER_SE_HAMTAD reslig HTTP 200 257645
WIKTIONARY_HAMTAD reslig HTTP 200 421
UPPSLAGSORD reslig traffar=saol,so,saob
SVENSKA_SE_HAMTAD resonant HTTP 200 18912
SYNONYMER_SE_HAMTAD resonant HTTP 200 204159
WIKTIONARY_HAMTAD resonant HTTP 200 398
UPPSLAGSORD resonant traffar=saob
SVENSKA_SE_HAMTAD retardera HTTP 200 9101
SYNONYMER_SE_HAMTAD retardera HTTP 200 252819
WIKTIONARY_HAMTAD retardera HTTP 200 517
UPPSLAGSORD retardera traffar=saol,so,saob
SVENSKA_SE_HAMTAD retuschera HTTP 200 8386
SYNONYMER_SE_HAMTAD retuschera HTTP 200 272289
WIKTIONARY_HAMTAD retuschera HTTP 200 1210
UPPSLAGSORD retuschera traffar=saol,so,saob
SVENSKA_SE_HAMTAD revy HTTP 200 8092
SYNONYMER_SE_HAMTAD revy HTTP 200 271726
WIKTIONARY_HAMTAD revy HTTP 200 784
UPPSLAGSORD revy traffar=saol,so,saob
FRAS_UTAN_UPPSLAGSORD rida barbacka -- svenska.se-traffarna galler bestandsdelarna, inte frasen. Kastas.
SVENSKA_SE_HAMTAD rida barbacka HTTP 200 19440
SYNONYMER_SE_HAMTAD rida barbacka HTTP 200 226330
WIKTIONARY_HAMTAD rida barbacka HTTP 429 0
UPPSLAGSORD rida barbacka traffar=INGEN
SVENSKA_SE_HAMTAD rigel HTTP 200 14503
SYNONYMER_SE_HAMTAD rigel HTTP 200 230558
WIKTIONARY_HAMTAD rigel HTTP 429 0
UPPSLAGSORD rigel traffar=saob
SVENSKA_SE_HAMTAD rigla HTTP 200 15352
SYNONYMER_SE_HAMTAD rigla HTTP 200 215756
WIKTIONARY_HAMTAD rigla HTTP 200 398
UPPSLAGSORD rigla traffar=saob
SVENSKA_SE_HAMTAD rikoschett HTTP 200 6146
SYNONYMER_SE_HAMTAD rikoschett HTTP 200 254901
WIKTIONARY_HAMTAD rikoschett HTTP 200 1133
UPPSLAGSORD rikoschett traffar=saol,so,saob
FRAS_UTAN_UPPSLAGSORD riksha (rickshaw) -- svenska.se-traffarna galler bestandsdelarna, inte frasen. Kastas.
SVENSKA_SE_HAMTAD riksha (rickshaw) HTTP 200 17697
SYNONYMER_SE_HAMTAD riksha (rickshaw) HTTP 200 204505
WIKTIONARY_HAMTAD riksha (rickshaw) HTTP 200 398
UPPSLAGSORD riksha (rickshaw) traffar=INGEN
SVENSKA_SE_HAMTAD riktmärke HTTP 200 6147
SYNONYMER_SE_HAMTAD riktmärke HTTP 200 262135
WIKTIONARY_HAMTAD riktmärke HTTP 200 398
UPPSLAGSORD riktmärke traffar=saol,so,saob
SVENSKA_SE_HAMTAD ringhet HTTP 200 6321
SYNONYMER_SE_HAMTAD ringhet HTTP 200 251164
WIKTIONARY_HAMTAD ringhet HTTP 200 340
UPPSLAGSORD ringhet traffar=saol,so,saob
SVENSKA_SE_HAMTAD ringrostig HTTP 200 6252
SYNONYMER_SE_HAMTAD ringrostig HTTP 200 255058
WIKTIONARY_HAMTAD ringrostig HTTP 200 398
UPPSLAGSORD ringrostig traffar=saol,so
SVENSKA_SE_HAMTAD robiola HTTP 200 147557
SYNONYMER_SE_HAMTAD robiola HTTP 200 204256
WIKTIONARY_HAMTAD robiola HTTP 200 398
UPPSLAGSORD robiola traffar=INGEN
SVENSKA_SE_HAMTAD robust HTTP 200 7185
SYNONYMER_SE_HAMTAD robust HTTP 200 255590
WIKTIONARY_HAMTAD robust HTTP 200 1082
UPPSLAGSORD robust traffar=saol,so,saob
SVENSKA_SE_HAMTAD rockad HTTP 200 6657
SYNONYMER_SE_HAMTAD rockad HTTP 200 248569
WIKTIONARY_HAMTAD rockad HTTP 200 1103
UPPSLAGSORD rockad traffar=saol,so,saob
SVENSKA_SE_HAMTAD rojalist HTTP 200 6250
SYNONYMER_SE_HAMTAD rojalist HTTP 200 255028
WIKTIONARY_HAMTAD rojalist HTTP 200 651
UPPSLAGSORD rojalist traffar=saol,so,saob
SVENSKA_SE_HAMTAD romani HTTP 200 15492
SYNONYMER_SE_HAMTAD romani HTTP 200 249946
WIKTIONARY_HAMTAD romani HTTP 429 0
UPPSLAGSORD romani traffar=saol,so,saob
SVENSKA_SE_HAMTAD rosslig HTTP 200 7740
SYNONYMER_SE_HAMTAD rosslig HTTP 200 250962
WIKTIONARY_HAMTAD rosslig HTTP 429 0
UPPSLAGSORD rosslig traffar=saol,so,saob
SVENSKA_SE_HAMTAD rossling HTTP 200 6031
SYNONYMER_SE_HAMTAD rossling HTTP 200 249072
WIKTIONARY_HAMTAD rossling HTTP 200 286
UPPSLAGSORD rossling traffar=saol,so,saob
SVENSKA_SE_HAMTAD rotting HTTP 200 7002
SYNONYMER_SE_HAMTAD rotting HTTP 200 269097
WIKTIONARY_HAMTAD rotting HTTP 200 1204
UPPSLAGSORD rotting traffar=saol,so,saob
SVENSKA_SE_HAMTAD rugga HTTP 200 26437
SYNONYMER_SE_HAMTAD rugga HTTP 200 272703
WIKTIONARY_HAMTAD rugga HTTP 200 398
UPPSLAGSORD rugga traffar=saol,so,saob
FRAS_UTAN_UPPSLAGSORD rulla hatt -- svenska.se-traffarna galler bestandsdelarna, inte frasen. Kastas.
SVENSKA_SE_HAMTAD rulla hatt HTTP 200 19385
SYNONYMER_SE_HAMTAD rulla hatt HTTP 200 227613
WIKTIONARY_HAMTAD rulla hatt HTTP 200 398
UPPSLAGSORD rulla hatt traffar=INGEN
SVENSKA_SE_HAMTAD rund HTTP 200 18580
SYNONYMER_SE_HAMTAD rund HTTP 200 317094
WIKTIONARY_HAMTAD rund HTTP 200 2441
UPPSLAGSORD rund traffar=saol,so,saob
SVENSKA_SE_HAMTAD rundfråga HTTP 200 7055
SYNONYMER_SE_HAMTAD rundfråga HTTP 200 247344
WIKTIONARY_HAMTAD rundfråga HTTP 200 398
UPPSLAGSORD rundfråga traffar=saol,so,saob
SVENSKA_SE_HAMTAD rundgång HTTP 200 6455
SYNONYMER_SE_HAMTAD rundgång HTTP 200 250166
WIKTIONARY_HAMTAD rundgång HTTP 200 1388
UPPSLAGSORD rundgång traffar=saol,so,saob
SVENSKA_SE_HAMTAD rustibuss HTTP 200 6106
SYNONYMER_SE_HAMTAD rustibuss HTTP 200 240819
WIKTIONARY_HAMTAD rustibuss HTTP 200 398
UPPSLAGSORD rustibuss traffar=saol,so,saob
SVENSKA_SE_HAMTAD ryd HTTP 200 19887
SYNONYMER_SE_HAMTAD ryd HTTP 200 220067
WIKTIONARY_HAMTAD ryd HTTP 200 537
UPPSLAGSORD ryd traffar=saob
SVENSKA_SE_HAMTAD rygga HTTP 200 15697
SYNONYMER_SE_HAMTAD rygga HTTP 200 276118
WIKTIONARY_HAMTAD rygga HTTP 200 1850
UPPSLAGSORD rygga traffar=saol,so,saob
FRAS_UTAN_UPPSLAGSORD räcka lång näsa åt -- svenska.se-traffarna galler bestandsdelarna, inte frasen. Kastas.
SVENSKA_SE_HAMTAD räcka lång näsa åt HTTP 200 17696
SYNONYMER_SE_HAMTAD räcka lång näsa åt HTTP 200 187995
WIKTIONARY_HAMTAD räcka lång näsa åt HTTP 429 0
UPPSLAGSORD räcka lång näsa åt traffar=INGEN
FRAS_UTAN_UPPSLAGSORD räcka lång näsan åt -- svenska.se-traffarna galler bestandsdelarna, inte frasen. Kastas.
SVENSKA_SE_HAMTAD räcka lång näsan åt HTTP 200 17733
SYNONYMER_SE_HAMTAD räcka lång näsan åt HTTP 200 187969
WIKTIONARY_HAMTAD räcka lång näsan åt HTTP 429 0
UPPSLAGSORD räcka lång näsan åt traffar=INGEN
FRAS_UTAN_UPPSLAGSORD ränna (ofta omkring) -- svenska.se-traffarna galler bestandsdelarna, inte frasen. Kastas.
SVENSKA_SE_HAMTAD ränna (ofta omkring) HTTP 200 17638
SYNONYMER_SE_HAMTAD ränna (ofta omkring) HTTP 200 204521
WIKTIONARY_HAMTAD ränna (ofta omkring) HTTP 200 398
UPPSLAGSORD ränna (ofta omkring) traffar=INGEN
SVENSKA_SE_HAMTAD ränna in HTTP 200 18142
SYNONYMER_SE_HAMTAD ränna in HTTP 200 187726
WIKTIONARY_HAMTAD ränna in HTTP 200 398
UPPSLAGSORD ränna in traffar=saob
FRAS_UTAN_UPPSLAGSORD ränna iväg -- svenska.se-traffarna galler bestandsdelarna, inte frasen. Kastas.
SVENSKA_SE_HAMTAD ränna iväg HTTP 200 19665
SYNONYMER_SE_HAMTAD ränna iväg HTTP 200 210720
WIKTIONARY_HAMTAD ränna iväg HTTP 200 398
UPPSLAGSORD ränna iväg traffar=INGEN
FRAS_UTAN_UPPSLAGSORD rätta mun(nen) efter matsäcken -- svenska.se-traffarna galler bestandsdelarna, inte frasen. Kastas.
SVENSKA_SE_HAMTAD rätta mun(nen) efter matsäcken HTTP 200 17714
SYNONYMER_SE_HAMTAD rätta mun(nen) efter matsäcken HTTP 200 205274
WIKTIONARY_HAMTAD rätta mun(nen) efter matsäcken HTTP 200 398
UPPSLAGSORD rätta mun(nen) efter matsäcken traffar=INGEN
SVENSKA_SE_HAMTAD rättfram HTTP 200 7078
SYNONYMER_SE_HAMTAD rättfram HTTP 200 272827
WIKTIONARY_HAMTAD rättfram HTTP 200 608
UPPSLAGSORD rättfram traffar=saol,so,saob
SVENSKA_SE_HAMTAD rättfärdig HTTP 200 7872
SYNONYMER_SE_HAMTAD rättfärdig HTTP 200 279744
WIKTIONARY_HAMTAD rättfärdig HTTP 200 1270
UPPSLAGSORD rättfärdig traffar=saol,so,saob
SVENSKA_SE_HAMTAD rättmätig HTTP 200 6688
SYNONYMER_SE_HAMTAD rättmätig HTTP 200 270829
WIKTIONARY_HAMTAD rättmätig HTTP 200 1811
UPPSLAGSORD rättmätig traffar=saol,so,saob
FRAS_UTAN_UPPSLAGSORD räv bakom örat -- svenska.se-traffarna galler bestandsdelarna, inte frasen. Kastas.
SVENSKA_SE_HAMTAD räv bakom örat HTTP 200 17653
SYNONYMER_SE_HAMTAD räv bakom örat HTTP 200 204444
WIKTIONARY_HAMTAD räv bakom örat HTTP 200 398
UPPSLAGSORD räv bakom örat traffar=INGEN
SVENSKA_SE_HAMTAD rådpläga HTTP 200 7798
SYNONYMER_SE_HAMTAD rådpläga HTTP 200 265983
WIKTIONARY_HAMTAD rådpläga HTTP 200 398
UPPSLAGSORD rådpläga traffar=saol,so,saob
SVENSKA_SE_HAMTAD rådrum HTTP 200 6480
SYNONYMER_SE_HAMTAD rådrum HTTP 200 258466
WIKTIONARY_HAMTAD rådrum HTTP 200 508
UPPSLAGSORD rådrum traffar=saol,so,saob
SVENSKA_SE_HAMTAD rådslag HTTP 200 8947
SYNONYMER_SE_HAMTAD rådslag HTTP 200 254877
WIKTIONARY_HAMTAD rådslag HTTP 429 0
UPPSLAGSORD rådslag traffar=saol,so,saob
SVENSKA_SE_HAMTAD råk HTTP 200 9358
SYNONYMER_SE_HAMTAD råk HTTP 200 264709
WIKTIONARY_HAMTAD råk HTTP 429 0
UPPSLAGSORD råk traffar=saol,so,saob
FRAS_UTAN_UPPSLAGSORD råttorna lämnar det sjunkande skeppet -- svenska.se-traffarna galler bestandsdelarna, inte frasen. Kastas.
SVENSKA_SE_HAMTAD råttorna lämnar det sjunkande skeppet HTTP 200 5473
SYNONYMER_SE_HAMTAD råttorna lämnar det sjunkande skeppet HTTP 200 204819
WIKTIONARY_HAMTAD råttorna lämnar det sjunkande skeppet HTTP 200 398
UPPSLAGSORD råttorna lämnar det sjunkande skeppet traffar=INGEN
SVENSKA_SE_HAMTAD röklin HTTP 200 18575
SYNONYMER_SE_HAMTAD röklin HTTP 200 229310
WIKTIONARY_HAMTAD röklin HTTP 200 398
UPPSLAGSORD röklin traffar=saob
FRAS_UTAN_UPPSLAGSORD rösta med fötterna -- svenska.se-traffarna galler bestandsdelarna, inte frasen. Kastas.
SVENSKA_SE_HAMTAD rösta med fötterna HTTP 200 17731
SYNONYMER_SE_HAMTAD rösta med fötterna HTTP 200 204526
WIKTIONARY_HAMTAD rösta med fötterna HTTP 200 398
UPPSLAGSORD rösta med fötterna traffar=INGEN
FRAS_UTAN_UPPSLAGSORD rött skynke -- svenska.se-traffarna galler bestandsdelarna, inte frasen. Kastas.
SVENSKA_SE_HAMTAD rött skynke HTTP 200 19036
SYNONYMER_SE_HAMTAD rött skynke HTTP 200 203933
WIKTIONARY_HAMTAD rött skynke HTTP 200 398
UPPSLAGSORD rött skynke traffar=INGEN
FRAS_UTAN_UPPSLAGSORD rött öre -- svenska.se-traffarna galler bestandsdelarna, inte frasen. Kastas.
SVENSKA_SE_HAMTAD rött öre HTTP 200 19726
SYNONYMER_SE_HAMTAD rött öre HTTP 200 187359
WIKTIONARY_HAMTAD rött öre HTTP 200 398
UPPSLAGSORD rött öre traffar=INGEN
SVENSKA_SE_HAMTAD sakframställning HTTP 200 6364
SYNONYMER_SE_HAMTAD sakframställning HTTP 200 252539
WIKTIONARY_HAMTAD sakframställning HTTP 200 685
UPPSLAGSORD sakframställning traffar=saol,so,saob
SVENSKA_SE_HAMTAD sakfälla HTTP 200 8917
SYNONYMER_SE_HAMTAD sakfälla HTTP 200 249522
WIKTIONARY_HAMTAD sakfälla HTTP 200 398
UPPSLAGSORD sakfälla traffar=saol,so,saob
SVENSKA_SE_HAMTAD sakföra HTTP 200 13653
SYNONYMER_SE_HAMTAD sakföra HTTP 200 251104
WIKTIONARY_HAMTAD sakföra HTTP 200 398
UPPSLAGSORD sakföra traffar=saol,saob
SVENSKA_SE_HAMTAD sakrilegium HTTP 200 6059
SYNONYMER_SE_HAMTAD sakrilegium HTTP 200 229684
WIKTIONARY_HAMTAD sakrilegium HTTP 200 398
UPPSLAGSORD sakrilegium traffar=saol,so,saob
FRAS_UTAN_UPPSLAGSORD salig i åminnelse -- svenska.se-traffarna galler bestandsdelarna, inte frasen. Kastas.
SVENSKA_SE_HAMTAD salig i åminnelse HTTP 200 17706
SYNONYMER_SE_HAMTAD salig i åminnelse HTTP 200 187693
WIKTIONARY_HAMTAD salig i åminnelse HTTP 200 398
UPPSLAGSORD salig i åminnelse traffar=INGEN
SVENSKA_SE_HAMTAD salutrogen HTTP 200 141929
SYNONYMER_SE_HAMTAD salutrogen HTTP 200 203894
WIKTIONARY_HAMTAD salutrogen HTTP 429 0
UPPSLAGSORD salutrogen traffar=INGEN
SVENSKA_SE_HAMTAD samarbetsman HTTP 200 6274
SYNONYMER_SE_HAMTAD samarbetsman HTTP 200 256186
WIKTIONARY_HAMTAD samarbetsman HTTP 429 0
UPPSLAGSORD samarbetsman traffar=saol,so,saob
FRAS_UTAN_UPPSLAGSORD samla i ladorna -- svenska.se-traffarna galler bestandsdelarna, inte frasen. Kastas.
SVENSKA_SE_HAMTAD samla i ladorna HTTP 200 17638
SYNONYMER_SE_HAMTAD samla i ladorna HTTP 200 204589
WIKTIONARY_HAMTAD samla i ladorna HTTP 200 398
UPPSLAGSORD samla i ladorna traffar=INGEN
SVENSKA_SE_HAMTAD sampan HTTP 200 6201
SYNONYMER_SE_HAMTAD sampan HTTP 200 244074
WIKTIONARY_HAMTAD sampan HTTP 200 398
UPPSLAGSORD sampan traffar=saol,so,saob
SVENSKA_SE_HAMTAD sampel HTTP 200 7499
SYNONYMER_SE_HAMTAD sampel HTTP 200 255219
WIKTIONARY_HAMTAD sampel HTTP 200 223
UPPSLAGSORD sampel traffar=saol,so,saob
FRAS_UTAN_UPPSLAGSORD samt och synnerligen -- svenska.se-traffarna galler bestandsdelarna, inte frasen. Kastas.
SVENSKA_SE_HAMTAD samt och synnerligen HTTP 200 17639
SYNONYMER_SE_HAMTAD samt och synnerligen HTTP 200 227114
WIKTIONARY_HAMTAD samt och synnerligen HTTP 200 398
UPPSLAGSORD samt och synnerligen traffar=INGEN
SVENSKA_SE_HAMTAD samtlig HTTP 200 5630
SYNONYMER_SE_HAMTAD samtlig HTTP 200 230230
WIKTIONARY_HAMTAD samtlig HTTP 200 1991
UPPSLAGSORD samtlig traffar=saol,so,saob
SVENSKA_SE_HAMTAD samvariation HTTP 200 6079
SYNONYMER_SE_HAMTAD samvariation HTTP 200 252216
WIKTIONARY_HAMTAD samvariation HTTP 200 398
UPPSLAGSORD samvariation traffar=saol,so,saob
SVENSKA_SE_HAMTAD sandrevel HTTP 200 6086
SYNONYMER_SE_HAMTAD sandrevel HTTP 200 247558
WIKTIONARY_HAMTAD sandrevel HTTP 200 398
UPPSLAGSORD sandrevel traffar=saol,so,saob
FRAS_UTAN_UPPSLAGSORD sans facon -- svenska.se-traffarna galler bestandsdelarna, inte frasen. Kastas.
SVENSKA_SE_HAMTAD sans facon HTTP 200 17560
SYNONYMER_SE_HAMTAD sans facon HTTP 200 204314
WIKTIONARY_HAMTAD sans facon HTTP 200 398
UPPSLAGSORD sans facon traffar=INGEN
SVENSKA_SE_HAMTAD saprofyt HTTP 200 5906
SYNONYMER_SE_HAMTAD saprofyt HTTP 200 250741
WIKTIONARY_HAMTAD saprofyt HTTP 200 1453
UPPSLAGSORD saprofyt traffar=saol,so,saob
SVENSKA_SE_HAMTAD sarga HTTP 200 9742
SYNONYMER_SE_HAMTAD sarga HTTP 200 265829
WIKTIONARY_HAMTAD sarga HTTP 200 1196
UPPSLAGSORD sarga traffar=saol,so,saob
SVENSKA_SE_HAMTAD saxa HTTP 200 10727
SYNONYMER_SE_HAMTAD saxa HTTP 200 259990
WIKTIONARY_HAMTAD saxa HTTP 429 0
UPPSLAGSORD saxa traffar=saol,so,saob
SVENSKA_SE_HAMTAD scenografi HTTP 200 6291
SYNONYMER_SE_HAMTAD scenografi HTTP 200 254511
WIKTIONARY_HAMTAD scenografi HTTP 429 0
UPPSLAGSORD scenografi traffar=saol,so,saob
SVENSKA_SE_HAMTAD schackel HTTP 200 7923
SYNONYMER_SE_HAMTAD schackel HTTP 200 249321
WIKTIONARY_HAMTAD schackel HTTP 200 398
UPPSLAGSORD schackel traffar=saol,so,saob
SVENSKA_SE_HAMTAD schattera HTTP 200 8161
SYNONYMER_SE_HAMTAD schattera HTTP 200 267191
WIKTIONARY_HAMTAD schattera HTTP 200 398
UPPSLAGSORD schattera traffar=saol,so,saob
SVENSKA_SE_HAMTAD schellack HTTP 200 5754
SYNONYMER_SE_HAMTAD schellack HTTP 200 252753
WIKTIONARY_HAMTAD schellack HTTP 200 986
UPPSLAGSORD schellack traffar=saol,so,saob
SVENSKA_SE_HAMTAD scherzo HTTP 200 5754
SYNONYMER_SE_HAMTAD scherzo HTTP 200 252191
WIKTIONARY_HAMTAD scherzo HTTP 200 711
UPPSLAGSORD scherzo traffar=saol,so,saob
SVENSKA_SE_HAMTAD scientologi HTTP 200 7025
SYNONYMER_SE_HAMTAD scientologi HTTP 200 249329
WIKTIONARY_HAMTAD scientologi HTTP 200 750
UPPSLAGSORD scientologi traffar=saol,so
SVENSKA_SE_HAMTAD scirocco HTTP 200 8065
SYNONYMER_SE_HAMTAD scirocco HTTP 200 247524
WIKTIONARY_HAMTAD scirocco HTTP 200 398
UPPSLAGSORD scirocco traffar=saol,so
FRAS_UTAN_UPPSLAGSORD se i månen efter något -- svenska.se-traffarna galler bestandsdelarna, inte frasen. Kastas.
SVENSKA_SE_HAMTAD se i månen efter något HTTP 200 17720
SYNONYMER_SE_HAMTAD se i månen efter något HTTP 200 204320
WIKTIONARY_HAMTAD se i månen efter något HTTP 200 398
UPPSLAGSORD se i månen efter något traffar=INGEN
FRAS_UTAN_UPPSLAGSORD se ut som en fågelholk -- svenska.se-traffarna galler bestandsdelarna, inte frasen. Kastas.
SVENSKA_SE_HAMTAD se ut som en fågelholk HTTP 200 17708
SYNONYMER_SE_HAMTAD se ut som en fågelholk HTTP 200 219335
WIKTIONARY_HAMTAD se ut som en fågelholk HTTP 200 398
UPPSLAGSORD se ut som en fågelholk traffar=INGEN
FRAS_UTAN_UPPSLAGSORD se ut som sju svåra år -- svenska.se-traffarna galler bestandsdelarna, inte frasen. Kastas.
SVENSKA_SE_HAMTAD se ut som sju svåra år HTTP 200 17716
SYNONYMER_SE_HAMTAD se ut som sju svåra år HTTP 200 187765
WIKTIONARY_HAMTAD se ut som sju svåra år HTTP 200 400
UPPSLAGSORD se ut som sju svåra år traffar=INGEN
FRAS_UTAN_UPPSLAGSORD se ut som sålt smör och tappat pengarna -- svenska.se-traffarna galler bestandsdelarna, inte frasen. Kastas.
SVENSKA_SE_HAMTAD se ut som sålt smör och tappat pengarna HTTP 200 10430
SYNONYMER_SE_HAMTAD se ut som sålt smör och tappat pengarna HTTP 200 204829
WIKTIONARY_HAMTAD se ut som sålt smör och tappat pengarna HTTP 200 398
UPPSLAGSORD se ut som sålt smör och tappat pengarna traffar=INGEN
SVENSKA_SE_HAMTAD sebu HTTP 200 6999
SYNONYMER_SE_HAMTAD sebu HTTP 200 239569
WIKTIONARY_HAMTAD sebu HTTP 429 0
UPPSLAGSORD sebu traffar=saol,so,saob
SVENSKA_SE_HAMTAD seckla HTTP 200 7940
SYNONYMER_SE_HAMTAD seckla HTTP 200 236738
WIKTIONARY_HAMTAD seckla HTTP 429 0
UPPSLAGSORD seckla traffar=saol,so,saob
SVENSKA_SE_HAMTAD secondhand HTTP 200 7220
SYNONYMER_SE_HAMTAD secondhand HTTP 200 230613
WIKTIONARY_HAMTAD secondhand HTTP 200 334
UPPSLAGSORD secondhand traffar=saol,so
FRAS_UTAN_UPPSLAGSORD sedan/från barnsben -- svenska.se-traffarna galler bestandsdelarna, inte frasen. Kastas.
SVENSKA_SE_HAMTAD sedan/från barnsben HTTP 200 17723
SYNONYMER_SE_HAMTAD sedan/från barnsben HTTP 404 0
WIKTIONARY_HAMTAD sedan/från barnsben HTTP 200 398
UPPSLAGSORD sedan/från barnsben traffar=INGEN
SVENSKA_SE_HAMTAD sedativ HTTP 200 10452
SYNONYMER_SE_HAMTAD sedativ HTTP 200 259441
WIKTIONARY_HAMTAD sedativ HTTP 200 398
UPPSLAGSORD sedativ traffar=saol,so,saob
SVENSKA_SE_HAMTAD sedesam HTTP 200 6442
SYNONYMER_SE_HAMTAD sedesam HTTP 200 265940
WIKTIONARY_HAMTAD sedesam HTTP 200 1078
UPPSLAGSORD sedesam traffar=saol,so,saob
SVENSKA_SE_HAMTAD seeda HTTP 200 8236
SYNONYMER_SE_HAMTAD seeda HTTP 200 265132
WIKTIONARY_HAMTAD seeda HTTP 200 398
UPPSLAGSORD seeda traffar=saol,so,saob
FRAS_UTAN_UPPSLAGSORD segna (ihop/ner) -- svenska.se-traffarna galler bestandsdelarna, inte frasen. Kastas.
SVENSKA_SE_HAMTAD segna (ihop/ner) HTTP 200 17644
SYNONYMER_SE_HAMTAD segna (ihop/ner) HTTP 404 0
WIKTIONARY_HAMTAD segna (ihop/ner) HTTP 200 398
UPPSLAGSORD segna (ihop/ner) traffar=INGEN
SVENSKA_SE_HAMTAD segregera HTTP 200 7786
SYNONYMER_SE_HAMTAD segregera HTTP 200 266182
SYNONYMER_SE_ENDAST_ANVANDARBIDRAG segregera
WIKTIONARY_HAMTAD segregera HTTP 200 527
UPPSLAGSORD segregera traffar=saol,so,saob
SVENSKA_SE_HAMTAD seismisk HTTP 200 4915
SYNONYMER_SE_HAMTAD seismisk HTTP 200 242249
WIKTIONARY_HAMTAD seismisk HTTP 200 398
UPPSLAGSORD seismisk traffar=saol,so,saob
SVENSKA_SE_HAMTAD sejda HTTP 200 13625
SYNONYMER_SE_HAMTAD sejda HTTP 200 230849
WIKTIONARY_HAMTAD sejda HTTP 200 179
UPPSLAGSORD sejda traffar=saol,saob
SVENSKA_SE_HAMTAD sejdel HTTP 200 6711
SYNONYMER_SE_HAMTAD sejdel HTTP 200 263493
WIKTIONARY_HAMTAD sejdel HTTP 200 1618
UPPSLAGSORD sejdel traffar=saol,so,saob
SVENSKA_SE_HAMTAD sejour HTTP 200 6107
SYNONYMER_SE_HAMTAD sejour HTTP 200 250295
WIKTIONARY_HAMTAD sejour HTTP 429 0
UPPSLAGSORD sejour traffar=saol,so,saob
SVENSKA_SE_HAMTAD sekant HTTP 200 6496
SYNONYMER_SE_HAMTAD sekant HTTP 200 247861
WIKTIONARY_HAMTAD sekant HTTP 429 0
UPPSLAGSORD sekant traffar=saol,so,saob
SVENSKA_SE_HAMTAD sekretess HTTP 200 5925
SYNONYMER_SE_HAMTAD sekretess HTTP 200 253454
WIKTIONARY_HAMTAD sekretess HTTP 200 1337
UPPSLAGSORD sekretess traffar=saol,so,saob
SVENSKA_SE_HAMTAD sekvestrera HTTP 200 18288
SYNONYMER_SE_HAMTAD sekvestrera HTTP 200 261321
WIKTIONARY_HAMTAD sekvestrera HTTP 200 547
UPPSLAGSORD sekvestrera traffar=saob
SVENSKA_SE_HAMTAD selektiv HTTP 200 6869
SYNONYMER_SE_HAMTAD selektiv HTTP 200 260190
WIKTIONARY_HAMTAD selektiv HTTP 200 651
UPPSLAGSORD selektiv traffar=saol,so,saob
SVENSKA_SE_HAMTAD semen HTTP 200 134242
SYNONYMER_SE_HAMTAD semen HTTP 200 216158
WIKTIONARY_HAMTAD semen HTTP 200 489
UPPSLAGSORD semen traffar=INGEN
SVENSKA_SE_HAMTAD semit HTTP 200 6353
SYNONYMER_SE_HAMTAD semit HTTP 200 252853
WIKTIONARY_HAMTAD semit HTTP 200 526
UPPSLAGSORD semit traffar=saol,so,saob
SVENSKA_SE_HAMTAD sentera HTTP 200 8243
SYNONYMER_SE_HAMTAD sentera HTTP 200 264549
WIKTIONARY_HAMTAD sentera HTTP 200 657
UPPSLAGSORD sentera traffar=saol,so,saob
SVENSKA_SE_HAMTAD septisk HTTP 200 5708
SYNONYMER_SE_HAMTAD septisk HTTP 200 246895
WIKTIONARY_HAMTAD septisk HTTP 200 609
UPPSLAGSORD septisk traffar=saol,so,saob
SVENSKA_SE_HAMTAD seren HTTP 200 5368
SYNONYMER_SE_HAMTAD seren HTTP 200 234064
WIKTIONARY_HAMTAD seren HTTP 200 382
UPPSLAGSORD seren traffar=saol,so,saob
SVENSKA_SE_HAMTAD serendipitet HTTP 200 7158
SYNONYMER_SE_HAMTAD serendipitet HTTP 200 239978
WIKTIONARY_HAMTAD serendipitet HTTP 200 1409
UPPSLAGSORD serendipitet traffar=saol,so
SVENSKA_SE_HAMTAD seriffer HTTP 200 8780
SYNONYMER_SE_HAMTAD seriffer HTTP 200 251789
WIKTIONARY_HAMTAD seriffer HTTP 200 161
UPPSLAGSORD seriffer traffar=INGEN
SVENSKA_SE_HAMTAD sessions/session_2026-08-28_v3-batch3.json HTTP 200 3008
SYNONYMER_SE_HAMTAD sessions/session_2026-08-28_v3-batch3.json HTTP 404 0
WIKTIONARY_HAMTAD sessions/session_2026-08-28_v3-batch3.json HTTP 429 0
UPPSLAGSORD sessions/session_2026-08-28_v3-batch3.json traffar=INGEN
SVENSKA_SE_HAMTAD sessions/session_2026-08-29_v3-batch2.json HTTP 200 3007
SYNONYMER_SE_HAMTAD sessions/session_2026-08-29_v3-batch2.json HTTP 404 0
WIKTIONARY_HAMTAD sessions/session_2026-08-29_v3-batch2.json HTTP 429 0
UPPSLAGSORD sessions/session_2026-08-29_v3-batch2.json traffar=INGEN
SVENSKA_SE_HAMTAD sextant HTTP 200 6753
SYNONYMER_SE_HAMTAD sextant HTTP 200 248315
WIKTIONARY_HAMTAD sextant HTTP 200 1373
UPPSLAGSORD sextant traffar=saol,so,saob
SVENSKA_SE_HAMTAD sfär HTTP 200 8380
SYNONYMER_SE_HAMTAD sfär HTTP 200 278395
WIKTIONARY_HAMTAD sfär HTTP 200 4262
UPPSLAGSORD sfär traffar=saol,so,saob
SVENSKA_SE_HAMTAD sibet HTTP 200 6162
SYNONYMER_SE_HAMTAD sibet HTTP 200 223177
WIKTIONARY_HAMTAD sibet HTTP 200 398
UPPSLAGSORD sibet traffar=saol,so,saob
SVENSKA_SE_HAMTAD sibylla HTTP 200 5887
SYNONYMER_SE_HAMTAD sibylla HTTP 200 253537
WIKTIONARY_HAMTAD sibylla HTTP 200 772
UPPSLAGSORD sibylla traffar=saol,so,saob
SVENSKA_SE_HAMTAD sickla HTTP 200 14364
SYNONYMER_SE_HAMTAD sickla HTTP 200 265463
WIKTIONARY_HAMTAD sickla HTTP 200 398
UPPSLAGSORD sickla traffar=saol,so,saob
SVENSKA_SE_HAMTAD sifon HTTP 200 6752
SYNONYMER_SE_HAMTAD sifon HTTP 200 254644
WIKTIONARY_HAMTAD sifon HTTP 200 324
UPPSLAGSORD sifon traffar=saol,so,saob
SVENSKA_SE_HAMTAD simmig HTTP 200 6192
SYNONYMER_SE_HAMTAD simmig HTTP 200 257851
WIKTIONARY_HAMTAD simmig HTTP 200 398
UPPSLAGSORD simmig traffar=saol,so,saob
SVENSKA_SE_HAMTAD simultan HTTP 200 6559
SYNONYMER_SE_HAMTAD simultan HTTP 200 256024
WIKTIONARY_HAMTAD simultan HTTP 200 725
UPPSLAGSORD simultan traffar=saol,so,saob
SVENSKA_SE_HAMTAD singulär HTTP 200 4967
SYNONYMER_SE_HAMTAD singulär HTTP 200 249787
WIKTIONARY_HAMTAD singulär HTTP 200 1371
UPPSLAGSORD singulär traffar=saol,so,saob
SVENSKA_SE_HAMTAD sinnesrörelse HTTP 200 6194
SYNONYMER_SE_HAMTAD sinnesrörelse HTTP 200 258337
WIKTIONARY_HAMTAD sinnesrörelse HTTP 200 398
UPPSLAGSORD sinnesrörelse traffar=saol,so,saob
SVENSKA_SE_HAMTAD sinnrik HTTP 200 7652
SYNONYMER_SE_HAMTAD sinnrik HTTP 200 268127
WIKTIONARY_HAMTAD sinnrik HTTP 429 0
UPPSLAGSORD sinnrik traffar=saol,so,saob
SVENSKA_SE_HAMTAD sinologi HTTP 200 4864
SYNONYMER_SE_HAMTAD sinologi HTTP 200 245650
WIKTIONARY_HAMTAD sinologi HTTP 429 0
UPPSLAGSORD sinologi traffar=saol,so,saob
SVENSKA_SE_HAMTAD sint HTTP 200 6648
SYNONYMER_SE_HAMTAD sint HTTP 200 246074
WIKTIONARY_HAMTAD sint HTTP 200 398
UPPSLAGSORD sint traffar=saol,so,saob
SVENSKA_SE_HAMTAD sinter HTTP 200 5655
SYNONYMER_SE_HAMTAD sinter HTTP 200 257909
WIKTIONARY_HAMTAD sinter HTTP 200 400
UPPSLAGSORD sinter traffar=saol,so,saob
SVENSKA_SE_HAMTAD sinus HTTP 200 5967
SYNONYMER_SE_HAMTAD sinus HTTP 200 239887
WIKTIONARY_HAMTAD sinus HTTP 200 1406
UPPSLAGSORD sinus traffar=saol,so,saob
SVENSKA_SE_HAMTAD sirapslen HTTP 200 4465
SYNONYMER_SE_HAMTAD sirapslen HTTP 200 232326
WIKTIONARY_HAMTAD sirapslen HTTP 200 398
UPPSLAGSORD sirapslen traffar=saol,so,saob
FRAS_UTAN_UPPSLAGSORD sitta med skägget i brevlådan -- svenska.se-traffarna galler bestandsdelarna, inte frasen. Kastas.
SVENSKA_SE_HAMTAD sitta med skägget i brevlådan HTTP 200 12840
SYNONYMER_SE_HAMTAD sitta med skägget i brevlådan HTTP 200 205075
WIKTIONARY_HAMTAD sitta med skägget i brevlådan HTTP 200 874
UPPSLAGSORD sitta med skägget i brevlådan traffar=INGEN
FRAS_UTAN_UPPSLAGSORD sitta på dubbla stolar -- svenska.se-traffarna galler bestandsdelarna, inte frasen. Kastas.
SVENSKA_SE_HAMTAD sitta på dubbla stolar HTTP 200 17709
SYNONYMER_SE_HAMTAD sitta på dubbla stolar HTTP 200 205036
WIKTIONARY_HAMTAD sitta på dubbla stolar HTTP 200 398
UPPSLAGSORD sitta på dubbla stolar traffar=INGEN
FRAS_UTAN_UPPSLAGSORD sitta på höga hästar -- svenska.se-traffarna galler bestandsdelarna, inte frasen. Kastas.
SVENSKA_SE_HAMTAD sitta på höga hästar HTTP 200 17639
SYNONYMER_SE_HAMTAD sitta på höga hästar HTTP 200 205113
WIKTIONARY_HAMTAD sitta på höga hästar HTTP 200 398
UPPSLAGSORD sitta på höga hästar traffar=INGEN
SVENSKA_SE_HAMTAD sittopp HTTP 200 4988
SYNONYMER_SE_HAMTAD sittopp HTTP 200 234811
WIKTIONARY_HAMTAD sittopp HTTP 200 398
UPPSLAGSORD sittopp traffar=saol,so,saob
FRAS_UTAN_UPPSLAGSORD sjapp / schapp -- svenska.se-traffarna galler bestandsdelarna, inte frasen. Kastas.
SVENSKA_SE_HAMTAD sjapp / schapp HTTP 200 17651
SYNONYMER_SE_HAMTAD sjapp / schapp HTTP 404 0
WIKTIONARY_HAMTAD sjapp / schapp HTTP 200 398
UPPSLAGSORD sjapp / schapp traffar=INGEN
FRAS_UTAN_UPPSLAGSORD sju resor värre -- svenska.se-traffarna galler bestandsdelarna, inte frasen. Kastas.
SVENSKA_SE_HAMTAD sju resor värre HTTP 200 17644
SYNONYMER_SE_HAMTAD sju resor värre HTTP 200 229526
WIKTIONARY_HAMTAD sju resor värre HTTP 200 398
UPPSLAGSORD sju resor värre traffar=INGEN
SVENSKA_SE_HAMTAD själsfrånvarande HTTP 200 4385
SYNONYMER_SE_HAMTAD själsfrånvarande HTTP 200 234498
WIKTIONARY_HAMTAD själsfrånvarande HTTP 429 0
UPPSLAGSORD själsfrånvarande traffar=saol,so,saob
SVENSKA_SE_HAMTAD självmål HTTP 200 6176
SYNONYMER_SE_HAMTAD självmål HTTP 200 248749
WIKTIONARY_HAMTAD självmål HTTP 429 0
UPPSLAGSORD självmål traffar=saol,so,saob
SVENSKA_SE_HAMTAD självskriven HTTP 200 5501
SYNONYMER_SE_HAMTAD självskriven HTTP 200 250411
WIKTIONARY_HAMTAD självskriven HTTP 200 398
UPPSLAGSORD självskriven traffar=saol,so,saob
SVENSKA_SE_HAMTAD självutplåning HTTP 200 5013
SYNONYMER_SE_HAMTAD självutplåning HTTP 200 237641
WIKTIONARY_HAMTAD självutplåning HTTP 200 400
UPPSLAGSORD självutplåning traffar=saol,so,saob
SVENSKA_SE_HAMTAD sjösätta HTTP 200 7796
SYNONYMER_SE_HAMTAD sjösätta HTTP 200 258203
WIKTIONARY_HAMTAD sjösätta HTTP 200 1741
UPPSLAGSORD sjösätta traffar=saol,so,saob
SVENSKA_SE_HAMTAD skampåle HTTP 200 5818
SYNONYMER_SE_HAMTAD skampåle HTTP 200 257124
WIKTIONARY_HAMTAD skampåle HTTP 200 1465
UPPSLAGSORD skampåle traffar=saol,so,saob
SVENSKA_SE_HAMTAD skarsnö HTTP 200 5437
SYNONYMER_SE_HAMTAD skarsnö HTTP 200 237398
WIKTIONARY_HAMTAD skarsnö HTTP 200 225
UPPSLAGSORD skarsnö traffar=saol,saob
FRAS_UTAN_UPPSLAGSORD skatta sig lycklig -- svenska.se-traffarna galler bestandsdelarna, inte frasen. Kastas.
SVENSKA_SE_HAMTAD skatta sig lycklig HTTP 200 17711
SYNONYMER_SE_HAMTAD skatta sig lycklig HTTP 200 204416
WIKTIONARY_HAMTAD skatta sig lycklig HTTP 200 398
UPPSLAGSORD skatta sig lycklig traffar=INGEN
SVENSKA_SE_HAMTAD skavank HTTP 200 7344
SYNONYMER_SE_HAMTAD skavank HTTP 200 277006
WIKTIONARY_HAMTAD skavank HTTP 200 1430
UPPSLAGSORD skavank traffar=saol,so,saob
SVENSKA_SE_HAMTAD skena HTTP 200 15237
SYNONYMER_SE_HAMTAD skena HTTP 200 309863
WIKTIONARY_HAMTAD skena HTTP 200 1942
UPPSLAGSORD skena traffar=saol,so,saob
SVENSKA_SE_HAMTAD skildra HTTP 200 14361
SYNONYMER_SE_HAMTAD skildra HTTP 200 272391
WIKTIONARY_HAMTAD skildra HTTP 200 842
UPPSLAGSORD skildra traffar=saol,so,saob
SVENSKA_SE_HAMTAD skiljedomare HTTP 200 12038
SYNONYMER_SE_HAMTAD skiljedomare HTTP 200 248176
WIKTIONARY_HAMTAD skiljedomare HTTP 200 398
UPPSLAGSORD skiljedomare traffar=saol,saob
SVENSKA_SE_HAMTAD skimmel HTTP 200 6496
SYNONYMER_SE_HAMTAD skimmel HTTP 200 257582
WIKTIONARY_HAMTAD skimmel HTTP 429 0
UPPSLAGSORD skimmel traffar=saol,so,saob
SVENSKA_SE_HAMTAD skimning HTTP 200 14422
SYNONYMER_SE_HAMTAD skimning HTTP 200 250373
SYNONYMER_SE_ENDAST_ANVANDARBIDRAG skimning
WIKTIONARY_HAMTAD skimning HTTP 429 0
UPPSLAGSORD skimning traffar=saol
FRAS_UTAN_UPPSLAGSORD skingras som agnar för vinden -- svenska.se-traffarna galler bestandsdelarna, inte frasen. Kastas.
SVENSKA_SE_HAMTAD skingras som agnar för vinden HTTP 200 17783
SYNONYMER_SE_HAMTAD skingras som agnar för vinden HTTP 200 224994
WIKTIONARY_HAMTAD skingras som agnar för vinden HTTP 200 398
UPPSLAGSORD skingras som agnar för vinden traffar=INGEN
SVENSKA_SE_HAMTAD skinntorr HTTP 200 5279
SYNONYMER_SE_HAMTAD skinntorr HTTP 200 241247
WIKTIONARY_HAMTAD skinntorr HTTP 200 398
UPPSLAGSORD skinntorr traffar=saol,so,saob
FRAS_UTAN_UPPSLAGSORD skipa rätt(visa) -- svenska.se-traffarna galler bestandsdelarna, inte frasen. Kastas.
SVENSKA_SE_HAMTAD skipa rätt(visa) HTTP 200 17621
SYNONYMER_SE_HAMTAD skipa rätt(visa) HTTP 200 204273
WIKTIONARY_HAMTAD skipa rätt(visa) HTTP 200 398
UPPSLAGSORD skipa rätt(visa) traffar=INGEN
FRAS_UTAN_UPPSLAGSORD skjuta i sank -- svenska.se-traffarna galler bestandsdelarna, inte frasen. Kastas.
SVENSKA_SE_HAMTAD skjuta i sank HTTP 200 20075
SYNONYMER_SE_HAMTAD skjuta i sank HTTP 200 220241
WIKTIONARY_HAMTAD skjuta i sank HTTP 200 398
UPPSLAGSORD skjuta i sank traffar=INGEN
FRAS_UTAN_UPPSLAGSORD skjuta mygg med kanoner -- svenska.se-traffarna galler bestandsdelarna, inte frasen. Kastas.
SVENSKA_SE_HAMTAD skjuta mygg med kanoner HTTP 200 17726
SYNONYMER_SE_HAMTAD skjuta mygg med kanoner HTTP 200 204798
WIKTIONARY_HAMTAD skjuta mygg med kanoner HTTP 200 398
UPPSLAGSORD skjuta mygg med kanoner traffar=INGEN
SVENSKA_SE_HAMTAD skoffa HTTP 200 15968
SYNONYMER_SE_HAMTAD skoffa HTTP 200 229486
WIKTIONARY_HAMTAD skoffa HTTP 200 398
UPPSLAGSORD skoffa traffar=saol,saob
SVENSKA_SE_HAMTAD skolexempel HTTP 200 6614
SYNONYMER_SE_HAMTAD skolexempel HTTP 200 248485
WIKTIONARY_HAMTAD skolexempel HTTP 200 398
UPPSLAGSORD skolexempel traffar=saol,so,saob
SVENSKA_SE_HAMTAD skolios HTTP 200 5531
SYNONYMER_SE_HAMTAD skolios HTTP 200 242912
WIKTIONARY_HAMTAD skolios HTTP 200 398
UPPSLAGSORD skolios traffar=saol,so,saob
SVENSKA_SE_HAMTAD skrabbig HTTP 200 5524
SYNONYMER_SE_HAMTAD skrabbig HTTP 200 247667
WIKTIONARY_HAMTAD skrabbig HTTP 200 398
UPPSLAGSORD skrabbig traffar=saol,so,saob
SVENSKA_SE_HAMTAD skrattsalva HTTP 200 6592
SYNONYMER_SE_HAMTAD skrattsalva HTTP 200 248678
WIKTIONARY_HAMTAD skrattsalva HTTP 200 1077
UPPSLAGSORD skrattsalva traffar=saol,so,saob
SVENSKA_SE_HAMTAD skrinda HTTP 200 7001
SYNONYMER_SE_HAMTAD skrinda HTTP 200 265140
WIKTIONARY_HAMTAD skrinda HTTP 429 0
UPPSLAGSORD skrinda traffar=saol,so,saob
FRAS_UTAN_UPPSLAGSORD skriva någon på näsan -- svenska.se-traffarna galler bestandsdelarna, inte frasen. Kastas.
SVENSKA_SE_HAMTAD skriva någon på näsan HTTP 200 2649
SYNONYMER_SE_HAMTAD skriva någon på näsan HTTP 200 204994
WIKTIONARY_HAMTAD skriva någon på näsan HTTP 429 0
UPPSLAGSORD skriva någon på näsan traffar=INGEN
SVENSKA_SE_HAMTAD skrupler HTTP 200 12221
SYNONYMER_SE_HAMTAD skrupler HTTP 200 247086
WIKTIONARY_HAMTAD skrupler HTTP 200 162
UPPSLAGSORD skrupler traffar=saol
SVENSKA_SE_HAMTAD skräna HTTP 200 7747
SYNONYMER_SE_HAMTAD skräna HTTP 200 293069
WIKTIONARY_HAMTAD skräna HTTP 200 1000
UPPSLAGSORD skräna traffar=saol,so,saob
FRAS_UTAN_UPPSLAGSORD skudda stoftet av sina fötter -- svenska.se-traffarna galler bestandsdelarna, inte frasen. Kastas.
SVENSKA_SE_HAMTAD skudda stoftet av sina fötter HTTP 200 17764
SYNONYMER_SE_HAMTAD skudda stoftet av sina fötter HTTP 200 218467
WIKTIONARY_HAMTAD skudda stoftet av sina fötter HTTP 200 398
UPPSLAGSORD skudda stoftet av sina fötter traffar=INGEN
SVENSKA_SE_HAMTAD skurril HTTP 200 5244
SYNONYMER_SE_HAMTAD skurril HTTP 200 232476
WIKTIONARY_HAMTAD skurril HTTP 200 2176
UPPSLAGSORD skurril traffar=saol,so,saob
SVENSKA_SE_HAMTAD skvattram HTTP 200 5350
SYNONYMER_SE_HAMTAD skvattram HTTP 200 249882
WIKTIONARY_HAMTAD skvattram HTTP 200 1977
UPPSLAGSORD skvattram traffar=saol,so,saob
SVENSKA_SE_HAMTAD skyldra HTTP 200 8589
SYNONYMER_SE_HAMTAD skyldra HTTP 200 267631
WIKTIONARY_HAMTAD skyldra HTTP 200 398
UPPSLAGSORD skyldra traffar=saol,so,saob
SVENSKA_SE_HAMTAD skäckig HTTP 200 5612
SYNONYMER_SE_HAMTAD skäckig HTTP 200 232044
WIKTIONARY_HAMTAD skäckig HTTP 200 398
UPPSLAGSORD skäckig traffar=saol,so,saob
SVENSKA_SE_HAMTAD skäkta HTTP 200 19823
SYNONYMER_SE_HAMTAD skäkta HTTP 200 293120
WIKTIONARY_HAMTAD skäkta HTTP 200 3047
UPPSLAGSORD skäkta traffar=saol,so,saob
SVENSKA_SE_HAMTAD skäktning HTTP 200 7722
SYNONYMER_SE_HAMTAD skäktning HTTP 200 246678
WIKTIONARY_HAMTAD skäktning HTTP 200 802
UPPSLAGSORD skäktning traffar=saol,so,saob
SVENSKA_SE_HAMTAD skälm HTTP 200 7023
SYNONYMER_SE_HAMTAD skälm HTTP 200 279492
WIKTIONARY_HAMTAD skälm HTTP 200 844
UPPSLAGSORD skälm traffar=saol,so,saob
FRAS_UTAN_UPPSLAGSORD skära guld med täljkniv -- svenska.se-traffarna galler bestandsdelarna, inte frasen. Kastas.
SVENSKA_SE_HAMTAD skära guld med täljkniv HTTP 200 17736
SYNONYMER_SE_HAMTAD skära guld med täljkniv HTTP 200 204782
WIKTIONARY_HAMTAD skära guld med täljkniv HTTP 429 0
UPPSLAGSORD skära guld med täljkniv traffar=INGEN
SVENSKA_SE_HAMTAD skärmytsling HTTP 200 6696
SYNONYMER_SE_HAMTAD skärmytsling HTTP 200 247262
WIKTIONARY_HAMTAD skärmytsling HTTP 429 0
UPPSLAGSORD skärmytsling traffar=saol,so,saob
SVENSKA_SE_HAMTAD skönjbar HTTP 200 5099
SYNONYMER_SE_HAMTAD skönjbar HTTP 200 245962
WIKTIONARY_HAMTAD skönjbar HTTP 200 2025
UPPSLAGSORD skönjbar traffar=saol,so,saob
SVENSKA_SE_HAMTAD sköra HTTP 200 23045
SYNONYMER_SE_HAMTAD sköra HTTP 200 263245
WIKTIONARY_HAMTAD sköra HTTP 200 163
UPPSLAGSORD sköra traffar=saol,so,saob
SVENSKA_SE_HAMTAD slabbig HTTP 200 7078
SYNONYMER_SE_HAMTAD slabbig HTTP 200 240459
WIKTIONARY_HAMTAD slabbig HTTP 200 398
UPPSLAGSORD slabbig traffar=saol,so,saob
SVENSKA_SE_HAMTAD sladdbarn HTTP 200 6000
SYNONYMER_SE_HAMTAD sladdbarn HTTP 200 249883
WIKTIONARY_HAMTAD sladdbarn HTTP 200 889
UPPSLAGSORD sladdbarn traffar=saol,so,saob
FRAS_UTAN_UPPSLAGSORD slag i luften -- svenska.se-traffarna galler bestandsdelarna, inte frasen. Kastas.
SVENSKA_SE_HAMTAD slag i luften HTTP 200 19439
SYNONYMER_SE_HAMTAD slag i luften HTTP 200 224409
WIKTIONARY_HAMTAD slag i luften HTTP 200 398
UPPSLAGSORD slag i luften traffar=INGEN
SVENSKA_SE_HAMTAD slagdänga HTTP 200 7318
SYNONYMER_SE_HAMTAD slagdänga HTTP 200 259053
WIKTIONARY_HAMTAD slagdänga HTTP 200 398
UPPSLAGSORD slagdänga traffar=saol,so,saob
SVENSKA_SE_HAMTAD slagruta HTTP 200 7190
SYNONYMER_SE_HAMTAD slagruta HTTP 200 250787
WIKTIONARY_HAMTAD slagruta HTTP 200 891
UPPSLAGSORD slagruta traffar=saol,so,saob
SVENSKA_SE_HAMTAD slamma HTTP 200 11714
SYNONYMER_SE_HAMTAD slamma HTTP 200 262459
WIKTIONARY_HAMTAD slamma HTTP 200 398
UPPSLAGSORD slamma traffar=saol,so,saob
SVENSKA_SE_HAMTAD slana HTTP 200 6849
SYNONYMER_SE_HAMTAD slana HTTP 200 257398
WIKTIONARY_HAMTAD slana HTTP 200 593
UPPSLAGSORD slana traffar=saol,so,saob
SVENSKA_SE_HAMTAD slatt HTTP 200 6571
SYNONYMER_SE_HAMTAD slatt HTTP 200 249674
WIKTIONARY_HAMTAD slatt HTTP 200 398
UPPSLAGSORD slatt traffar=saol,so,saob
SVENSKA_SE_HAMTAD slejf HTTP 200 6766
SYNONYMER_SE_HAMTAD slejf HTTP 200 260369
WIKTIONARY_HAMTAD slejf HTTP 429 0
UPPSLAGSORD slejf traffar=saol,so,saob
SVENSKA_SE_HAMTAD slibbig HTTP 200 6491
SYNONYMER_SE_HAMTAD slibbig HTTP 200 232068
WIKTIONARY_HAMTAD slibbig HTTP 429 0
UPPSLAGSORD slibbig traffar=saol,so,saob
SVENSKA_SE_HAMTAD slingerbult HTTP 200 6203
SYNONYMER_SE_HAMTAD slingerbult HTTP 200 255041
WIKTIONARY_HAMTAD slingerbult HTTP 200 398
UPPSLAGSORD slingerbult traffar=saol,so,saob
SVENSKA_SE_HAMTAD slokörad HTTP 200 4669
SYNONYMER_SE_HAMTAD slokörad HTTP 200 254426
WIKTIONARY_HAMTAD slokörad HTTP 200 398
UPPSLAGSORD slokörad traffar=saol,so,saob
SVENSKA_SE_HAMTAD sly HTTP 200 7195
SYNONYMER_SE_HAMTAD sly HTTP 200 256444
WIKTIONARY_HAMTAD sly HTTP 200 2107
UPPSLAGSORD sly traffar=saol,so,saob
FRAS_UTAN_UPPSLAGSORD slänga pärlor för svin -- svenska.se-traffarna galler bestandsdelarna, inte frasen. Kastas.
SVENSKA_SE_HAMTAD slänga pärlor för svin HTTP 200 17720
SYNONYMER_SE_HAMTAD slänga pärlor för svin HTTP 200 188137
WIKTIONARY_HAMTAD slänga pärlor för svin HTTP 200 398
UPPSLAGSORD slänga pärlor för svin traffar=INGEN
FRAS_UTAN_UPPSLAGSORD slå blå dunster (i ögonen på) -- svenska.se-traffarna galler bestandsdelarna, inte frasen. Kastas.
SVENSKA_SE_HAMTAD slå blå dunster (i ögonen på) HTTP 200 7914
SYNONYMER_SE_HAMTAD slå blå dunster (i ögonen på) HTTP 200 204976
WIKTIONARY_HAMTAD slå blå dunster (i ögonen på) HTTP 200 398
UPPSLAGSORD slå blå dunster (i ögonen på) traffar=INGEN
FRAS_UTAN_UPPSLAGSORD slå en parabel -- svenska.se-traffarna galler bestandsdelarna, inte frasen. Kastas.
SVENSKA_SE_HAMTAD slå en parabel HTTP 200 17651
SYNONYMER_SE_HAMTAD slå en parabel HTTP 200 210136
WIKTIONARY_HAMTAD slå en parabel HTTP 200 398
UPPSLAGSORD slå en parabel traffar=INGEN
FRAS_UTAN_UPPSLAGSORD slå knut på sig själv -- svenska.se-traffarna galler bestandsdelarna, inte frasen. Kastas.
SVENSKA_SE_HAMTAD slå knut på sig själv HTTP 200 17716
SYNONYMER_SE_HAMTAD slå knut på sig själv HTTP 200 188104
WIKTIONARY_HAMTAD slå knut på sig själv HTTP 200 398
UPPSLAGSORD slå knut på sig själv traffar=INGEN
FRAS_UTAN_UPPSLAGSORD slå mynt av -- svenska.se-traffarna galler bestandsdelarna, inte frasen. Kastas.
SVENSKA_SE_HAMTAD slå mynt av HTTP 200 19346
SYNONYMER_SE_HAMTAD slå mynt av HTTP 200 231066
WIKTIONARY_HAMTAD slå mynt av HTTP 200 398
UPPSLAGSORD slå mynt av traffar=INGEN
FRAS_UTAN_UPPSLAGSORD slå på (stora) trumman (för ngn/ngt) -- svenska.se-traffarna galler bestandsdelarna, inte frasen. Kastas.
SVENSKA_SE_HAMTAD slå på (stora) trumman (för ngn/ngt) HTTP 200 2998
SYNONYMER_SE_HAMTAD slå på (stora) trumman (för ngn/ngt) HTTP 404 0
WIKTIONARY_HAMTAD slå på (stora) trumman (för ngn/ngt) HTTP 200 398
UPPSLAGSORD slå på (stora) trumman (för ngn/ngt) traffar=INGEN
FRAS_UTAN_UPPSLAGSORD slå sig i slang med -- svenska.se-traffarna galler bestandsdelarna, inte frasen. Kastas.
SVENSKA_SE_HAMTAD slå sig i slang med HTTP 200 17701
SYNONYMER_SE_HAMTAD slå sig i slang med HTTP 200 210456
WIKTIONARY_HAMTAD slå sig i slang med HTTP 200 398
UPPSLAGSORD slå sig i slang med traffar=INGEN
FRAS_UTAN_UPPSLAGSORD slå sina lovar kring -- svenska.se-traffarna galler bestandsdelarna, inte frasen. Kastas.
SVENSKA_SE_HAMTAD slå sina lovar kring HTTP 200 17649
SYNONYMER_SE_HAMTAD slå sina lovar kring HTTP 200 211254
WIKTIONARY_HAMTAD slå sina lovar kring HTTP 429 0
UPPSLAGSORD slå sina lovar kring traffar=INGEN
FRAS_UTAN_UPPSLAGSORD slå slint -- svenska.se-traffarna galler bestandsdelarna, inte frasen. Kastas.
SVENSKA_SE_HAMTAD slå slint HTTP 200 19347
SYNONYMER_SE_HAMTAD slå slint HTTP 200 223487
WIKTIONARY_HAMTAD slå slint HTTP 429 0
UPPSLAGSORD slå slint traffar=INGEN
FRAS_UTAN_UPPSLAGSORD slåss mot väderkvarnar -- svenska.se-traffarna galler bestandsdelarna, inte frasen. Kastas.
SVENSKA_SE_HAMTAD slåss mot väderkvarnar HTTP 200 2288
SYNONYMER_SE_HAMTAD slåss mot väderkvarnar HTTP 200 204095
WIKTIONARY_HAMTAD slåss mot väderkvarnar HTTP 200 398
UPPSLAGSORD slåss mot väderkvarnar traffar=INGEN
SVENSKA_SE_HAMTAD smäda HTTP 200 9930
SYNONYMER_SE_HAMTAD smäda HTTP 200 293534
WIKTIONARY_HAMTAD smäda HTTP 200 1503
UPPSLAGSORD smäda traffar=saol,so,saob
SVENSKA_SE_HAMTAD smäkta HTTP 200 7560
SYNONYMER_SE_HAMTAD smäkta HTTP 200 203833
WIKTIONARY_HAMTAD smäkta HTTP 200 621
UPPSLAGSORD smäkta traffar=saol,so,saob
SVENSKA_SE_HAMTAD småsinnad HTTP 200 11094
SYNONYMER_SE_HAMTAD småsinnad HTTP 200 217034
WIKTIONARY_HAMTAD småsinnad HTTP 200 592
UPPSLAGSORD småsinnad traffar=saol,saob
SVENSKA_SE_HAMTAD småskola HTTP 200 7285
SYNONYMER_SE_HAMTAD småskola HTTP 200 253682
WIKTIONARY_HAMTAD småskola HTTP 200 702
UPPSLAGSORD småskola traffar=saol,so,saob
SVENSKA_SE_HAMTAD småskrake HTTP 200 6701
SYNONYMER_SE_HAMTAD småskrake HTTP 200 249572
WIKTIONARY_HAMTAD småskrake HTTP 200 858
UPPSLAGSORD småskrake traffar=saol,saob
SVENSKA_SE_HAMTAD småskuren HTTP 200 4977
SYNONYMER_SE_HAMTAD småskuren HTTP 200 240109
WIKTIONARY_HAMTAD småskuren HTTP 200 455
UPPSLAGSORD småskuren traffar=saol,so,saob
SVENSKA_SE_HAMTAD smörkärna HTTP 200 10281
SYNONYMER_SE_HAMTAD smörkärna HTTP 200 248159
WIKTIONARY_HAMTAD smörkärna HTTP 200 524
UPPSLAGSORD smörkärna traffar=saol,saob
SVENSKA_SE_HAMTAD snacksalig HTTP 200 7240
SYNONYMER_SE_HAMTAD snacksalig HTTP 200 248910
WIKTIONARY_HAMTAD snacksalig HTTP 200 398
UPPSLAGSORD snacksalig traffar=saol,so,saob
FRAS_UTAN_UPPSLAGSORD snappa (upp/åt) -- svenska.se-traffarna galler bestandsdelarna, inte frasen. Kastas.
SVENSKA_SE_HAMTAD snappa (upp/åt) HTTP 200 18364
SYNONYMER_SE_HAMTAD snappa (upp/åt) HTTP 404 0
WIKTIONARY_HAMTAD snappa (upp/åt) HTTP 200 398
UPPSLAGSORD snappa (upp/åt) traffar=INGEN
SVENSKA_SE_HAMTAD snarligen HTTP 200 4643
SYNONYMER_SE_HAMTAD snarligen HTTP 200 247082
WIKTIONARY_HAMTAD snarligen HTTP 429 0
UPPSLAGSORD snarligen traffar=saol,so,saob
SVENSKA_SE_HAMTAD snaskig HTTP 200 6832
SYNONYMER_SE_HAMTAD snaskig HTTP 200 253404
WIKTIONARY_HAMTAD snaskig HTTP 429 0
UPPSLAGSORD snaskig traffar=saol,so,saob
SVENSKA_SE_HAMTAD snittyta HTTP 200 10837
SYNONYMER_SE_HAMTAD snittyta HTTP 200 248923
WIKTIONARY_HAMTAD snittyta HTTP 200 398
UPPSLAGSORD snittyta traffar=saol,saob
SVENSKA_SE_HAMTAD snuggig HTTP 200 20918
SYNONYMER_SE_HAMTAD snuggig HTTP 200 204127
WIKTIONARY_HAMTAD snuggig HTTP 200 398
UPPSLAGSORD snuggig traffar=INGEN
SVENSKA_SE_HAMTAD snusmumrik HTTP 200 5835
SYNONYMER_SE_HAMTAD snusmumrik HTTP 200 232912
WIKTIONARY_HAMTAD snusmumrik HTTP 200 398
UPPSLAGSORD snusmumrik traffar=saol,so,saob
SVENSKA_SE_HAMTAD snuthäck HTTP 200 11300
SYNONYMER_SE_HAMTAD snuthäck HTTP 200 233044
WIKTIONARY_HAMTAD snuthäck HTTP 200 398
UPPSLAGSORD snuthäck traffar=so,saob
SVENSKA_SE_HAMTAD snärjig HTTP 200 6838
SYNONYMER_SE_HAMTAD snärjig HTTP 200 239798
WIKTIONARY_HAMTAD snärjig HTTP 200 255
UPPSLAGSORD snärjig traffar=saol,so,saob
FRAS_UTAN_UPPSLAGSORD snöa in på -- svenska.se-traffarna galler bestandsdelarna, inte frasen. Kastas.
SVENSKA_SE_HAMTAD snöa in på HTTP 200 20033
SYNONYMER_SE_HAMTAD snöa in på HTTP 200 187670
WIKTIONARY_HAMTAD snöa in på HTTP 200 398
UPPSLAGSORD snöa in på traffar=INGEN
SVENSKA_SE_HAMTAD snöby HTTP 200 6225
SYNONYMER_SE_HAMTAD snöby HTTP 200 245949
WIKTIONARY_HAMTAD snöby HTTP 200 506
UPPSLAGSORD snöby traffar=saol,so,saob
SVENSKA_SE_HAMTAD snörliv HTTP 200 6579
SYNONYMER_SE_HAMTAD snörliv HTTP 200 256098
WIKTIONARY_HAMTAD snörliv HTTP 200 398
UPPSLAGSORD snörliv traffar=saol,so,saob
SVENSKA_SE_HAMTAD snörpig HTTP 200 7125
SYNONYMER_SE_HAMTAD snörpig HTTP 200 252477
WIKTIONARY_HAMTAD snörpig HTTP 200 398
UPPSLAGSORD snörpig traffar=saol,so,saob
SVENSKA_SE_HAMTAD sobriquet HTTP 200 123882
SYNONYMER_SE_HAMTAD sobriquet HTTP 200 210390
WIKTIONARY_HAMTAD sobriquet HTTP 200 166
UPPSLAGSORD sobriquet traffar=INGEN
SVENSKA_SE_HAMTAD socialisera HTTP 200 9904
SYNONYMER_SE_HAMTAD socialisera HTTP 200 276004
WIKTIONARY_HAMTAD socialisera HTTP 429 0
UPPSLAGSORD socialisera traffar=saol,so,saob
SVENSKA_SE_HAMTAD socionom HTTP 200 6606
SYNONYMER_SE_HAMTAD socionom HTTP 200 249962
WIKTIONARY_HAMTAD socionom HTTP 200 486
UPPSLAGSORD socionom traffar=saol,so,saob
SVENSKA_SE_HAMTAD socken HTTP 200 8313
SYNONYMER_SE_HAMTAD socken HTTP 200 278384
WIKTIONARY_HAMTAD socken HTTP 200 2029
UPPSLAGSORD socken traffar=saol,so,saob
SVENSKA_SE_HAMTAD sofflock HTTP 200 5933
SYNONYMER_SE_HAMTAD sofflock HTTP 200 257931
WIKTIONARY_HAMTAD sofflock HTTP 200 398
UPPSLAGSORD sofflock traffar=saol,so,saob
SVENSKA_SE_HAMTAD solidarisk HTTP 200 7558
SYNONYMER_SE_HAMTAD solidarisk HTTP 200 260103
WIKTIONARY_HAMTAD solidarisk HTTP 200 1014
UPPSLAGSORD solidarisk traffar=saol,so,saob
SVENSKA_SE_HAMTAD solk HTTP 200 6839
SYNONYMER_SE_HAMTAD solk HTTP 200 244211
WIKTIONARY_HAMTAD solk HTTP 200 400
UPPSLAGSORD solk traffar=saol,so,saob
FRAS_UTAN_UPPSLAGSORD som att hälla vatten på en gås -- svenska.se-traffarna galler bestandsdelarna, inte frasen. Kastas.
SVENSKA_SE_HAMTAD som att hälla vatten på en gås HTTP 200 15304
SYNONYMER_SE_HAMTAD som att hälla vatten på en gås HTTP 200 188610
WIKTIONARY_HAMTAD som att hälla vatten på en gås HTTP 200 398
UPPSLAGSORD som att hälla vatten på en gås traffar=INGEN
FRAS_UTAN_UPPSLAGSORD som en hönsgård -- svenska.se-traffarna galler bestandsdelarna, inte frasen. Kastas.
SVENSKA_SE_HAMTAD som en hönsgård HTTP 200 17693
SYNONYMER_SE_HAMTAD som en hönsgård HTTP 200 204770
WIKTIONARY_HAMTAD som en hönsgård HTTP 200 398
UPPSLAGSORD som en hönsgård traffar=INGEN
FRAS_UTAN_UPPSLAGSORD som en löpeld -- svenska.se-traffarna galler bestandsdelarna, inte frasen. Kastas.
SVENSKA_SE_HAMTAD som en löpeld HTTP 200 17669
SYNONYMER_SE_HAMTAD som en löpeld HTTP 200 204798
WIKTIONARY_HAMTAD som en löpeld HTTP 200 398
UPPSLAGSORD som en löpeld traffar=INGEN
FRAS_UTAN_UPPSLAGSORD som en osalig ande -- svenska.se-traffarna galler bestandsdelarna, inte frasen. Kastas.
SVENSKA_SE_HAMTAD som en osalig ande HTTP 200 17741
SYNONYMER_SE_HAMTAD som en osalig ande HTTP 200 188194
WIKTIONARY_HAMTAD som en osalig ande HTTP 200 398
UPPSLAGSORD som en osalig ande traffar=INGEN
FRAS_UTAN_UPPSLAGSORD som en skottspole -- svenska.se-traffarna galler bestandsdelarna, inte frasen. Kastas.
SVENSKA_SE_HAMTAD som en skottspole HTTP 200 17713
SYNONYMER_SE_HAMTAD som en skottspole HTTP 200 231328
WIKTIONARY_HAMTAD som en skottspole HTTP 200 398
UPPSLAGSORD som en skottspole traffar=INGEN
FRAS_UTAN_UPPSLAGSORD som en åsna mellan två hötappar -- svenska.se-traffarna galler bestandsdelarna, inte frasen. Kastas.
SVENSKA_SE_HAMTAD som en åsna mellan två hötappar HTTP 200 2982
SYNONYMER_SE_HAMTAD som en åsna mellan två hötappar HTTP 200 205419
WIKTIONARY_HAMTAD som en åsna mellan två hötappar HTTP 429 0
UPPSLAGSORD som en åsna mellan två hötappar traffar=INGEN
FRAS_UTAN_UPPSLAGSORD som ett torrt skinn -- svenska.se-traffarna galler bestandsdelarna, inte frasen. Kastas.
SVENSKA_SE_HAMTAD som ett torrt skinn HTTP 200 17712
SYNONYMER_SE_HAMTAD som ett torrt skinn HTTP 200 188054
WIKTIONARY_HAMTAD som ett torrt skinn HTTP 429 0
UPPSLAGSORD som ett torrt skinn traffar=INGEN
FRAS_UTAN_UPPSLAGSORD som fan läser bibeln -- svenska.se-traffarna galler bestandsdelarna, inte frasen. Kastas.
SVENSKA_SE_HAMTAD som fan läser bibeln HTTP 200 17640
SYNONYMER_SE_HAMTAD som fan läser bibeln HTTP 200 204544
WIKTIONARY_HAMTAD som fan läser bibeln HTTP 200 1412
UPPSLAGSORD som fan läser bibeln traffar=INGEN
FRAS_UTAN_UPPSLAGSORD som hastigast -- svenska.se-traffarna galler bestandsdelarna, inte frasen. Kastas.
SVENSKA_SE_HAMTAD som hastigast HTTP 200 18378
SYNONYMER_SE_HAMTAD som hastigast HTTP 200 230053
WIKTIONARY_HAMTAD som hastigast HTTP 200 398
UPPSLAGSORD som hastigast traffar=INGEN
FRAS_UTAN_UPPSLAGSORD som ler och långhalm -- svenska.se-traffarna galler bestandsdelarna, inte frasen. Kastas.
SVENSKA_SE_HAMTAD som ler och långhalm HTTP 200 17695
SYNONYMER_SE_HAMTAD som ler och långhalm HTTP 200 204493
WIKTIONARY_HAMTAD som ler och långhalm HTTP 200 398
UPPSLAGSORD som ler och långhalm traffar=INGEN
SVENSKA_SE_HAMTAD sonat HTTP 200 12706
SYNONYMER_SE_HAMTAD sonat HTTP 200 258351
WIKTIONARY_HAMTAD sonat HTTP 200 410
UPPSLAGSORD sonat traffar=saol,so,saob
SVENSKA_SE_HAMTAD sond HTTP 200 8473
SYNONYMER_SE_HAMTAD sond HTTP 200 270844
WIKTIONARY_HAMTAD sond HTTP 200 1360
UPPSLAGSORD sond traffar=saol,so,saob
FRAS_UTAN_UPPSLAGSORD sopa rent framför sin dörr -- svenska.se-traffarna galler bestandsdelarna, inte frasen. Kastas.
SVENSKA_SE_HAMTAD sopa rent framför sin dörr HTTP 200 17755
SYNONYMER_SE_HAMTAD sopa rent framför sin dörr HTTP 200 187701
WIKTIONARY_HAMTAD sopa rent framför sin dörr HTTP 200 398
UPPSLAGSORD sopa rent framför sin dörr traffar=INGEN
FRAS_UTAN_UPPSLAGSORD sova räv -- svenska.se-traffarna galler bestandsdelarna, inte frasen. Kastas.
SVENSKA_SE_HAMTAD sova räv HTTP 200 20370
SYNONYMER_SE_HAMTAD sova räv HTTP 200 187371
WIKTIONARY_HAMTAD sova räv HTTP 200 398
UPPSLAGSORD sova räv traffar=INGEN
SVENSKA_SE_HAMTAD spaljé HTTP 200 6219
SYNONYMER_SE_HAMTAD spaljé HTTP 200 269655
WIKTIONARY_HAMTAD spaljé HTTP 200 2360
UPPSLAGSORD spaljé traffar=saol,so,saob
SVENSKA_SE_HAMTAD sparra HTTP 200 12442
SYNONYMER_SE_HAMTAD sparra HTTP 200 255315
WIKTIONARY_HAMTAD sparra HTTP 200 398
UPPSLAGSORD sparra traffar=saol,so,saob
FRAS_UTAN_UPPSLAGSORD sparv i tranedansen -- svenska.se-traffarna galler bestandsdelarna, inte frasen. Kastas.
SVENSKA_SE_HAMTAD sparv i tranedansen HTTP 200 17718
SYNONYMER_SE_HAMTAD sparv i tranedansen HTTP 200 187633
WIKTIONARY_HAMTAD sparv i tranedansen HTTP 200 398
UPPSLAGSORD sparv i tranedansen traffar=INGEN
SVENSKA_SE_HAMTAD spatel HTTP 200 6830
SYNONYMER_SE_HAMTAD spatel HTTP 200 265370
WIKTIONARY_HAMTAD spatel HTTP 429 0
UPPSLAGSORD spatel traffar=saol,so,saob
SVENSKA_SE_HAMTAD spatial HTTP 200 5333
SYNONYMER_SE_HAMTAD spatial HTTP 200 242800
SYNONYMER_SE_ENDAST_ANVANDARBIDRAG spatial
WIKTIONARY_HAMTAD spatial HTTP 429 0
UPPSLAGSORD spatial traffar=saol,so,saob
SVENSKA_SE_HAMTAD spattig HTTP 200 7190
SYNONYMER_SE_HAMTAD spattig HTTP 200 249421
WIKTIONARY_HAMTAD spattig HTTP 200 398
UPPSLAGSORD spattig traffar=saol,so,saob
SVENSKA_SE_HAMTAD spe HTTP 200 14728
SYNONYMER_SE_HAMTAD spe HTTP 200 264838
WIKTIONARY_HAMTAD spe HTTP 200 852
UPPSLAGSORD spe traffar=saol,so,saob
SVENSKA_SE_HAMTAD spediera HTTP 200 12585
SYNONYMER_SE_HAMTAD spediera HTTP 200 238306
WIKTIONARY_HAMTAD spediera HTTP 200 398
UPPSLAGSORD spediera traffar=saol,saob
FRAS_UTAN_UPPSLAGSORD spel för galleriet -- svenska.se-traffarna galler bestandsdelarna, inte frasen. Kastas.
SVENSKA_SE_HAMTAD spel för galleriet HTTP 200 17712
SYNONYMER_SE_HAMTAD spel för galleriet HTTP 200 204526
WIKTIONARY_HAMTAD spel för galleriet HTTP 200 398
UPPSLAGSORD spel för galleriet traffar=INGEN
SVENSKA_SE_HAMTAD speleologi HTTP 200 4720
SYNONYMER_SE_HAMTAD speleologi HTTP 200 238673
WIKTIONARY_HAMTAD speleologi HTTP 200 551
UPPSLAGSORD speleologi traffar=saol,so,saob
SVENSKA_SE_HAMTAD spina HTTP 200 19157
SYNONYMER_SE_HAMTAD spina HTTP 200 214894
WIKTIONARY_HAMTAD spina HTTP 200 400
UPPSLAGSORD spina traffar=saob
SVENSKA_SE_HAMTAD spinal HTTP 200 5801
SYNONYMER_SE_HAMTAD spinal HTTP 200 244093
WIKTIONARY_HAMTAD spinal HTTP 200 260
UPPSLAGSORD spinal traffar=saol,so,saob
SVENSKA_SE_HAMTAD spirea HTTP 200 6603
SYNONYMER_SE_HAMTAD spirea HTTP 200 248661
WIKTIONARY_HAMTAD spirea HTTP 200 398
UPPSLAGSORD spirea traffar=saol,so,saob
SVENSKA_SE_HAMTAD spjäll HTTP 200 7862
SYNONYMER_SE_HAMTAD spjäll HTTP 200 264223
WIKTIONARY_HAMTAD spjäll HTTP 200 1432
UPPSLAGSORD spjäll traffar=saol,so,saob
SVENSKA_SE_HAMTAD splendid HTTP 200 18276
SYNONYMER_SE_HAMTAD splendid HTTP 200 214843
WIKTIONARY_HAMTAD splendid HTTP 200 914
UPPSLAGSORD splendid traffar=saob
SVENSKA_SE_HAMTAD spont HTTP 200 7913
SYNONYMER_SE_HAMTAD spont HTTP 200 248540
WIKTIONARY_HAMTAD spont HTTP 429 0
UPPSLAGSORD spont traffar=saol,so,saob
SVENSKA_SE_HAMTAD sponta HTTP 200 9283
SYNONYMER_SE_HAMTAD sponta HTTP 200 256149
WIKTIONARY_HAMTAD sponta HTTP 429 0
UPPSLAGSORD sponta traffar=saol,so,saob
SVENSKA_SE_HAMTAD spräcklig HTTP 200 5715
SYNONYMER_SE_HAMTAD spräcklig HTTP 200 257979
WIKTIONARY_HAMTAD spräcklig HTTP 200 398
UPPSLAGSORD spräcklig traffar=saol,so,saob
SVENSKA_SE_HAMTAD språkvård HTTP 200 5107
SYNONYMER_SE_HAMTAD språkvård HTTP 200 251012
WIKTIONARY_HAMTAD språkvård HTTP 200 398
UPPSLAGSORD språkvård traffar=saol,so,saob
SVENSKA_SE_HAMTAD spänta HTTP 200 8673
SYNONYMER_SE_HAMTAD spänta HTTP 200 269718
WIKTIONARY_HAMTAD spänta HTTP 200 398
UPPSLAGSORD spänta traffar=saol,so,saob
SVENSKA_SE_HAMTAD stabsläge HTTP 200 6325
SYNONYMER_SE_HAMTAD stabsläge HTTP 200 224665
SYNONYMER_SE_ENDAST_ANVANDARBIDRAG stabsläge
WIKTIONARY_HAMTAD stabsläge HTTP 200 236
UPPSLAGSORD stabsläge traffar=saol,so
SVENSKA_SE_HAMTAD stackato HTTP 200 9159
SYNONYMER_SE_HAMTAD stackato HTTP 200 264674
WIKTIONARY_HAMTAD stackato HTTP 200 398
UPPSLAGSORD stackato traffar=saol,so,saob
SVENSKA_SE_HAMTAD stackstod HTTP 200 18083
SYNONYMER_SE_HAMTAD stackstod HTTP 200 204754
WIKTIONARY_HAMTAD stackstod HTTP 200 398
UPPSLAGSORD stackstod traffar=saob
SVENSKA_SE_HAMTAD stadgad HTTP 200 9046
SYNONYMER_SE_HAMTAD stadgad HTTP 200 242479
WIKTIONARY_HAMTAD stadgad HTTP 200 177
UPPSLAGSORD stadgad traffar=saob
SVENSKA_SE_HAMTAD stass HTTP 200 8632
SYNONYMER_SE_HAMTAD stass HTTP 200 252573
WIKTIONARY_HAMTAD stass HTTP 200 498
UPPSLAGSORD stass traffar=saol,so,saob
SVENSKA_SE_HAMTAD stationär HTTP 200 6522
SYNONYMER_SE_HAMTAD stationär HTTP 200 250711
WIKTIONARY_HAMTAD stationär HTTP 200 622
UPPSLAGSORD stationär traffar=saol,so,saob
SVENSKA_SE_HAMTAD statisk HTTP 200 8549
SYNONYMER_SE_HAMTAD statisk HTTP 200 249015
WIKTIONARY_HAMTAD statisk HTTP 200 663
UPPSLAGSORD statisk traffar=saol,so,saob
SVENSKA_SE_HAMTAD statur HTTP 200 6547
SYNONYMER_SE_HAMTAD statur HTTP 200 239720
WIKTIONARY_HAMTAD statur HTTP 429 0
UPPSLAGSORD statur traffar=saol,so,saob
SVENSKA_SE_HAMTAD stenisk HTTP 200 19240
SYNONYMER_SE_HAMTAD stenisk HTTP 200 230910
WIKTIONARY_HAMTAD stenisk HTTP 429 0
UPPSLAGSORD stenisk traffar=saob
SVENSKA_SE_HAMTAD stenografi HTTP 200 5850
SYNONYMER_SE_HAMTAD stenografi HTTP 200 252686
WIKTIONARY_HAMTAD stenografi HTTP 200 786
UPPSLAGSORD stenografi traffar=saol,so,saob
SVENSKA_SE_HAMTAD stetoskop HTTP 200 5882
SYNONYMER_SE_HAMTAD stetoskop HTTP 200 250246
WIKTIONARY_HAMTAD stetoskop HTTP 200 792
UPPSLAGSORD stetoskop traffar=saol,so,saob
FRAS_UTAN_UPPSLAGSORD sticka av mot -- svenska.se-traffarna galler bestandsdelarna, inte frasen. Kastas.
SVENSKA_SE_HAMTAD sticka av mot HTTP 200 17643
SYNONYMER_SE_HAMTAD sticka av mot HTTP 200 187617
WIKTIONARY_HAMTAD sticka av mot HTTP 200 398
UPPSLAGSORD sticka av mot traffar=INGEN
SVENSKA_SE_HAMTAD stickel HTTP 200 8140
SYNONYMER_SE_HAMTAD stickel HTTP 200 256369
WIKTIONARY_HAMTAD stickel HTTP 200 398
UPPSLAGSORD stickel traffar=saol,so,saob
SVENSKA_SE_HAMTAD stickling HTTP 200 9326
SYNONYMER_SE_HAMTAD stickling HTTP 200 265163
WIKTIONARY_HAMTAD stickling HTTP 200 1182
UPPSLAGSORD stickling traffar=saol,so,saob
SVENSKA_SE_HAMTAD stigbygel HTTP 200 7215
SYNONYMER_SE_HAMTAD stigbygel HTTP 200 261838
WIKTIONARY_HAMTAD stigbygel HTTP 200 2283
UPPSLAGSORD stigbygel traffar=saol,so,saob
SVENSKA_SE_HAMTAD stigmatisera HTTP 200 8595
SYNONYMER_SE_HAMTAD stigmatisera HTTP 200 258516
SYNONYMER_SE_ENDAST_ANVANDARBIDRAG stigmatisera
WIKTIONARY_HAMTAD stigmatisera HTTP 200 1109
UPPSLAGSORD stigmatisera traffar=saol,so,saob
SVENSKA_SE_HAMTAD stilfull HTTP 200 6496
SYNONYMER_SE_HAMTAD stilfull HTTP 200 258345
WIKTIONARY_HAMTAD stilfull HTTP 200 484
UPPSLAGSORD stilfull traffar=saol,so,saob
SVENSKA_SE_HAMTAD stilleben HTTP 200 7703
SYNONYMER_SE_HAMTAD stilleben HTTP 200 252523
WIKTIONARY_HAMTAD stilleben HTTP 200 962
UPPSLAGSORD stilleben traffar=so,saob
SVENSKA_SE_HAMTAD stilton HTTP 200 4715
SYNONYMER_SE_HAMTAD stilton HTTP 200 233774
WIKTIONARY_HAMTAD stilton HTTP 200 1455
UPPSLAGSORD stilton traffar=saol,so,saob
SVENSKA_SE_HAMTAD stimulus HTTP 200 7168
SYNONYMER_SE_HAMTAD stimulus HTTP 200 259178
WIKTIONARY_HAMTAD stimulus HTTP 429 0
UPPSLAGSORD stimulus traffar=saol,so,saob
SVENSKA_SE_HAMTAD stinn HTTP 200 6483
SYNONYMER_SE_HAMTAD stinn HTTP 200 277464
WIKTIONARY_HAMTAD stinn HTTP 429 0
UPPSLAGSORD stinn traffar=saol,so,saob
SVENSKA_SE_HAMTAD stomi HTTP 200 6245
SYNONYMER_SE_HAMTAD stomi HTTP 200 249272
WIKTIONARY_HAMTAD stomi HTTP 200 398
UPPSLAGSORD stomi traffar=saol,so,saob
FRAS_UTAN_UPPSLAGSORD stoppa huvudet under armen -- svenska.se-traffarna galler bestandsdelarna, inte frasen. Kastas.
SVENSKA_SE_HAMTAD stoppa huvudet under armen HTTP 200 17723
SYNONYMER_SE_HAMTAD stoppa huvudet under armen HTTP 200 204231
WIKTIONARY_HAMTAD stoppa huvudet under armen HTTP 200 398
UPPSLAGSORD stoppa huvudet under armen traffar=INGEN
FRAS_UTAN_UPPSLAGSORD stoppa i malpåse -- svenska.se-traffarna galler bestandsdelarna, inte frasen. Kastas.
SVENSKA_SE_HAMTAD stoppa i malpåse HTTP 200 17649
SYNONYMER_SE_HAMTAD stoppa i malpåse HTTP 200 204359
WIKTIONARY_HAMTAD stoppa i malpåse HTTP 200 398
UPPSLAGSORD stoppa i malpåse traffar=INGEN
FRAS_UTAN_UPPSLAGSORD stor lyhördhet -- svenska.se-traffarna galler bestandsdelarna, inte frasen. Kastas.
SVENSKA_SE_HAMTAD stor lyhördhet HTTP 200 17648
SYNONYMER_SE_HAMTAD stor lyhördhet HTTP 200 224574
WIKTIONARY_HAMTAD stor lyhördhet HTTP 200 398
UPPSLAGSORD stor lyhördhet traffar=INGEN
SVENSKA_SE_HAMTAD stramalj HTTP 200 5967
SYNONYMER_SE_HAMTAD stramalj HTTP 200 257566
WIKTIONARY_HAMTAD stramalj HTTP 200 449
UPPSLAGSORD stramalj traffar=saol,so,saob
SVENSKA_SE_HAMTAD stranda HTTP 200 10236
SYNONYMER_SE_HAMTAD stranda HTTP 200 269757
WIKTIONARY_HAMTAD stranda HTTP 200 650
UPPSLAGSORD stranda traffar=saol,so,saob
SVENSKA_SE_HAMTAD strangulera HTTP 200 7409
SYNONYMER_SE_HAMTAD strangulera HTTP 200 248449
WIKTIONARY_HAMTAD strangulera HTTP 200 398
UPPSLAGSORD strangulera traffar=saol,so,saob
SVENSKA_SE_HAMTAD strass HTTP 200 5302
SYNONYMER_SE_HAMTAD strass HTTP 200 244797
WIKTIONARY_HAMTAD strass HTTP 200 263
UPPSLAGSORD strass traffar=saol,so,saob
SVENSKA_SE_HAMTAD stratifiera HTTP 200 7670
SYNONYMER_SE_HAMTAD stratifiera HTTP 200 261385
SYNONYMER_SE_ENDAST_ANVANDARBIDRAG stratifiera
WIKTIONARY_HAMTAD stratifiera HTTP 200 693
UPPSLAGSORD stratifiera traffar=saol,so,saob
SVENSKA_SE_HAMTAD stratigrafi HTTP 200 4900
SYNONYMER_SE_HAMTAD stratigrafi HTTP 200 244954
WIKTIONARY_HAMTAD stratigrafi HTTP 200 924
UPPSLAGSORD stratigrafi traffar=saol,so,saob
SVENSKA_SE_HAMTAD strigla HTTP 200 8410
SYNONYMER_SE_HAMTAD strigla HTTP 200 238476
WIKTIONARY_HAMTAD strigla HTTP 429 0
UPPSLAGSORD strigla traffar=saol,so,saob
SVENSKA_SE_HAMTAD stripig HTTP 200 6299
SYNONYMER_SE_HAMTAD stripig HTTP 200 249675
WIKTIONARY_HAMTAD stripig HTTP 429 0
UPPSLAGSORD stripig traffar=saol,so,saob
SVENSKA_SE_HAMTAD strossa HTTP 200 19275
SYNONYMER_SE_HAMTAD strossa HTTP 200 204160
WIKTIONARY_HAMTAD strossa HTTP 200 398
UPPSLAGSORD strossa traffar=saob
SVENSKA_SE_HAMTAD struma HTTP 200 5279
SYNONYMER_SE_HAMTAD struma HTTP 200 257600
WIKTIONARY_HAMTAD struma HTTP 200 648
UPPSLAGSORD struma traffar=saol,so,saob
SVENSKA_SE_HAMTAD struntförnäm HTTP 200 5065
SYNONYMER_SE_HAMTAD struntförnäm HTTP 200 249321
WIKTIONARY_HAMTAD struntförnäm HTTP 200 398
UPPSLAGSORD struntförnäm traffar=saol,so,saob
SVENSKA_SE_HAMTAD struva HTTP 200 6456
SYNONYMER_SE_HAMTAD struva HTTP 200 253390
SYNONYMER_SE_ENDAST_ANVANDARBIDRAG struva
WIKTIONARY_HAMTAD struva HTTP 200 284
UPPSLAGSORD struva traffar=saol,so,saob
SVENSKA_SE_HAMTAD sträva HTTP 200 20776
SYNONYMER_SE_HAMTAD sträva HTTP 200 313833
WIKTIONARY_HAMTAD sträva HTTP 200 1613
UPPSLAGSORD sträva traffar=saol,so,saob
SVENSKA_SE_HAMTAD strömning HTTP 200 8066
SYNONYMER_SE_HAMTAD strömning HTTP 200 265394
WIKTIONARY_HAMTAD strömning HTTP 200 2064
UPPSLAGSORD strömning traffar=saol,so,saob
SVENSKA_SE_HAMTAD stuckatur HTTP 200 6032
SYNONYMER_SE_HAMTAD stuckatur HTTP 200 246259
WIKTIONARY_HAMTAD stuckatur HTTP 200 340
UPPSLAGSORD stuckatur traffar=saol,so,saob
SVENSKA_SE_HAMTAD stundligen HTTP 200 4365
SYNONYMER_SE_HAMTAD stundligen HTTP 200 251964
WIKTIONARY_HAMTAD stundligen HTTP 200 398
UPPSLAGSORD stundligen traffar=saol,so,saob
SVENSKA_SE_HAMTAD stylit HTTP 200 6129
SYNONYMER_SE_HAMTAD stylit HTTP 200 242167
WIKTIONARY_HAMTAD stylit HTTP 200 398
UPPSLAGSORD stylit traffar=saol,so,saob
FRAS_UTAN_UPPSLAGSORD stämma i bäcken -- svenska.se-traffarna galler bestandsdelarna, inte frasen. Kastas.
SVENSKA_SE_HAMTAD stämma i bäcken HTTP 200 17625
SYNONYMER_SE_HAMTAD stämma i bäcken HTTP 200 187775
WIKTIONARY_HAMTAD stämma i bäcken HTTP 200 496
UPPSLAGSORD stämma i bäcken traffar=INGEN
FRAS_UTAN_UPPSLAGSORD stå där med sin tvättade hals -- svenska.se-traffarna galler bestandsdelarna, inte frasen. Kastas.
SVENSKA_SE_HAMTAD stå där med sin tvättade hals HTTP 200 17786
SYNONYMER_SE_HAMTAD stå där med sin tvättade hals HTTP 200 187998
WIKTIONARY_HAMTAD stå där med sin tvättade hals HTTP 429 0
UPPSLAGSORD stå där med sin tvättade hals traffar=INGEN
FRAS_UTAN_UPPSLAGSORD stå med mössan i hand -- svenska.se-traffarna galler bestandsdelarna, inte frasen. Kastas.
SVENSKA_SE_HAMTAD stå med mössan i hand HTTP 200 15233
SYNONYMER_SE_HAMTAD stå med mössan i hand HTTP 200 187915
WIKTIONARY_HAMTAD stå med mössan i hand HTTP 429 0
UPPSLAGSORD stå med mössan i hand traffar=INGEN
FRAS_UTAN_UPPSLAGSORD stå på barrikaderna -- svenska.se-traffarna galler bestandsdelarna, inte frasen. Kastas.
SVENSKA_SE_HAMTAD stå på barrikaderna HTTP 200 17716
SYNONYMER_SE_HAMTAD stå på barrikaderna HTTP 200 204408
WIKTIONARY_HAMTAD stå på barrikaderna HTTP 200 398
UPPSLAGSORD stå på barrikaderna traffar=INGEN
FRAS_UTAN_UPPSLAGSORD stå sig slätt -- svenska.se-traffarna galler bestandsdelarna, inte frasen. Kastas.
SVENSKA_SE_HAMTAD stå sig slätt HTTP 200 2260
SYNONYMER_SE_HAMTAD stå sig slätt HTTP 200 188243
WIKTIONARY_HAMTAD stå sig slätt HTTP 200 644
UPPSLAGSORD stå sig slätt traffar=INGEN
FRAS_UTAN_UPPSLAGSORD stå/ställas inför skranket -- svenska.se-traffarna galler bestandsdelarna, inte frasen. Kastas.
SVENSKA_SE_HAMTAD stå/ställas inför skranket HTTP 200 17769
SYNONYMER_SE_HAMTAD stå/ställas inför skranket HTTP 404 0
WIKTIONARY_HAMTAD stå/ställas inför skranket HTTP 200 398
UPPSLAGSORD stå/ställas inför skranket traffar=INGEN
SVENSKA_SE_HAMTAD stötvis HTTP 200 4078
SYNONYMER_SE_HAMTAD stötvis HTTP 200 235760
WIKTIONARY_HAMTAD stötvis HTTP 200 398
UPPSLAGSORD stötvis traffar=saol,so,saob
SVENSKA_SE_HAMTAD sublimera HTTP 200 8596
SYNONYMER_SE_HAMTAD sublimera HTTP 200 263717
WIKTIONARY_HAMTAD sublimera HTTP 200 398
UPPSLAGSORD sublimera traffar=saol,so,saob
SVENSKA_SE_HAMTAD subliminal HTTP 200 4864
SYNONYMER_SE_HAMTAD subliminal HTTP 200 241521
WIKTIONARY_HAMTAD subliminal HTTP 200 398
UPPSLAGSORD subliminal traffar=saol,so,saob
SVENSKA_SE_HAMTAD subtil HTTP 200 6532
SYNONYMER_SE_HAMTAD subtil HTTP 200 258985
WIKTIONARY_HAMTAD subtil HTTP 200 951
UPPSLAGSORD subtil traffar=saol,so,saob
SVENSKA_SE_HAMTAD suffix HTTP 200 7604
SYNONYMER_SE_HAMTAD suffix HTTP 200 259665
WIKTIONARY_HAMTAD suffix HTTP 200 1549
UPPSLAGSORD suffix traffar=saol,so,saob
SVENSKA_SE_HAMTAD sufflör HTTP 200 6088
SYNONYMER_SE_HAMTAD sufflör HTTP 200 255584
WIKTIONARY_HAMTAD sufflör HTTP 200 868
UPPSLAGSORD sufflör traffar=saol,so,saob
SVENSKA_SE_HAMTAD suggerera HTTP 200 9060
SYNONYMER_SE_HAMTAD suggerera HTTP 200 272214
WIKTIONARY_HAMTAD suggerera HTTP 200 782
UPPSLAGSORD suggerera traffar=saol,so,saob
SVENSKA_SE_HAMTAD supera HTTP 200 6498
SYNONYMER_SE_HAMTAD supera HTTP 200 246813
WIKTIONARY_HAMTAD supera HTTP 429 0
UPPSLAGSORD supera traffar=saol,so,saob
SVENSKA_SE_HAMTAD supersonisk HTTP 200 4746
SYNONYMER_SE_HAMTAD supersonisk HTTP 200 242112
WIKTIONARY_HAMTAD supersonisk HTTP 429 0
UPPSLAGSORD supersonisk traffar=saol,so,saob
SVENSKA_SE_HAMTAD supination HTTP 200 11843
SYNONYMER_SE_HAMTAD supination HTTP 200 236531
WIKTIONARY_HAMTAD supination HTTP 200 590
UPPSLAGSORD supination traffar=saol,saob
SVENSKA_SE_HAMTAD supponera HTTP 200 12927
SYNONYMER_SE_HAMTAD supponera HTTP 200 238994
WIKTIONARY_HAMTAD supponera HTTP 200 434
UPPSLAGSORD supponera traffar=saol,saob
FRAS_UTAN_UPPSLAGSORD surra (fast) -- svenska.se-traffarna galler bestandsdelarna, inte frasen. Kastas.
SVENSKA_SE_HAMTAD surra (fast) HTTP 200 19417
SYNONYMER_SE_HAMTAD surra (fast) HTTP 200 204267
WIKTIONARY_HAMTAD surra (fast) HTTP 200 398
UPPSLAGSORD surra (fast) traffar=INGEN
FRAS_UTAN_UPPSLAGSORD surt, sa räven om rönnbären -- svenska.se-traffarna galler bestandsdelarna, inte frasen. Kastas.
SVENSKA_SE_HAMTAD surt, sa räven om rönnbären HTTP 200 12837
SYNONYMER_SE_HAMTAD surt, sa räven om rönnbären HTTP 200 204710
WIKTIONARY_HAMTAD surt, sa räven om rönnbären HTTP 200 175
UPPSLAGSORD surt, sa räven om rönnbären traffar=INGEN
SVENSKA_SE_HAMTAD suspekt HTTP 200 7006
SYNONYMER_SE_HAMTAD suspekt HTTP 200 238211
WIKTIONARY_HAMTAD suspekt HTTP 200 467
UPPSLAGSORD suspekt traffar=saol,so,saob
SVENSKA_SE_HAMTAD suspendera HTTP 200 8936
SYNONYMER_SE_HAMTAD suspendera HTTP 200 279876
WIKTIONARY_HAMTAD suspendera HTTP 200 480
UPPSLAGSORD suspendera traffar=saol,so,saob
SVENSKA_SE_HAMTAD svada HTTP 200 9663
SYNONYMER_SE_HAMTAD svada HTTP 200 248123
WIKTIONARY_HAMTAD svada HTTP 200 898
UPPSLAGSORD svada traffar=saol,so,saob
SVENSKA_SE_HAMTAD svansa HTTP 200 7660
SYNONYMER_SE_HAMTAD svansa HTTP 200 259299
WIKTIONARY_HAMTAD svansa HTTP 200 398
UPPSLAGSORD svansa traffar=saol,so,saob
SVENSKA_SE_HAMTAD svastika HTTP 200 5554
SYNONYMER_SE_HAMTAD svastika HTTP 200 243179
WIKTIONARY_HAMTAD svastika HTTP 200 1255
UPPSLAGSORD svastika traffar=saol,so,saob
SVENSKA_SE_HAMTAD svängtapp HTTP 200 6181
SYNONYMER_SE_HAMTAD svängtapp HTTP 200 252252
WIKTIONARY_HAMTAD svängtapp HTTP 200 398
UPPSLAGSORD svängtapp traffar=saol,so,saob
FRAS_UTAN_UPPSLAGSORD svärma för något -- svenska.se-traffarna galler bestandsdelarna, inte frasen. Kastas.
SVENSKA_SE_HAMTAD svärma för något HTTP 200 18370
SYNONYMER_SE_HAMTAD svärma för något HTTP 200 204401
WIKTIONARY_HAMTAD svärma för något HTTP 429 0
UPPSLAGSORD svärma för något traffar=INGEN
FRAS_UTAN_UPPSLAGSORD sväva som på moln -- svenska.se-traffarna galler bestandsdelarna, inte frasen. Kastas.
SVENSKA_SE_HAMTAD sväva som på moln HTTP 200 17701
SYNONYMER_SE_HAMTAD sväva som på moln HTTP 200 187939
WIKTIONARY_HAMTAD sväva som på moln HTTP 429 0
UPPSLAGSORD sväva som på moln traffar=INGEN
SVENSKA_SE_HAMTAD svågerpolitik HTTP 200 5098
SYNONYMER_SE_HAMTAD svågerpolitik HTTP 200 242241
WIKTIONARY_HAMTAD svågerpolitik HTTP 200 398
UPPSLAGSORD svågerpolitik traffar=saol,so,saob
SVENSKA_SE_HAMTAD swedenborgianism HTTP 200 11338
SYNONYMER_SE_HAMTAD swedenborgianism HTTP 200 244974
WIKTIONARY_HAMTAD swedenborgianism HTTP 200 368
UPPSLAGSORD swedenborgianism traffar=saol,saob
SVENSKA_SE_HAMTAD sydväst HTTP 200 12119
SYNONYMER_SE_HAMTAD sydväst HTTP 200 265038
WIKTIONARY_HAMTAD sydväst HTTP 200 1595
UPPSLAGSORD sydväst traffar=saol,so,saob
SVENSKA_SE_HAMTAD sylf HTTP 200 7333
SYNONYMER_SE_HAMTAD sylf HTTP 200 236338
WIKTIONARY_HAMTAD sylf HTTP 200 739
UPPSLAGSORD sylf traffar=saol,so,saob
SVENSKA_SE_HAMTAD synagoga HTTP 200 6044
SYNONYMER_SE_HAMTAD synagoga HTTP 200 253831
WIKTIONARY_HAMTAD synagoga HTTP 200 2777
UPPSLAGSORD synagoga traffar=saol,so,saob
SVENSKA_SE_HAMTAD synaps HTTP 200 6149
SYNONYMER_SE_HAMTAD synaps HTTP 200 251782
WIKTIONARY_HAMTAD synaps HTTP 200 1304
UPPSLAGSORD synaps traffar=saol,so,saob
SVENSKA_SE_HAMTAD syndafall HTTP 200 6251
SYNONYMER_SE_HAMTAD syndafall HTTP 200 253445
WIKTIONARY_HAMTAD syndafall HTTP 200 1206
UPPSLAGSORD syndafall traffar=saol,so,saob
SVENSKA_SE_HAMTAD synkop HTTP 200 6524
SYNONYMER_SE_HAMTAD synkop HTTP 200 254582
WIKTIONARY_HAMTAD synkop HTTP 200 615
UPPSLAGSORD synkop traffar=saol,so,saob
SVENSKA_SE_HAMTAD synnerlig HTTP 200 6804
SYNONYMER_SE_HAMTAD synnerlig HTTP 200 266024
WIKTIONARY_HAMTAD synnerlig HTTP 200 368
UPPSLAGSORD synnerlig traffar=saol,so,saob
FRAS_UTAN_UPPSLAGSORD sälla sig till -- svenska.se-traffarna galler bestandsdelarna, inte frasen. Kastas.
SVENSKA_SE_HAMTAD sälla sig till HTTP 200 20109
SYNONYMER_SE_HAMTAD sälla sig till HTTP 200 225080
WIKTIONARY_HAMTAD sälla sig till HTTP 200 398
UPPSLAGSORD sälla sig till traffar=INGEN
SVENSKA_SE_HAMTAD säter HTTP 200 8079
SYNONYMER_SE_HAMTAD säter HTTP 200 244490
WIKTIONARY_HAMTAD säter HTTP 429 0
UPPSLAGSORD säter traffar=saol,so,saob
SVENSKA_SE_HAMTAD sätesbjudning HTTP 200 6724
SYNONYMER_SE_HAMTAD sätesbjudning HTTP 200 250333
WIKTIONARY_HAMTAD sätesbjudning HTTP 429 0
UPPSLAGSORD sätesbjudning traffar=saol,so,saob
FRAS_UTAN_UPPSLAGSORD sätta någon på pottkanten -- svenska.se-traffarna galler bestandsdelarna, inte frasen. Kastas.
SVENSKA_SE_HAMTAD sätta någon på pottkanten HTTP 200 17688
SYNONYMER_SE_HAMTAD sätta någon på pottkanten HTTP 200 205370
WIKTIONARY_HAMTAD sätta någon på pottkanten HTTP 200 398
UPPSLAGSORD sätta någon på pottkanten traffar=INGEN
FRAS_UTAN_UPPSLAGSORD sätta sitt ljus under skäppan -- svenska.se-traffarna galler bestandsdelarna, inte frasen. Kastas.
SVENSKA_SE_HAMTAD sätta sitt ljus under skäppan HTTP 200 17784
SYNONYMER_SE_HAMTAD sätta sitt ljus under skäppan HTTP 200 205294
WIKTIONARY_HAMTAD sätta sitt ljus under skäppan HTTP 200 2568
UPPSLAGSORD sätta sitt ljus under skäppan traffar=INGEN
FRAS_UTAN_UPPSLAGSORD så split -- svenska.se-traffarna galler bestandsdelarna, inte frasen. Kastas.
SVENSKA_SE_HAMTAD så split HTTP 200 18953
SYNONYMER_SE_HAMTAD så split HTTP 200 188148
WIKTIONARY_HAMTAD så split HTTP 200 398
UPPSLAGSORD så split traffar=INGEN
FRAS_UTAN_UPPSLAGSORD såta vänner -- svenska.se-traffarna galler bestandsdelarna, inte frasen. Kastas.
SVENSKA_SE_HAMTAD såta vänner HTTP 200 4741
SYNONYMER_SE_HAMTAD såta vänner HTTP 200 230341
WIKTIONARY_HAMTAD såta vänner HTTP 200 398
UPPSLAGSORD såta vänner traffar=INGEN
SVENSKA_SE_HAMTAD sömsmån HTTP 200 6359
SYNONYMER_SE_HAMTAD sömsmån HTTP 200 245869
WIKTIONARY_HAMTAD sömsmån HTTP 200 398
UPPSLAGSORD sömsmån traffar=saol,so,saob
SVENSKA_SE_HAMTAD söndervärkt HTTP 200 11409
SYNONYMER_SE_HAMTAD söndervärkt HTTP 200 233556
WIKTIONARY_HAMTAD söndervärkt HTTP 200 400
UPPSLAGSORD söndervärkt traffar=saol,saob
SVENSKA_SE_HAMTAD sörja HTTP 200 15937
SYNONYMER_SE_HAMTAD sörja HTTP 200 299733
WIKTIONARY_HAMTAD sörja HTTP 200 2127
UPPSLAGSORD sörja traffar=saol,so,saob
FRAS_UTAN_UPPSLAGSORD sörja för -- svenska.se-traffarna galler bestandsdelarna, inte frasen. Kastas.
SVENSKA_SE_HAMTAD sörja för HTTP 200 19660
SYNONYMER_SE_HAMTAD sörja för HTTP 200 224597
WIKTIONARY_HAMTAD sörja för HTTP 200 398
UPPSLAGSORD sörja för traffar=INGEN
FRAS_UTAN_UPPSLAGSORD ta anstöt -- svenska.se-traffarna galler bestandsdelarna, inte frasen. Kastas.
SVENSKA_SE_HAMTAD ta anstöt HTTP 200 19683
SYNONYMER_SE_HAMTAD ta anstöt HTTP 200 222227
WIKTIONARY_HAMTAD ta anstöt HTTP 200 398
UPPSLAGSORD ta anstöt traffar=INGEN
FRAS_UTAN_UPPSLAGSORD ta det långa benet före -- svenska.se-traffarna galler bestandsdelarna, inte frasen. Kastas.
SVENSKA_SE_HAMTAD ta det långa benet före HTTP 200 2653
SYNONYMER_SE_HAMTAD ta det långa benet före HTTP 200 188298
WIKTIONARY_HAMTAD ta det långa benet före HTTP 200 398
UPPSLAGSORD ta det långa benet före traffar=INGEN
FRAS_UTAN_UPPSLAGSORD ta en ände med förskräckelse -- svenska.se-traffarna galler bestandsdelarna, inte frasen. Kastas.
SVENSKA_SE_HAMTAD ta en ände med förskräckelse HTTP 200 2672
SYNONYMER_SE_HAMTAD ta en ände med förskräckelse HTTP 200 204672
WIKTIONARY_HAMTAD ta en ände med förskräckelse HTTP 429 0
UPPSLAGSORD ta en ände med förskräckelse traffar=INGEN
FRAS_UTAN_UPPSLAGSORD ta i anspråk -- svenska.se-traffarna galler bestandsdelarna, inte frasen. Kastas.
SVENSKA_SE_HAMTAD ta i anspråk HTTP 200 19424
SYNONYMER_SE_HAMTAD ta i anspråk HTTP 200 226143
WIKTIONARY_HAMTAD ta i anspråk HTTP 429 0
UPPSLAGSORD ta i anspråk traffar=INGEN
FRAS_UTAN_UPPSLAGSORD ta i betraktande -- svenska.se-traffarna galler bestandsdelarna, inte frasen. Kastas.
SVENSKA_SE_HAMTAD ta i betraktande HTTP 200 17659
SYNONYMER_SE_HAMTAD ta i betraktande HTTP 200 210273
WIKTIONARY_HAMTAD ta i betraktande HTTP 200 398
UPPSLAGSORD ta i betraktande traffar=INGEN
FRAS_UTAN_UPPSLAGSORD ta notis -- svenska.se-traffarna galler bestandsdelarna, inte frasen. Kastas.
SVENSKA_SE_HAMTAD ta notis HTTP 200 19918
SYNONYMER_SE_HAMTAD ta notis HTTP 200 222975
WIKTIONARY_HAMTAD ta notis HTTP 200 398
UPPSLAGSORD ta notis traffar=INGEN
FRAS_UTAN_UPPSLAGSORD ta någon på orden -- svenska.se-traffarna galler bestandsdelarna, inte frasen. Kastas.
SVENSKA_SE_HAMTAD ta någon på orden HTTP 200 17722
SYNONYMER_SE_HAMTAD ta någon på orden HTTP 200 188412
WIKTIONARY_HAMTAD ta någon på orden HTTP 200 134
UPPSLAGSORD ta någon på orden traffar=INGEN
FRAS_UTAN_UPPSLAGSORD ta någon till nåder -- svenska.se-traffarna galler bestandsdelarna, inte frasen. Kastas.
SVENSKA_SE_HAMTAD ta någon till nåder HTTP 200 17745
SYNONYMER_SE_HAMTAD ta någon till nåder HTTP 200 204828
WIKTIONARY_HAMTAD ta någon till nåder HTTP 200 398
UPPSLAGSORD ta någon till nåder traffar=INGEN
FRAS_UTAN_UPPSLAGSORD ta reson -- svenska.se-traffarna galler bestandsdelarna, inte frasen. Kastas.
SVENSKA_SE_HAMTAD ta reson HTTP 200 19706
SYNONYMER_SE_HAMTAD ta reson HTTP 200 229669
WIKTIONARY_HAMTAD ta reson HTTP 200 398
UPPSLAGSORD ta reson traffar=INGEN
FRAS_UTAN_UPPSLAGSORD ta sig i akt -- svenska.se-traffarna galler bestandsdelarna, inte frasen. Kastas.
SVENSKA_SE_HAMTAD ta sig i akt HTTP 200 19806
SYNONYMER_SE_HAMTAD ta sig i akt HTTP 200 218360
WIKTIONARY_HAMTAD ta sig i akt HTTP 200 398
UPPSLAGSORD ta sig i akt traffar=INGEN
FRAS_UTAN_UPPSLAGSORD ta sig orådet före att -- svenska.se-traffarna galler bestandsdelarna, inte frasen. Kastas.
SVENSKA_SE_HAMTAD ta sig orådet före att HTTP 200 17667
SYNONYMER_SE_HAMTAD ta sig orådet före att HTTP 200 188252
WIKTIONARY_HAMTAD ta sig orådet före att HTTP 200 398
UPPSLAGSORD ta sig orådet före att traffar=INGEN
FRAS_UTAN_UPPSLAGSORD ta sin mats ur skolan -- svenska.se-traffarna galler bestandsdelarna, inte frasen. Kastas.
SVENSKA_SE_HAMTAD ta sin mats ur skolan HTTP 200 17697
SYNONYMER_SE_HAMTAD ta sin mats ur skolan HTTP 200 204780
WIKTIONARY_HAMTAD ta sin mats ur skolan HTTP 200 398
UPPSLAGSORD ta sin mats ur skolan traffar=INGEN
FRAS_UTAN_UPPSLAGSORD ta/plocka ner skylten -- svenska.se-traffarna galler bestandsdelarna, inte frasen. Kastas.
SVENSKA_SE_HAMTAD ta/plocka ner skylten HTTP 200 17704
SYNONYMER_SE_HAMTAD ta/plocka ner skylten HTTP 404 0
WIKTIONARY_HAMTAD ta/plocka ner skylten HTTP 200 398
UPPSLAGSORD ta/plocka ner skylten traffar=INGEN
SVENSKA_SE_HAMTAD tabelras HTTP 200 4263
SYNONYMER_SE_HAMTAD tabelras HTTP 200 249297
WIKTIONARY_HAMTAD tabelras HTTP 200 374
UPPSLAGSORD tabelras traffar=saol,so,saob
SVENSKA_SE_HAMTAD tabulatur HTTP 200 6402
SYNONYMER_SE_HAMTAD tabulatur HTTP 200 250583
WIKTIONARY_HAMTAD tabulatur HTTP 429 0
UPPSLAGSORD tabulatur traffar=saol,so,saob
SVENSKA_SE_HAMTAD tadel HTTP 200 5977
SYNONYMER_SE_HAMTAD tadel HTTP 200 261736
WIKTIONARY_HAMTAD tadel HTTP 429 0
UPPSLAGSORD tadel traffar=saol,so,saob
SVENSKA_SE_HAMTAD tajga HTTP 200 5943
SYNONYMER_SE_HAMTAD tajga HTTP 200 240340
WIKTIONARY_HAMTAD tajga HTTP 200 170
UPPSLAGSORD tajga traffar=saol,so,saob
SVENSKA_SE_HAMTAD taktil HTTP 200 5442
SYNONYMER_SE_HAMTAD taktil HTTP 200 242613
WIKTIONARY_HAMTAD taktil HTTP 200 572
UPPSLAGSORD taktil traffar=saol,so,saob
SVENSKA_SE_HAMTAD taktlös HTTP 200 6528
SYNONYMER_SE_HAMTAD taktlös HTTP 200 245645
WIKTIONARY_HAMTAD taktlös HTTP 200 566
UPPSLAGSORD taktlös traffar=saol,so,saob
FRAS_UTAN_UPPSLAGSORD tala i tungor -- svenska.se-traffarna galler bestandsdelarna, inte frasen. Kastas.
SVENSKA_SE_HAMTAD tala i tungor HTTP 200 17657
SYNONYMER_SE_HAMTAD tala i tungor HTTP 200 204884
WIKTIONARY_HAMTAD tala i tungor HTTP 200 398
UPPSLAGSORD tala i tungor traffar=INGEN
SVENSKA_SE_HAMTAD talg HTTP 200 7185
SYNONYMER_SE_HAMTAD talg HTTP 200 270690
WIKTIONARY_HAMTAD talg HTTP 200 949
UPPSLAGSORD talg traffar=saol,so,saob
SVENSKA_SE_HAMTAD talja HTTP 200 14186
SYNONYMER_SE_HAMTAD talja HTTP 200 262726
WIKTIONARY_HAMTAD talja HTTP 200 660
UPPSLAGSORD talja traffar=saol,so,saob
SVENSKA_SE_HAMTAD talträngd HTTP 200 4995
SYNONYMER_SE_HAMTAD talträngd HTTP 200 255389
WIKTIONARY_HAMTAD talträngd HTTP 200 398
UPPSLAGSORD talträngd traffar=saol,so,saob
SVENSKA_SE_HAMTAD tanda HTTP 200 19011
SYNONYMER_SE_HAMTAD tanda HTTP 200 220196
WIKTIONARY_HAMTAD tanda HTTP 200 407
UPPSLAGSORD tanda traffar=saob
SVENSKA_SE_HAMTAD tantaluskval HTTP 200 7445
SYNONYMER_SE_HAMTAD tantaluskval HTTP 200 230490
WIKTIONARY_HAMTAD tantaluskval HTTP 200 398
UPPSLAGSORD tantaluskval traffar=saol,so,saob
FRAS_UTAN_UPPSLAGSORD tappa koncepterna -- svenska.se-traffarna galler bestandsdelarna, inte frasen. Kastas.
SVENSKA_SE_HAMTAD tappa koncepterna HTTP 200 17703
SYNONYMER_SE_HAMTAD tappa koncepterna HTTP 200 227628
WIKTIONARY_HAMTAD tappa koncepterna HTTP 200 398
UPPSLAGSORD tappa koncepterna traffar=INGEN
SVENSKA_SE_HAMTAD tappning HTTP 200 7798
SYNONYMER_SE_HAMTAD tappning HTTP 200 261727
WIKTIONARY_HAMTAD tappning HTTP 429 0
UPPSLAGSORD tappning traffar=saol,so,saob
SVENSKA_SE_HAMTAD tarot HTTP 200 4871
SYNONYMER_SE_HAMTAD tarot HTTP 200 228331
WIKTIONARY_HAMTAD tarot HTTP 429 0
UPPSLAGSORD tarot traffar=saol,so,saob
SVENSKA_SE_HAMTAD teach-in HTTP 200 13448
SYNONYMER_SE_HAMTAD teach-in HTTP 200 204031
WIKTIONARY_HAMTAD teach-in HTTP 200 398
UPPSLAGSORD teach-in traffar=so
SVENSKA_SE_HAMTAD teak HTTP 200 5632
SYNONYMER_SE_HAMTAD teak HTTP 200 244547
WIKTIONARY_HAMTAD teak HTTP 200 199
UPPSLAGSORD teak traffar=saol,so,saob
SVENSKA_SE_HAMTAD teflon HTTP 200 5851
SYNONYMER_SE_HAMTAD teflon HTTP 200 246225
WIKTIONARY_HAMTAD teflon HTTP 200 705
UPPSLAGSORD teflon traffar=saol,so,saob
SVENSKA_SE_HAMTAD teknikalitet HTTP 200 5737
SYNONYMER_SE_HAMTAD teknikalitet HTTP 200 259168
WIKTIONARY_HAMTAD teknikalitet HTTP 200 403
UPPSLAGSORD teknikalitet traffar=saol,so,saob
SVENSKA_SE_HAMTAD tekoindustri HTTP 200 6630
SYNONYMER_SE_HAMTAD tekoindustri HTTP 200 242403
WIKTIONARY_HAMTAD tekoindustri HTTP 200 417
UPPSLAGSORD tekoindustri traffar=saol,so,saob
SVENSKA_SE_HAMTAD telepati HTTP 200 5387
SYNONYMER_SE_HAMTAD telepati HTTP 200 252092
WIKTIONARY_HAMTAD telepati HTTP 200 1015
UPPSLAGSORD telepati traffar=saol,so,saob
SVENSKA_SE_HAMTAD tension HTTP 200 6175
SYNONYMER_SE_HAMTAD tension HTTP 200 248526
WIKTIONARY_HAMTAD tension HTTP 200 465
UPPSLAGSORD tension traffar=saol,so,saob
SVENSKA_SE_HAMTAD tentakel HTTP 200 6735
SYNONYMER_SE_HAMTAD tentakel HTTP 200 263121
WIKTIONARY_HAMTAD tentakel HTTP 200 1071
UPPSLAGSORD tentakel traffar=saol,so,saob
SVENSKA_SE_HAMTAD teodicé HTTP 200 4969
SYNONYMER_SE_HAMTAD teodicé HTTP 200 244501
WIKTIONARY_HAMTAD teodicé HTTP 200 266
UPPSLAGSORD teodicé traffar=saol,so,saob
SVENSKA_SE_HAMTAD terapi HTTP 200 7187
SYNONYMER_SE_HAMTAD terapi HTTP 200 273522
WIKTIONARY_HAMTAD terapi HTTP 200 2516
UPPSLAGSORD terapi traffar=saol,so,saob
SVENSKA_SE_HAMTAD termisk HTTP 200 5152
SYNONYMER_SE_HAMTAD termisk HTTP 200 239698
WIKTIONARY_HAMTAD termisk HTTP 429 0
UPPSLAGSORD termisk traffar=saol,so,saob
SVENSKA_SE_HAMTAD termodynamik HTTP 200 4829
SYNONYMER_SE_HAMTAD termodynamik HTTP 200 245664
WIKTIONARY_HAMTAD termodynamik HTTP 429 0
UPPSLAGSORD termodynamik traffar=saol,so,saob
SVENSKA_SE_HAMTAD termostat HTTP 200 6727
SYNONYMER_SE_HAMTAD termostat HTTP 200 251767
WIKTIONARY_HAMTAD termostat HTTP 200 539
UPPSLAGSORD termostat traffar=saol,so,saob
SVENSKA_SE_HAMTAD terrakotta HTTP 200 4896
SYNONYMER_SE_HAMTAD terrakotta HTTP 200 259265
WIKTIONARY_HAMTAD terrakotta HTTP 200 757
UPPSLAGSORD terrakotta traffar=saol,so,saob
SVENSKA_SE_HAMTAD terrarium HTTP 200 6377
SYNONYMER_SE_HAMTAD terrarium HTTP 200 245883
WIKTIONARY_HAMTAD terrarium HTTP 200 2295
UPPSLAGSORD terrarium traffar=saol,so,saob
SVENSKA_SE_HAMTAD tertial HTTP 200 6636
SYNONYMER_SE_HAMTAD tertial HTTP 200 252497
WIKTIONARY_HAMTAD tertial HTTP 200 398
UPPSLAGSORD tertial traffar=saol,so,saob
SVENSKA_SE_HAMTAD tespiskärra HTTP 200 109743
SYNONYMER_SE_HAMTAD tespiskärra HTTP 200 224185
WIKTIONARY_HAMTAD tespiskärra HTTP 200 398
UPPSLAGSORD tespiskärra traffar=INGEN
SVENSKA_SE_HAMTAD tete-a-tete HTTP 200 7028
SYNONYMER_SE_HAMTAD tete-a-tete HTTP 200 187335
WIKTIONARY_HAMTAD tete-a-tete HTTP 200 398
UPPSLAGSORD tete-a-tete traffar=INGEN
SVENSKA_SE_HAMTAD tibia HTTP 200 18502
SYNONYMER_SE_HAMTAD tibia HTTP 200 203951
WIKTIONARY_HAMTAD tibia HTTP 200 658
UPPSLAGSORD tibia traffar=saob
SVENSKA_SE_HAMTAD tic HTTP 200 18648
SYNONYMER_SE_HAMTAD tic HTTP 200 222801
WIKTIONARY_HAMTAD tic HTTP 200 398
UPPSLAGSORD tic traffar=saob
SVENSKA_SE_HAMTAD tidsstudier HTTP 200 6417
SYNONYMER_SE_HAMTAD tidsstudier HTTP 200 233271
WIKTIONARY_HAMTAD tidsstudier HTTP 200 398
UPPSLAGSORD tidsstudier traffar=so
SVENSKA_SE_HAMTAD tigrerad HTTP 200 4822
SYNONYMER_SE_HAMTAD tigrerad HTTP 200 237449
WIKTIONARY_HAMTAD tigrerad HTTP 200 398
UPPSLAGSORD tigrerad traffar=saol,so,saob
SVENSKA_SE_HAMTAD tilde HTTP 200 8074
SYNONYMER_SE_HAMTAD tilde HTTP 200 233491
WIKTIONARY_HAMTAD tilde HTTP 429 0
UPPSLAGSORD tilde traffar=saol,so,saob
FRAS_UTAN_UPPSLAGSORD till fromma för -- svenska.se-traffarna galler bestandsdelarna, inte frasen. Kastas.
SVENSKA_SE_HAMTAD till fromma för HTTP 200 17667
SYNONYMER_SE_HAMTAD till fromma för HTTP 200 187747
WIKTIONARY_HAMTAD till fromma för HTTP 429 0
UPPSLAGSORD till fromma för traffar=INGEN
FRAS_UTAN_UPPSLAGSORD till påseende -- svenska.se-traffarna galler bestandsdelarna, inte frasen. Kastas.
SVENSKA_SE_HAMTAD till påseende HTTP 200 19035
SYNONYMER_SE_HAMTAD till påseende HTTP 200 204255
WIKTIONARY_HAMTAD till påseende HTTP 200 398
UPPSLAGSORD till påseende traffar=INGEN
SVENSKA_SE_HAMTAD tillbakabildad HTTP 200 7814
SYNONYMER_SE_HAMTAD tillbakabildad HTTP 200 234829
WIKTIONARY_HAMTAD tillbakabildad HTTP 200 398
UPPSLAGSORD tillbakabildad hittad som uppslagsform 'tillbakabilda'
UPPSLAGSORD tillbakabildad traffar=saob via=tillbakabilda
SVENSKA_SE_HAMTAD tillbörlig HTTP 200 6591
SYNONYMER_SE_HAMTAD tillbörlig HTTP 200 268622
WIKTIONARY_HAMTAD tillbörlig HTTP 200 605
UPPSLAGSORD tillbörlig traffar=saol,so,saob
FRAS_UTAN_UPPSLAGSORD tilldraga sig -- svenska.se-traffarna galler bestandsdelarna, inte frasen. Kastas.
SVENSKA_SE_HAMTAD tilldraga sig HTTP 200 19829
SYNONYMER_SE_HAMTAD tilldraga sig HTTP 200 228984
WIKTIONARY_HAMTAD tilldraga sig HTTP 200 398
UPPSLAGSORD tilldraga sig traffar=INGEN
SVENSKA_SE_HAMTAD tillförordnad HTTP 200 6866
SYNONYMER_SE_HAMTAD tillförordnad HTTP 200 242106
WIKTIONARY_HAMTAD tillförordnad HTTP 200 398
UPPSLAGSORD tillförordnad traffar=so
FRAS_UTAN_UPPSLAGSORD tillge /tillgiva -- svenska.se-traffarna galler bestandsdelarna, inte frasen. Kastas.
SVENSKA_SE_HAMTAD tillge /tillgiva HTTP 200 17652
SYNONYMER_SE_HAMTAD tillge /tillgiva HTTP 404 0
WIKTIONARY_HAMTAD tillge /tillgiva HTTP 200 398
UPPSLAGSORD tillge /tillgiva traffar=INGEN
SVENSKA_SE_HAMTAD tillhandahålla HTTP 200 8047
SYNONYMER_SE_HAMTAD tillhandahålla HTTP 200 257889
WIKTIONARY_HAMTAD tillhandahålla HTTP 200 1152
UPPSLAGSORD tillhandahålla traffar=saol,so,saob
SVENSKA_SE_HAMTAD tillhands HTTP 200 5569
SYNONYMER_SE_HAMTAD tillhands HTTP 200 228537
WIKTIONARY_HAMTAD tillhands HTTP 200 398
UPPSLAGSORD tillhands traffar=saol,so,saob
SVENSKA_SE_HAMTAD tillkommelse HTTP 200 5015
SYNONYMER_SE_HAMTAD tillkommelse HTTP 200 253575
WIKTIONARY_HAMTAD tillkommelse HTTP 200 398
UPPSLAGSORD tillkommelse traffar=saol,so,saob
SVENSKA_SE_HAMTAD tillkämpad HTTP 200 7032
SYNONYMER_SE_HAMTAD tillkämpad HTTP 200 244666
WIKTIONARY_HAMTAD tillkämpad HTTP 200 398
UPPSLAGSORD tillkämpad traffar=saol,so
SVENSKA_SE_HAMTAD tillspetsa HTTP 200 7706
SYNONYMER_SE_HAMTAD tillspetsa HTTP 200 259490
WIKTIONARY_HAMTAD tillspetsa HTTP 429 0
UPPSLAGSORD tillspetsa traffar=saol,so,saob
SVENSKA_SE_HAMTAD tillstöta HTTP 200 7878
SYNONYMER_SE_HAMTAD tillstöta HTTP 200 275631
WIKTIONARY_HAMTAD tillstöta HTTP 429 0
UPPSLAGSORD tillstöta traffar=saol,so,saob
SVENSKA_SE_HAMTAD tillsyn HTTP 200 8019
SYNONYMER_SE_HAMTAD tillsyn HTTP 200 280447
WIKTIONARY_HAMTAD tillsyn HTTP 200 856
UPPSLAGSORD tillsyn traffar=saol,so,saob
SVENSKA_SE_HAMTAD tilltagsen HTTP 200 5594
SYNONYMER_SE_HAMTAD tilltagsen HTTP 200 263372
WIKTIONARY_HAMTAD tilltagsen HTTP 200 793
UPPSLAGSORD tilltagsen traffar=saol,so,saob
SVENSKA_SE_HAMTAD tinga HTTP 200 8096
SYNONYMER_SE_HAMTAD tinga HTTP 200 285622
WIKTIONARY_HAMTAD tinga HTTP 200 697
UPPSLAGSORD tinga traffar=saol,so,saob
SVENSKA_SE_HAMTAD tinnitus HTTP 200 4337
SYNONYMER_SE_HAMTAD tinnitus HTTP 200 234132
WIKTIONARY_HAMTAD tinnitus HTTP 200 660
UPPSLAGSORD tinnitus traffar=saol,so,saob
SVENSKA_SE_HAMTAD titrering HTTP 200 12071
SYNONYMER_SE_HAMTAD titrering HTTP 200 251019
WIKTIONARY_HAMTAD titrering HTTP 200 398
UPPSLAGSORD titrering traffar=saol,saob
FRAS_UTAN_UPPSLAGSORD titta för djupt i glaset -- svenska.se-traffarna galler bestandsdelarna, inte frasen. Kastas.
SVENSKA_SE_HAMTAD titta för djupt i glaset HTTP 200 17727
SYNONYMER_SE_HAMTAD titta för djupt i glaset HTTP 200 218466
WIKTIONARY_HAMTAD titta för djupt i glaset HTTP 200 398
UPPSLAGSORD titta för djupt i glaset traffar=INGEN
FRAS_UTAN_UPPSLAGSORD titta i månen efter något -- svenska.se-traffarna galler bestandsdelarna, inte frasen. Kastas.
SVENSKA_SE_HAMTAD titta i månen efter något HTTP 200 17666
SYNONYMER_SE_HAMTAD titta i månen efter något HTTP 200 204620
WIKTIONARY_HAMTAD titta i månen efter något HTTP 200 398
UPPSLAGSORD titta i månen efter något traffar=INGEN
FRAS_UTAN_UPPSLAGSORD titta/se i månen efter något -- svenska.se-traffarna galler bestandsdelarna, inte frasen. Kastas.
SVENSKA_SE_HAMTAD titta/se i månen efter något HTTP 200 17742
SYNONYMER_SE_HAMTAD titta/se i månen efter något HTTP 404 0
WIKTIONARY_HAMTAD titta/se i månen efter något HTTP 200 400
UPPSLAGSORD titta/se i månen efter något traffar=INGEN
SVENSKA_SE_HAMTAD tjimma HTTP 200 6678
SYNONYMER_SE_HAMTAD tjimma HTTP 200 255074
WIKTIONARY_HAMTAD tjimma HTTP 200 398
UPPSLAGSORD tjimma traffar=saol,so,saob
SVENSKA_SE_HAMTAD tjuga HTTP 200 7829
SYNONYMER_SE_HAMTAD tjuga HTTP 200 269538
WIKTIONARY_HAMTAD tjuga HTTP 200 1364
UPPSLAGSORD tjuga traffar=saol,so,saob
SVENSKA_SE_HAMTAD tjusig HTTP 200 7158
SYNONYMER_SE_HAMTAD tjusig HTTP 200 264766
WIKTIONARY_HAMTAD tjusig HTTP 429 0
UPPSLAGSORD tjusig traffar=saol,so,saob
SVENSKA_SE_HAMTAD tjänlig HTTP 200 7396
SYNONYMER_SE_HAMTAD tjänlig HTTP 200 267049
WIKTIONARY_HAMTAD tjänlig HTTP 429 0
UPPSLAGSORD tjänlig traffar=saol,so,saob
SVENSKA_SE_HAMTAD toga HTTP 200 6820
SYNONYMER_SE_HAMTAD toga HTTP 200 248611
WIKTIONARY_HAMTAD toga HTTP 200 1767
UPPSLAGSORD toga traffar=saol,so,saob
SVENSKA_SE_HAMTAD tolkningsföreträde HTTP 200 6353
SYNONYMER_SE_HAMTAD tolkningsföreträde HTTP 200 244294
WIKTIONARY_HAMTAD tolkningsföreträde HTTP 200 405
UPPSLAGSORD tolkningsföreträde traffar=saol,so,saob
SVENSKA_SE_HAMTAD tomografi HTTP 200 6073
SYNONYMER_SE_HAMTAD tomografi HTTP 200 254178
WIKTIONARY_HAMTAD tomografi HTTP 200 675
UPPSLAGSORD tomografi traffar=saol,so,saob
SVENSKA_SE_HAMTAD tonus HTTP 200 5413
SYNONYMER_SE_HAMTAD tonus HTTP 200 244396
WIKTIONARY_HAMTAD tonus HTTP 200 597
UPPSLAGSORD tonus traffar=saol,so,saob
SVENSKA_SE_HAMTAD torso HTTP 200 6398
SYNONYMER_SE_HAMTAD torso HTTP 200 256848
WIKTIONARY_HAMTAD torso HTTP 200 1182
UPPSLAGSORD torso traffar=saol,so,saob
SVENSKA_SE_HAMTAD totaliter HTTP 200 5964
SYNONYMER_SE_HAMTAD totaliter HTTP 200 235554
WIKTIONARY_HAMTAD totaliter HTTP 200 247
UPPSLAGSORD totaliter traffar=saol,saob
SVENSKA_SE_HAMTAD totem HTTP 200 6995
SYNONYMER_SE_HAMTAD totem HTTP 200 254802
WIKTIONARY_HAMTAD totem HTTP 200 398
UPPSLAGSORD totem traffar=saol,so,saob
SVENSKA_SE_HAMTAD trakom HTTP 200 6196
SYNONYMER_SE_HAMTAD trakom HTTP 200 246556
WIKTIONARY_HAMTAD trakom HTTP 200 398
UPPSLAGSORD trakom traffar=saol,so,saob
FRAS_UTAN_UPPSLAGSORD trakta efter -- svenska.se-traffarna galler bestandsdelarna, inte frasen. Kastas.
SVENSKA_SE_HAMTAD trakta efter HTTP 200 20493
SYNONYMER_SE_HAMTAD trakta efter HTTP 200 224081
WIKTIONARY_HAMTAD trakta efter HTTP 200 398
UPPSLAGSORD trakta efter traffar=INGEN
SVENSKA_SE_HAMTAD traké HTTP 200 6023
SYNONYMER_SE_HAMTAD traké HTTP 200 236891
SYNONYMER_SE_ENDAST_ANVANDARBIDRAG traké
WIKTIONARY_HAMTAD traké HTTP 200 538
UPPSLAGSORD traké traffar=saol,so,saob
SVENSKA_SE_HAMTAD transparant HTTP 200 18336
SYNONYMER_SE_HAMTAD transparant HTTP 200 204223
WIKTIONARY_HAMTAD transparant HTTP 429 0
UPPSLAGSORD transparant traffar=saob
SVENSKA_SE_HAMTAD transparent HTTP 200 6256
SYNONYMER_SE_HAMTAD transparent HTTP 200 254218
WIKTIONARY_HAMTAD transparent HTTP 429 0
UPPSLAGSORD transparent traffar=saol,so,saob
SVENSKA_SE_HAMTAD transversal HTTP 200 9491
SYNONYMER_SE_HAMTAD transversal HTTP 200 264201
WIKTIONARY_HAMTAD transversal HTTP 200 407
UPPSLAGSORD transversal traffar=saol,so,saob
SVENSKA_SE_HAMTAD trassera HTTP 200 8894
SYNONYMER_SE_HAMTAD trassera HTTP 200 254437
WIKTIONARY_HAMTAD trassera HTTP 200 473
UPPSLAGSORD trassera traffar=saol,so,saob
SVENSKA_SE_HAMTAD trema HTTP 200 6328
SYNONYMER_SE_HAMTAD trema HTTP 200 233598
WIKTIONARY_HAMTAD trema HTTP 200 1462
UPPSLAGSORD trema traffar=saol,so,saob
SVENSKA_SE_HAMTAD triage HTTP 200 7844
SYNONYMER_SE_HAMTAD triage HTTP 200 247604
WIKTIONARY_HAMTAD triage HTTP 200 950
UPPSLAGSORD triage traffar=saol,so
SVENSKA_SE_HAMTAD trikin HTTP 200 6458
SYNONYMER_SE_HAMTAD trikin HTTP 200 255443
WIKTIONARY_HAMTAD trikin HTTP 200 225
UPPSLAGSORD trikin traffar=saol,so,saob
SVENSKA_SE_HAMTAD trilsk HTTP 200 5897
SYNONYMER_SE_HAMTAD trilsk HTTP 200 280353
WIKTIONARY_HAMTAD trilsk HTTP 200 1092
UPPSLAGSORD trilsk traffar=saol,so,saob
SVENSKA_SE_HAMTAD trindsäd HTTP 200 4771
SYNONYMER_SE_HAMTAD trindsäd HTTP 200 245716
WIKTIONARY_HAMTAD trindsäd HTTP 200 398
UPPSLAGSORD trindsäd traffar=saol,so,saob
SVENSKA_SE_HAMTAD trivial HTTP 200 7481
SYNONYMER_SE_HAMTAD trivial HTTP 200 256391
WIKTIONARY_HAMTAD trivial HTTP 200 4568
UPPSLAGSORD trivial traffar=saol,so,saob
SVENSKA_SE_HAMTAD trivsam HTTP 200 7214
SYNONYMER_SE_HAMTAD trivsam HTTP 200 256958
WIKTIONARY_HAMTAD trivsam HTTP 200 965
UPPSLAGSORD trivsam traffar=saol,so,saob
SVENSKA_SE_HAMTAD trojansk HTTP 200 5102
SYNONYMER_SE_HAMTAD trojansk HTTP 200 246881
WIKTIONARY_HAMTAD trojansk HTTP 200 608
UPPSLAGSORD trojansk traffar=saol,so,saob
SVENSKA_SE_HAMTAD troké HTTP 200 6280
SYNONYMER_SE_HAMTAD troké HTTP 200 252260
WIKTIONARY_HAMTAD troké HTTP 429 0
UPPSLAGSORD troké traffar=saol,so,saob
FRAS_UTAN_UPPSLAGSORD trolla med knäna -- svenska.se-traffarna galler bestandsdelarna, inte frasen. Kastas.
SVENSKA_SE_HAMTAD trolla med knäna HTTP 200 17634
SYNONYMER_SE_HAMTAD trolla med knäna HTTP 200 204592
WIKTIONARY_HAMTAD trolla med knäna HTTP 429 0
UPPSLAGSORD trolla med knäna traffar=INGEN
SVENSKA_SE_HAMTAD trombocyter HTTP 200 7377
SYNONYMER_SE_HAMTAD trombocyter HTTP 200 246385
WIKTIONARY_HAMTAD trombocyter HTTP 200 169
UPPSLAGSORD trombocyter traffar=INGEN
SVENSKA_SE_HAMTAD trossats HTTP 200 6256
SYNONYMER_SE_HAMTAD trossats HTTP 200 246578
WIKTIONARY_HAMTAD trossats HTTP 200 398
UPPSLAGSORD trossats traffar=saol,so,saob
SVENSKA_SE_HAMTAD trosviss HTTP 200 6428
SYNONYMER_SE_HAMTAD trosviss HTTP 200 250786
WIKTIONARY_HAMTAD trosviss HTTP 200 398
UPPSLAGSORD trosviss traffar=saol,so,saob
SVENSKA_SE_HAMTAD truga HTTP 200 14657
SYNONYMER_SE_HAMTAD truga HTTP 200 308573
WIKTIONARY_HAMTAD truga HTTP 200 1277
UPPSLAGSORD truga traffar=saol,so,saob
SVENSKA_SE_HAMTAD truism HTTP 200 6381
SYNONYMER_SE_HAMTAD truism HTTP 200 263128
WIKTIONARY_HAMTAD truism HTTP 200 632
UPPSLAGSORD truism traffar=saol,so,saob
SVENSKA_SE_HAMTAD trulsa HTTP 200 13300
SYNONYMER_SE_HAMTAD trulsa HTTP 200 227654
SYNONYMER_SE_ENDAST_ANVANDARBIDRAG trulsa
WIKTIONARY_HAMTAD trulsa HTTP 200 398
UPPSLAGSORD trulsa traffar=saol,saob
SVENSKA_SE_HAMTAD tryffel HTTP 200 7165
SYNONYMER_SE_HAMTAD tryffel HTTP 200 262665
WIKTIONARY_HAMTAD tryffel HTTP 200 932
UPPSLAGSORD tryffel traffar=saol,so,saob
SVENSKA_SE_HAMTAD trymå HTTP 200 5981
SYNONYMER_SE_HAMTAD trymå HTTP 200 249581
WIKTIONARY_HAMTAD trymå HTTP 200 1236
UPPSLAGSORD trymå traffar=saol,so,saob
SVENSKA_SE_HAMTAD träaktig HTTP 200 6237
SYNONYMER_SE_HAMTAD träaktig HTTP 200 242219
WIKTIONARY_HAMTAD träaktig HTTP 200 398
UPPSLAGSORD träaktig traffar=saol,so,saob
SVENSKA_SE_HAMTAD tråkning HTTP 200 6409
SYNONYMER_SE_HAMTAD tråkning HTTP 200 251411
WIKTIONARY_HAMTAD tråkning HTTP 200 398
UPPSLAGSORD tråkning traffar=saol,so,saob
FRAS_UTAN_UPPSLAGSORD tufsa (till) -- svenska.se-traffarna galler bestandsdelarna, inte frasen. Kastas.
SVENSKA_SE_HAMTAD tufsa (till) HTTP 200 14240
SYNONYMER_SE_HAMTAD tufsa (till) HTTP 200 204107
WIKTIONARY_HAMTAD tufsa (till) HTTP 429 0
UPPSLAGSORD tufsa (till) traffar=INGEN
SVENSKA_SE_HAMTAD tuktig HTTP 200 5202
SYNONYMER_SE_HAMTAD tuktig HTTP 200 243509
WIKTIONARY_HAMTAD tuktig HTTP 429 0
UPPSLAGSORD tuktig traffar=saol,so,saob
FRAS_UTAN_UPPSLAGSORD tummen i ögat -- svenska.se-traffarna galler bestandsdelarna, inte frasen. Kastas.
SVENSKA_SE_HAMTAD tummen i ögat HTTP 200 17663
SYNONYMER_SE_HAMTAD tummen i ögat HTTP 200 204360
WIKTIONARY_HAMTAD tummen i ögat HTTP 200 398
UPPSLAGSORD tummen i ögat traffar=INGEN
SVENSKA_SE_HAMTAD turbin HTTP 200 6980
SYNONYMER_SE_HAMTAD turbin HTTP 200 260139
WIKTIONARY_HAMTAD turbin HTTP 200 1203
UPPSLAGSORD turbin traffar=saol,so,saob
SVENSKA_SE_HAMTAD turturduva HTTP 200 6352
SYNONYMER_SE_HAMTAD turturduva HTTP 200 255410
WIKTIONARY_HAMTAD turturduva HTTP 200 1651
UPPSLAGSORD turturduva traffar=saol,so,saob
SVENSKA_SE_HAMTAD tusenkonstnär HTTP 200 5771
SYNONYMER_SE_HAMTAD tusenkonstnär HTTP 200 254977
WIKTIONARY_HAMTAD tusenkonstnär HTTP 200 1697
UPPSLAGSORD tusenkonstnär traffar=saol,so,saob
SVENSKA_SE_HAMTAD tvesovla HTTP 200 17891
SYNONYMER_SE_HAMTAD tvesovla HTTP 200 204441
WIKTIONARY_HAMTAD tvesovla HTTP 200 398
UPPSLAGSORD tvesovla traffar=saob
FRAS_UTAN_UPPSLAGSORD tvista om påvens skägg -- svenska.se-traffarna galler bestandsdelarna, inte frasen. Kastas.
SVENSKA_SE_HAMTAD tvista om påvens skägg HTTP 200 17711
SYNONYMER_SE_HAMTAD tvista om påvens skägg HTTP 200 218962
WIKTIONARY_HAMTAD tvista om påvens skägg HTTP 200 398
UPPSLAGSORD tvista om påvens skägg traffar=INGEN
FRAS_UTAN_UPPSLAGSORD två / tvaga -- svenska.se-traffarna galler bestandsdelarna, inte frasen. Kastas.
SVENSKA_SE_HAMTAD två / tvaga HTTP 200 20009
SYNONYMER_SE_HAMTAD två / tvaga HTTP 404 0
WIKTIONARY_HAMTAD två / tvaga HTTP 200 398
UPPSLAGSORD två / tvaga traffar=INGEN
FRAS_UTAN_UPPSLAGSORD ty sig till -- svenska.se-traffarna galler bestandsdelarna, inte frasen. Kastas.
SVENSKA_SE_HAMTAD ty sig till HTTP 200 19834
SYNONYMER_SE_HAMTAD ty sig till HTTP 200 224963
WIKTIONARY_HAMTAD ty sig till HTTP 200 400
UPPSLAGSORD ty sig till traffar=INGEN
SVENSKA_SE_HAMTAD tyg- HTTP 200 137594
SYNONYMER_SE_HAMTAD tyg- HTTP 200 204288
WIKTIONARY_HAMTAD tyg- HTTP 200 398
UPPSLAGSORD tyg- traffar=saol,so
SVENSKA_SE_HAMTAD typfall HTTP 200 6302
SYNONYMER_SE_HAMTAD typfall HTTP 200 246554
WIKTIONARY_HAMTAD typfall HTTP 200 398
UPPSLAGSORD typfall traffar=saol,so,saob
SVENSKA_SE_HAMTAD typifiera HTTP 200 7548
SYNONYMER_SE_HAMTAD typifiera HTTP 200 249588
WIKTIONARY_HAMTAD typifiera HTTP 200 398
UPPSLAGSORD typifiera traffar=saol,so,saob
SVENSKA_SE_HAMTAD täkt HTTP 200 7447
SYNONYMER_SE_HAMTAD täkt HTTP 200 259089
WIKTIONARY_HAMTAD täkt HTTP 429 0
UPPSLAGSORD täkt traffar=saol,so,saob
SVENSKA_SE_HAMTAD tålig HTTP 200 8406
SYNONYMER_SE_HAMTAD tålig HTTP 200 267090
WIKTIONARY_HAMTAD tålig HTTP 429 0
UPPSLAGSORD tålig traffar=saol,so,saob
SVENSKA_SE_HAMTAD tåpig HTTP 200 11526
SYNONYMER_SE_HAMTAD tåpig HTTP 200 223184
WIKTIONARY_HAMTAD tåpig HTTP 200 398
UPPSLAGSORD tåpig traffar=saol,saob
SVENSKA_SE_HAMTAD töcknig HTTP 200 6596
SYNONYMER_SE_HAMTAD töcknig HTTP 200 248041
WIKTIONARY_HAMTAD töcknig HTTP 200 398
UPPSLAGSORD töcknig traffar=saol,so,saob
SVENSKA_SE_HAMTAD töra HTTP 200 113701
SYNONYMER_SE_HAMTAD töra HTTP 200 203890
WIKTIONARY_HAMTAD töra HTTP 200 398
UPPSLAGSORD töra hittad som uppslagsform 'töras'
UPPSLAGSORD töra traffar=saol,so,saob via=töras
FRAS_UTAN_UPPSLAGSORD törna (emot/ihop) -- svenska.se-traffarna galler bestandsdelarna, inte frasen. Kastas.
SVENSKA_SE_HAMTAD törna (emot/ihop) HTTP 200 17693
SYNONYMER_SE_HAMTAD törna (emot/ihop) HTTP 404 0
WIKTIONARY_HAMTAD törna (emot/ihop) HTTP 200 398
UPPSLAGSORD törna (emot/ihop) traffar=INGEN
SVENSKA_SE_HAMTAD ulcerös HTTP 200 4716
SYNONYMER_SE_HAMTAD ulcerös HTTP 200 235850
WIKTIONARY_HAMTAD ulcerös HTTP 200 398
UPPSLAGSORD ulcerös traffar=saol,so,saob
SVENSKA_SE_HAMTAD umbra HTTP 200 5715
SYNONYMER_SE_HAMTAD umbra HTTP 200 240615
WIKTIONARY_HAMTAD umbra HTTP 200 766
UPPSLAGSORD umbra traffar=saol,so,saob
SVENSKA_SE_HAMTAD umbärande HTTP 200 11011
SYNONYMER_SE_HAMTAD umbärande HTTP 200 257278
WIKTIONARY_HAMTAD umbärande HTTP 200 1281
UPPSLAGSORD umbärande traffar=saol,so,saob
SVENSKA_SE_HAMTAD umgälla HTTP 200 7922
SYNONYMER_SE_HAMTAD umgälla HTTP 200 261165
WIKTIONARY_HAMTAD umgälla HTTP 200 771
UPPSLAGSORD umgälla traffar=saol,so,saob
SVENSKA_SE_HAMTAD underkyld HTTP 200 6348
SYNONYMER_SE_HAMTAD underkyld HTTP 200 241141
WIKTIONARY_HAMTAD underkyld HTTP 200 621
UPPSLAGSORD underkyld traffar=saol,so
SVENSKA_SE_HAMTAD undfå HTTP 200 6508
SYNONYMER_SE_HAMTAD undfå HTTP 200 258106
WIKTIONARY_HAMTAD undfå HTTP 200 203
UPPSLAGSORD undfå traffar=saol,so,saob
SVENSKA_SE_HAMTAD undulera HTTP 200 7778
SYNONYMER_SE_HAMTAD undulera HTTP 200 261151
WIKTIONARY_HAMTAD undulera HTTP 429 0
UPPSLAGSORD undulera traffar=saol,so,saob
SVENSKA_SE_HAMTAD unikat HTTP 200 6147
SYNONYMER_SE_HAMTAD unikat HTTP 200 245529
WIKTIONARY_HAMTAD unikat HTTP 429 0
UPPSLAGSORD unikat traffar=saol,so,saob
SVENSKA_SE_HAMTAD unilateral HTTP 200 5440
SYNONYMER_SE_HAMTAD unilateral HTTP 200 243815
WIKTIONARY_HAMTAD unilateral HTTP 200 472
UPPSLAGSORD unilateral traffar=saol,so,saob
SVENSKA_SE_HAMTAD uppbjuda HTTP 200 8288
SYNONYMER_SE_HAMTAD uppbjuda HTTP 200 264501
WIKTIONARY_HAMTAD uppbjuda HTTP 200 398
UPPSLAGSORD uppbjuda traffar=saol,so,saob
SVENSKA_SE_HAMTAD uppbrusande HTTP 200 8229
SYNONYMER_SE_HAMTAD uppbrusande HTTP 200 236217
WIKTIONARY_HAMTAD uppbrusande HTTP 200 398
UPPSLAGSORD uppbrusande traffar=saol
SVENSKA_SE_HAMTAD uppdaga HTTP 200 8118
SYNONYMER_SE_HAMTAD uppdaga HTTP 200 276715
WIKTIONARY_HAMTAD uppdaga HTTP 200 588
UPPSLAGSORD uppdaga traffar=saol,so,saob
SVENSKA_SE_HAMTAD uppdämt HTTP 200 9583
SYNONYMER_SE_HAMTAD uppdämt HTTP 200 249211
WIKTIONARY_HAMTAD uppdämt HTTP 200 168
UPPSLAGSORD uppdämt traffar=INGEN
SVENSKA_SE_HAMTAD uppknäppt HTTP 200 12006
SYNONYMER_SE_HAMTAD uppknäppt HTTP 200 247610
WIKTIONARY_HAMTAD uppknäppt HTTP 200 398
UPPSLAGSORD uppknäppt traffar=saol,so
SVENSKA_SE_HAMTAD upplag HTTP 200 8549
SYNONYMER_SE_HAMTAD upplag HTTP 200 259365
WIKTIONARY_HAMTAD upplag HTTP 200 854
UPPSLAGSORD upplag traffar=saol,so,saob
SVENSKA_SE_HAMTAD uppnäst HTTP 200 5571
SYNONYMER_SE_HAMTAD uppnäst HTTP 200 241349
WIKTIONARY_HAMTAD uppnäst HTTP 200 398
UPPSLAGSORD uppnäst traffar=saol,so,saob
SVENSKA_SE_HAMTAD uppskjuta HTTP 200 8419
SYNONYMER_SE_HAMTAD uppskjuta HTTP 200 292979
WIKTIONARY_HAMTAD uppskjuta HTTP 200 616
UPPSLAGSORD uppskjuta traffar=saol,so,saob
SVENSKA_SE_HAMTAD uppstyltad HTTP 200 5955
SYNONYMER_SE_HAMTAD uppstyltad HTTP 200 242026
WIKTIONARY_HAMTAD uppstyltad HTTP 200 371
UPPSLAGSORD uppstyltad traffar=saol,so
SVENSKA_SE_HAMTAD uppsåtlig HTTP 200 5330
SYNONYMER_SE_HAMTAD uppsåtlig HTTP 200 250310
WIKTIONARY_HAMTAD uppsåtlig HTTP 429 0
UPPSLAGSORD uppsåtlig traffar=saol,so,saob
SVENSKA_SE_HAMTAD uppträde HTTP 200 7007
SYNONYMER_SE_HAMTAD uppträde HTTP 200 281395
WIKTIONARY_HAMTAD uppträde HTTP 429 0
UPPSLAGSORD uppträde traffar=saol,so,saob
SVENSKA_SE_HAMTAD uppvigla HTTP 200 9176
SYNONYMER_SE_HAMTAD uppvigla HTTP 200 285949
WIKTIONARY_HAMTAD uppvigla HTTP 200 803
UPPSLAGSORD uppvigla traffar=saol,so,saob
SVENSKA_SE_HAMTAD urbanisering HTTP 200 4917
SYNONYMER_SE_HAMTAD urbanisering HTTP 200 251550
SYNONYMER_SE_ENDAST_ANVANDARBIDRAG urbanisering
WIKTIONARY_HAMTAD urbanisering HTTP 200 784
UPPSLAGSORD urbanisering traffar=saol,so,saob
SVENSKA_SE_HAMTAD urringad HTTP 200 6920
SYNONYMER_SE_HAMTAD urringad HTTP 200 247930
WIKTIONARY_HAMTAD urringad HTTP 200 398
UPPSLAGSORD urringad traffar=saol,so
SVENSKA_SE_HAMTAD usuell HTTP 200 11274
SYNONYMER_SE_HAMTAD usuell HTTP 200 231076
WIKTIONARY_HAMTAD usuell HTTP 200 332
UPPSLAGSORD usuell traffar=saol,saob
SVENSKA_SE_HAMTAD usurpator HTTP 200 5871
SYNONYMER_SE_HAMTAD usurpator HTTP 200 236890
WIKTIONARY_HAMTAD usurpator HTTP 200 868
UPPSLAGSORD usurpator traffar=saol,so,saob
SVENSKA_SE_HAMTAD utagerad HTTP 200 6346
SYNONYMER_SE_HAMTAD utagerad HTTP 200 239757
WIKTIONARY_HAMTAD utagerad HTTP 200 291
UPPSLAGSORD utagerad traffar=saol,so
FRAS_UTAN_UPPSLAGSORD utan krus -- svenska.se-traffarna galler bestandsdelarna, inte frasen. Kastas.
SVENSKA_SE_HAMTAD utan krus HTTP 200 19052
SYNONYMER_SE_HAMTAD utan krus HTTP 200 210095
WIKTIONARY_HAMTAD utan krus HTTP 200 398
UPPSLAGSORD utan krus traffar=INGEN
FRAS_UTAN_UPPSLAGSORD utan omsvep -- svenska.se-traffarna galler bestandsdelarna, inte frasen. Kastas.
SVENSKA_SE_HAMTAD utan omsvep HTTP 200 19756
SYNONYMER_SE_HAMTAD utan omsvep HTTP 200 231131
WIKTIONARY_HAMTAD utan omsvep HTTP 200 398
UPPSLAGSORD utan omsvep traffar=INGEN
FRAS_UTAN_UPPSLAGSORD utan prut -- svenska.se-traffarna galler bestandsdelarna, inte frasen. Kastas.
SVENSKA_SE_HAMTAD utan prut HTTP 200 19423
SYNONYMER_SE_HAMTAD utan prut HTTP 200 219652
WIKTIONARY_HAMTAD utan prut HTTP 200 398
UPPSLAGSORD utan prut traffar=INGEN
SVENSKA_SE_HAMTAD utdikning HTTP 200 14263
SYNONYMER_SE_HAMTAD utdikning HTTP 200 254115
WIKTIONARY_HAMTAD utdikning HTTP 200 412
UPPSLAGSORD utdikning traffar=saol
FRAS_UTAN_UPPSLAGSORD utgjuta sitt hjärta -- svenska.se-traffarna galler bestandsdelarna, inte frasen. Kastas.
SVENSKA_SE_HAMTAD utgjuta sitt hjärta HTTP 200 2636
SYNONYMER_SE_HAMTAD utgjuta sitt hjärta HTTP 200 218468
WIKTIONARY_HAMTAD utgjuta sitt hjärta HTTP 429 0
UPPSLAGSORD utgjuta sitt hjärta traffar=INGEN
SVENSKA_SE_HAMTAD utgjutning HTTP 200 8526
SYNONYMER_SE_HAMTAD utgjutning HTTP 200 262165
WIKTIONARY_HAMTAD utgjutning HTTP 429 0
UPPSLAGSORD utgjutning traffar=saol,so
SVENSKA_SE_HAMTAD utgrunda HTTP 200 8509
SYNONYMER_SE_HAMTAD utgrunda HTTP 200 264708
WIKTIONARY_HAMTAD utgrunda HTTP 200 398
UPPSLAGSORD utgrunda traffar=saol,so,saob
SVENSKA_SE_HAMTAD utkomst HTTP 200 6563
SYNONYMER_SE_HAMTAD utkomst HTTP 200 277887
WIKTIONARY_HAMTAD utkomst HTTP 200 1133
UPPSLAGSORD utkomst traffar=saol,so,saob
SVENSKA_SE_HAMTAD utkvittera HTTP 200 7665
SYNONYMER_SE_HAMTAD utkvittera HTTP 200 244306
WIKTIONARY_HAMTAD utkvittera HTTP 200 398
UPPSLAGSORD utkvittera traffar=saol,so,saob
SVENSKA_SE_HAMTAD utled HTTP 200 6138
SYNONYMER_SE_HAMTAD utled HTTP 200 252376
WIKTIONARY_HAMTAD utled HTTP 200 398
UPPSLAGSORD utled traffar=saol,so,saob
SVENSKA_SE_HAMTAD utläggning HTTP 200 9053
SYNONYMER_SE_HAMTAD utläggning HTTP 200 265729
WIKTIONARY_HAMTAD utläggning HTTP 200 1122
UPPSLAGSORD utläggning traffar=saol,so
SVENSKA_SE_HAMTAD utlåta HTTP 200 18768
SYNONYMER_SE_HAMTAD utlåta HTTP 200 250398
WIKTIONARY_HAMTAD utlåta HTTP 200 400
UPPSLAGSORD utlåta traffar=saob
SVENSKA_SE_HAMTAD utmejsla HTTP 200 7344
SYNONYMER_SE_HAMTAD utmejsla HTTP 200 255639
WIKTIONARY_HAMTAD utmejsla HTTP 200 398
UPPSLAGSORD utmejsla traffar=saol,so,saob
SVENSKA_SE_HAMTAD utrensa HTTP 200 8272
SYNONYMER_SE_HAMTAD utrensa HTTP 200 274480
WIKTIONARY_HAMTAD utrensa HTTP 200 398
UPPSLAGSORD utrensa traffar=saol,so,saob
SVENSKA_SE_HAMTAD utschasad HTTP 200 6257
SYNONYMER_SE_HAMTAD utschasad HTTP 200 254185
WIKTIONARY_HAMTAD utschasad HTTP 200 398
UPPSLAGSORD utschasad traffar=saol,so,saob
SVENSKA_SE_HAMTAD utsiktslöst HTTP 200 7491
SYNONYMER_SE_HAMTAD utsiktslöst HTTP 200 254509
WIKTIONARY_HAMTAD utsiktslöst HTTP 200 398
UPPSLAGSORD utsiktslöst hittad som uppslagsform 'utsiktslös'
UPPSLAGSORD utsiktslöst traffar=saol,so,saob via=utsiktslös
SVENSKA_SE_HAMTAD utslagsgivande HTTP 200 4842
SYNONYMER_SE_HAMTAD utslagsgivande HTTP 200 242754
WIKTIONARY_HAMTAD utslagsgivande HTTP 429 0
UPPSLAGSORD utslagsgivande traffar=saol,so,saob
SVENSKA_SE_HAMTAD utspekulerad HTTP 200 6281
SYNONYMER_SE_HAMTAD utspekulerad HTTP 200 250158
WIKTIONARY_HAMTAD utspekulerad HTTP 429 0
UPPSLAGSORD utspekulerad traffar=saol,so
SVENSKA_SE_HAMTAD utverka HTTP 200 7431
SYNONYMER_SE_HAMTAD utverka HTTP 200 276264
WIKTIONARY_HAMTAD utverka HTTP 200 341
UPPSLAGSORD utverka traffar=saol,so,saob
SVENSKA_SE_HAMTAD utväxla HTTP 200 8774
SYNONYMER_SE_HAMTAD utväxla HTTP 200 272760
WIKTIONARY_HAMTAD utväxla HTTP 200 1406
UPPSLAGSORD utväxla traffar=saol,so,saob
SVENSKA_SE_HAMTAD vadmal HTTP 200 5930
SYNONYMER_SE_HAMTAD vadmal HTTP 200 259437
WIKTIONARY_HAMTAD vadmal HTTP 200 1304
UPPSLAGSORD vadmal traffar=saol,so,saob
SVENSKA_SE_HAMTAD vaktel HTTP 200 6297
SYNONYMER_SE_HAMTAD vaktel HTTP 200 263101
WIKTIONARY_HAMTAD vaktel HTTP 200 1254
UPPSLAGSORD vaktel traffar=saol,so,saob
SVENSKA_SE_HAMTAD valeriana HTTP 200 5437
SYNONYMER_SE_HAMTAD valeriana HTTP 200 250785
WIKTIONARY_HAMTAD valeriana HTTP 200 235
UPPSLAGSORD valeriana traffar=saol,so,saob
SVENSKA_SE_HAMTAD vals HTTP 200 27810
SYNONYMER_SE_HAMTAD vals HTTP 200 305850
WIKTIONARY_HAMTAD vals HTTP 200 3251
UPPSLAGSORD vals traffar=saol,so,saob
SVENSKA_SE_HAMTAD vandel HTTP 200 6596
SYNONYMER_SE_HAMTAD vandel HTTP 200 269128
WIKTIONARY_HAMTAD vandel HTTP 200 1326
UPPSLAGSORD vandel traffar=saol,so,saob
SVENSKA_SE_HAMTAD vankelmod HTTP 200 5936
SYNONYMER_SE_HAMTAD vankelmod HTTP 200 263171
WIKTIONARY_HAMTAD vankelmod HTTP 200 1176
UPPSLAGSORD vankelmod traffar=saol,so,saob
SVENSKA_SE_HAMTAD vanlottad HTTP 200 5736
SYNONYMER_SE_HAMTAD vanlottad HTTP 200 245527
WIKTIONARY_HAMTAD vanlottad HTTP 200 398
UPPSLAGSORD vanlottad traffar=saol,so
SVENSKA_SE_HAMTAD vantrogen HTTP 200 5264
SYNONYMER_SE_HAMTAD vantrogen HTTP 200 235446
WIKTIONARY_HAMTAD vantrogen HTTP 200 398
UPPSLAGSORD vantrogen traffar=saol,so,saob
FRAS_UTAN_UPPSLAGSORD vara (p)å färde -- svenska.se-traffarna galler bestandsdelarna, inte frasen. Kastas.
SVENSKA_SE_HAMTAD vara (p)å färde HTTP 200 17690
SYNONYMER_SE_HAMTAD vara (p)å färde HTTP 200 204371
WIKTIONARY_HAMTAD vara (p)å färde HTTP 429 0
UPPSLAGSORD vara (p)å färde traffar=INGEN
FRAS_UTAN_UPPSLAGSORD vara av börd -- svenska.se-traffarna galler bestandsdelarna, inte frasen. Kastas.
SVENSKA_SE_HAMTAD vara av börd HTTP 200 19787
SYNONYMER_SE_HAMTAD vara av börd HTTP 200 187737
WIKTIONARY_HAMTAD vara av börd HTTP 429 0
UPPSLAGSORD vara av börd traffar=INGEN
FRAS_UTAN_UPPSLAGSORD vara begiven på -- svenska.se-traffarna galler bestandsdelarna, inte frasen. Kastas.
SVENSKA_SE_HAMTAD vara begiven på HTTP 200 17681
SYNONYMER_SE_HAMTAD vara begiven på HTTP 200 187891
WIKTIONARY_HAMTAD vara begiven på HTTP 200 398
UPPSLAGSORD vara begiven på traffar=INGEN
FRAS_UTAN_UPPSLAGSORD vara främmande för -- svenska.se-traffarna galler bestandsdelarna, inte frasen. Kastas.
SVENSKA_SE_HAMTAD vara främmande för HTTP 200 17698
SYNONYMER_SE_HAMTAD vara främmande för HTTP 200 187951
WIKTIONARY_HAMTAD vara främmande för HTTP 200 398
UPPSLAGSORD vara främmande för traffar=INGEN
FRAS_UTAN_UPPSLAGSORD vara i delo med -- svenska.se-traffarna galler bestandsdelarna, inte frasen. Kastas.
SVENSKA_SE_HAMTAD vara i delo med HTTP 200 17667
SYNONYMER_SE_HAMTAD vara i delo med HTTP 200 187787
WIKTIONARY_HAMTAD vara i delo med HTTP 200 398
UPPSLAGSORD vara i delo med traffar=INGEN
FRAS_UTAN_UPPSLAGSORD vara i faggorna -- svenska.se-traffarna galler bestandsdelarna, inte frasen. Kastas.
SVENSKA_SE_HAMTAD vara i faggorna HTTP 200 17635
SYNONYMER_SE_HAMTAD vara i faggorna HTTP 200 218336
WIKTIONARY_HAMTAD vara i faggorna HTTP 200 398
UPPSLAGSORD vara i faggorna traffar=INGEN
FRAS_UTAN_UPPSLAGSORD vara i krokarna -- svenska.se-traffarna galler bestandsdelarna, inte frasen. Kastas.
SVENSKA_SE_HAMTAD vara i krokarna HTTP 200 17691
SYNONYMER_SE_HAMTAD vara i krokarna HTTP 200 204567
WIKTIONARY_HAMTAD vara i krokarna HTTP 200 398
UPPSLAGSORD vara i krokarna traffar=INGEN
FRAS_UTAN_UPPSLAGSORD vara i olag -- svenska.se-traffarna galler bestandsdelarna, inte frasen. Kastas.
SVENSKA_SE_HAMTAD vara i olag HTTP 200 19767
SYNONYMER_SE_HAMTAD vara i olag HTTP 200 187869
WIKTIONARY_HAMTAD vara i olag HTTP 200 398
UPPSLAGSORD vara i olag traffar=INGEN
FRAS_UTAN_UPPSLAGSORD vara i ropet -- svenska.se-traffarna galler bestandsdelarna, inte frasen. Kastas.
SVENSKA_SE_HAMTAD vara i ropet HTTP 200 17658
SYNONYMER_SE_HAMTAD vara i ropet HTTP 200 220935
SYNONYMER_SE_ENDAST_ANVANDARBIDRAG vara i ropet
WIKTIONARY_HAMTAD vara i ropet HTTP 200 398
UPPSLAGSORD vara i ropet traffar=INGEN
FRAS_UTAN_UPPSLAGSORD vara i svang -- svenska.se-traffarna galler bestandsdelarna, inte frasen. Kastas.
SVENSKA_SE_HAMTAD vara i svang HTTP 200 19722
SYNONYMER_SE_HAMTAD vara i svang HTTP 200 210070
WIKTIONARY_HAMTAD vara i svang HTTP 200 398
UPPSLAGSORD vara i svang traffar=INGEN
FRAS_UTAN_UPPSLAGSORD vara i välsignat tillstånd -- svenska.se-traffarna galler bestandsdelarna, inte frasen. Kastas.
SVENSKA_SE_HAMTAD vara i välsignat tillstånd HTTP 200 17779
SYNONYMER_SE_HAMTAD vara i välsignat tillstånd HTTP 200 188035
WIKTIONARY_HAMTAD vara i välsignat tillstånd HTTP 200 398
UPPSLAGSORD vara i välsignat tillstånd traffar=INGEN
FRAS_UTAN_UPPSLAGSORD vara ifrån sig -- svenska.se-traffarna galler bestandsdelarna, inte frasen. Kastas.
SVENSKA_SE_HAMTAD vara ifrån sig HTTP 200 19855
SYNONYMER_SE_HAMTAD vara ifrån sig HTTP 200 218057
WIKTIONARY_HAMTAD vara ifrån sig HTTP 200 398
UPPSLAGSORD vara ifrån sig traffar=INGEN
FRAS_UTAN_UPPSLAGSORD vara införstådd med -- svenska.se-traffarna galler bestandsdelarna, inte frasen. Kastas.
SVENSKA_SE_HAMTAD vara införstådd med HTTP 200 17711
SYNONYMER_SE_HAMTAD vara införstådd med HTTP 200 224367
WIKTIONARY_HAMTAD vara införstådd med HTTP 429 0
UPPSLAGSORD vara införstådd med traffar=INGEN
FRAS_UTAN_UPPSLAGSORD vara karl för sin hatt -- svenska.se-traffarna galler bestandsdelarna, inte frasen. Kastas.
SVENSKA_SE_HAMTAD vara karl för sin hatt HTTP 200 17707
SYNONYMER_SE_HAMTAD vara karl för sin hatt HTTP 200 218611
SYNONYMER_SE_ENDAST_ANVANDARBIDRAG vara karl för sin hatt
WIKTIONARY_HAMTAD vara karl för sin hatt HTTP 429 0
UPPSLAGSORD vara karl för sin hatt traffar=INGEN
FRAS_UTAN_UPPSLAGSORD vara läns på -- svenska.se-traffarna galler bestandsdelarna, inte frasen. Kastas.
SVENSKA_SE_HAMTAD vara läns på HTTP 200 19081
SYNONYMER_SE_HAMTAD vara läns på HTTP 200 188044
WIKTIONARY_HAMTAD vara läns på HTTP 200 398
UPPSLAGSORD vara läns på traffar=INGEN
FRAS_UTAN_UPPSLAGSORD vara ngn förbunden -- svenska.se-traffarna galler bestandsdelarna, inte frasen. Kastas.
SVENSKA_SE_HAMTAD vara ngn förbunden HTTP 200 17692
SYNONYMER_SE_HAMTAD vara ngn förbunden HTTP 200 204879
WIKTIONARY_HAMTAD vara ngn förbunden HTTP 200 398
UPPSLAGSORD vara ngn förbunden traffar=INGEN
FRAS_UTAN_UPPSLAGSORD vara på fallrepet -- svenska.se-traffarna galler bestandsdelarna, inte frasen. Kastas.
SVENSKA_SE_HAMTAD vara på fallrepet HTTP 200 2630
SYNONYMER_SE_HAMTAD vara på fallrepet HTTP 200 230508
WIKTIONARY_HAMTAD vara på fallrepet HTTP 200 398
UPPSLAGSORD vara på fallrepet traffar=INGEN
FRAS_UTAN_UPPSLAGSORD vara på kanelen -- svenska.se-traffarna galler bestandsdelarna, inte frasen. Kastas.
SVENSKA_SE_HAMTAD vara på kanelen HTTP 200 2261
SYNONYMER_SE_HAMTAD vara på kanelen HTTP 200 204876
WIKTIONARY_HAMTAD vara på kanelen HTTP 200 398
UPPSLAGSORD vara på kanelen traffar=INGEN
FRAS_UTAN_UPPSLAGSORD vara på upphällningen -- svenska.se-traffarna galler bestandsdelarna, inte frasen. Kastas.
SVENSKA_SE_HAMTAD vara på upphällningen HTTP 200 17755
SYNONYMER_SE_HAMTAD vara på upphällningen HTTP 200 229836
WIKTIONARY_HAMTAD vara på upphällningen HTTP 200 398
UPPSLAGSORD vara på upphällningen traffar=INGEN
FRAS_UTAN_UPPSLAGSORD vara på vippen -- svenska.se-traffarna galler bestandsdelarna, inte frasen. Kastas.
SVENSKA_SE_HAMTAD vara på vippen HTTP 200 17657
SYNONYMER_SE_HAMTAD vara på vippen HTTP 200 215069
WIKTIONARY_HAMTAD vara på vippen HTTP 200 398
UPPSLAGSORD vara på vippen traffar=INGEN
FRAS_UTAN_UPPSLAGSORD vara renons -- svenska.se-traffarna galler bestandsdelarna, inte frasen. Kastas.
SVENSKA_SE_HAMTAD vara renons HTTP 200 2609
SYNONYMER_SE_HAMTAD vara renons HTTP 200 204330
WIKTIONARY_HAMTAD vara renons HTTP 200 398
UPPSLAGSORD vara renons traffar=INGEN
FRAS_UTAN_UPPSLAGSORD vara som förgjort -- svenska.se-traffarna galler bestandsdelarna, inte frasen. Kastas.
SVENSKA_SE_HAMTAD vara som förgjort HTTP 200 17700
SYNONYMER_SE_HAMTAD vara som förgjort HTTP 200 204918
WIKTIONARY_HAMTAD vara som förgjort HTTP 200 398
UPPSLAGSORD vara som förgjort traffar=INGEN
FRAS_UTAN_UPPSLAGSORD vara styv i -- svenska.se-traffarna galler bestandsdelarna, inte frasen. Kastas.
SVENSKA_SE_HAMTAD vara styv i HTTP 200 19017
SYNONYMER_SE_HAMTAD vara styv i HTTP 200 187892
WIKTIONARY_HAMTAD vara styv i HTTP 200 398
UPPSLAGSORD vara styv i traffar=INGEN
FRAS_UTAN_UPPSLAGSORD vara till lags -- svenska.se-traffarna galler bestandsdelarna, inte frasen. Kastas.
SVENSKA_SE_HAMTAD vara till lags HTTP 200 19812
SYNONYMER_SE_HAMTAD vara till lags HTTP 200 231853
WIKTIONARY_HAMTAD vara till lags HTTP 200 398
UPPSLAGSORD vara till lags traffar=INGEN
FRAS_UTAN_UPPSLAGSORD vara under uppsegling -- svenska.se-traffarna galler bestandsdelarna, inte frasen. Kastas.
SVENSKA_SE_HAMTAD vara under uppsegling HTTP 200 17715
SYNONYMER_SE_HAMTAD vara under uppsegling HTTP 200 231884
WIKTIONARY_HAMTAD vara under uppsegling HTTP 429 0
UPPSLAGSORD vara under uppsegling traffar=INGEN
FRAS_UTAN_UPPSLAGSORD vara ur slag -- svenska.se-traffarna galler bestandsdelarna, inte frasen. Kastas.
SVENSKA_SE_HAMTAD vara ur slag HTTP 200 19078
SYNONYMER_SE_HAMTAD vara ur slag HTTP 200 188010
WIKTIONARY_HAMTAD vara ur slag HTTP 429 0
UPPSLAGSORD vara ur slag traffar=INGEN
SVENSKA_SE_HAMTAD vargatider HTTP 200 5752
SYNONYMER_SE_HAMTAD vargatider HTTP 200 234634
WIKTIONARY_HAMTAD vargatider HTTP 200 398
UPPSLAGSORD vargatider traffar=so
FRAS_UTAN_UPPSLAGSORD varje moln har silverkant -- svenska.se-traffarna galler bestandsdelarna, inte frasen. Kastas.
SVENSKA_SE_HAMTAD varje moln har silverkant HTTP 200 17661
SYNONYMER_SE_HAMTAD varje moln har silverkant HTTP 200 204720
WIKTIONARY_HAMTAD varje moln har silverkant HTTP 200 398
UPPSLAGSORD varje moln har silverkant traffar=INGEN
FRAS_UTAN_UPPSLAGSORD varken hackat eller malet -- svenska.se-traffarna galler bestandsdelarna, inte frasen. Kastas.
SVENSKA_SE_HAMTAD varken hackat eller malet HTTP 200 2289
SYNONYMER_SE_HAMTAD varken hackat eller malet HTTP 200 204587
WIKTIONARY_HAMTAD varken hackat eller malet HTTP 200 837
UPPSLAGSORD varken hackat eller malet traffar=INGEN
SVENSKA_SE_HAMTAD varp HTTP 200 15505
SYNONYMER_SE_HAMTAD varp HTTP 200 290093
WIKTIONARY_HAMTAD varp HTTP 200 2055
UPPSLAGSORD varp traffar=saol,so,saob
SVENSKA_SE_HAMTAD varva HTTP 200 17934
SYNONYMER_SE_HAMTAD varva HTTP 200 269979
WIKTIONARY_HAMTAD varva HTTP 200 1361
UPPSLAGSORD varva traffar=saol,so,saob
SVENSKA_SE_HAMTAD vasall HTTP 200 6789
SYNONYMER_SE_HAMTAD vasall HTTP 200 267710
WIKTIONARY_HAMTAD vasall HTTP 200 1768
UPPSLAGSORD vasall traffar=saol,so,saob
SVENSKA_SE_HAMTAD vasstäckt HTTP 200 11430
SYNONYMER_SE_HAMTAD vasstäckt HTTP 200 227382
WIKTIONARY_HAMTAD vasstäckt HTTP 200 398
UPPSLAGSORD vasstäckt traffar=saol,saob
FRAS_UTAN_UPPSLAGSORD vatten under broarna -- svenska.se-traffarna galler bestandsdelarna, inte frasen. Kastas.
SVENSKA_SE_HAMTAD vatten under broarna HTTP 200 2636
SYNONYMER_SE_HAMTAD vatten under broarna HTTP 200 204473
WIKTIONARY_HAMTAD vatten under broarna HTTP 200 398
UPPSLAGSORD vatten under broarna traffar=INGEN
SVENSKA_SE_HAMTAD vattrig HTTP 200 18548
SYNONYMER_SE_HAMTAD vattrig HTTP 200 215885
WIKTIONARY_HAMTAD vattrig HTTP 200 398
UPPSLAGSORD vattrig traffar=saob
FRAS_UTAN_UPPSLAGSORD vaudeville / vådevill -- svenska.se-traffarna galler bestandsdelarna, inte frasen. Kastas.
SVENSKA_SE_HAMTAD vaudeville / vådevill HTTP 200 17724
SYNONYMER_SE_HAMTAD vaudeville / vådevill HTTP 404 0
WIKTIONARY_HAMTAD vaudeville / vådevill HTTP 200 398
UPPSLAGSORD vaudeville / vådevill traffar=INGEN
SVENSKA_SE_HAMTAD vederkvickande HTTP 200 9305
SYNONYMER_SE_HAMTAD vederkvickande HTTP 200 234197
WIKTIONARY_HAMTAD vederkvickande HTTP 429 0
UPPSLAGSORD vederkvickande traffar=INGEN
SVENSKA_SE_HAMTAD vederlag HTTP 200 8135
SYNONYMER_SE_HAMTAD vederlag HTTP 200 261681
WIKTIONARY_HAMTAD vederlag HTTP 429 0
UPPSLAGSORD vederlag traffar=saol,so,saob
SVENSKA_SE_HAMTAD vegetativ HTTP 200 5392
SYNONYMER_SE_HAMTAD vegetativ HTTP 200 243585
WIKTIONARY_HAMTAD vegetativ HTTP 200 398
UPPSLAGSORD vegetativ traffar=saol,so,saob
SVENSKA_SE_HAMTAD veläng HTTP 200 5245
SYNONYMER_SE_HAMTAD veläng HTTP 200 248037
WIKTIONARY_HAMTAD veläng HTTP 200 398
UPPSLAGSORD veläng traffar=saol,so,saob
SVENSKA_SE_HAMTAD venerologi HTTP 200 133298
SYNONYMER_SE_HAMTAD venerologi HTTP 200 204402
WIKTIONARY_HAMTAD venerologi HTTP 200 354
UPPSLAGSORD venerologi traffar=INGEN
SVENSKA_SE_HAMTAD verbalisera HTTP 200 7026
SYNONYMER_SE_HAMTAD verbalisera HTTP 200 254632
WIKTIONARY_HAMTAD verbalisera HTTP 200 398
UPPSLAGSORD verbalisera traffar=saol,so,saob
SVENSKA_SE_HAMTAD vermiljon HTTP 200 146103
SYNONYMER_SE_HAMTAD vermiljon HTTP 200 204216
WIKTIONARY_HAMTAD vermiljon HTTP 200 398
UPPSLAGSORD vermiljon traffar=INGEN
SVENSKA_SE_HAMTAD vermillon HTTP 200 17978
SYNONYMER_SE_HAMTAD vermillon HTTP 200 216670
WIKTIONARY_HAMTAD vermillon HTTP 200 161
UPPSLAGSORD vermillon traffar=saob
SVENSKA_SE_HAMTAD vernissage HTTP 200 6285
SYNONYMER_SE_HAMTAD vernissage HTTP 200 263394
WIKTIONARY_HAMTAD vernissage HTTP 200 1603
UPPSLAGSORD vernissage traffar=saol,so,saob
SVENSKA_SE_HAMTAD vertigo HTTP 200 147964
SYNONYMER_SE_HAMTAD vertigo HTTP 200 224392
WIKTIONARY_HAMTAD vertigo HTTP 200 164
UPPSLAGSORD vertigo traffar=INGEN
SVENSKA_SE_HAMTAD verv HTTP 200 5234
SYNONYMER_SE_HAMTAD verv HTTP 200 233286
WIKTIONARY_HAMTAD verv HTTP 200 344
UPPSLAGSORD verv traffar=saol,so,saob
SVENSKA_SE_HAMTAD vestibulum HTTP 200 18173
SYNONYMER_SE_HAMTAD vestibulum HTTP 200 209960
SYNONYMER_SE_ENDAST_ANVANDARBIDRAG vestibulum
WIKTIONARY_HAMTAD vestibulum HTTP 200 157
UPPSLAGSORD vestibulum traffar=saob
SVENSKA_SE_HAMTAD via HTTP 200 7745
SYNONYMER_SE_HAMTAD via HTTP 200 247804
WIKTIONARY_HAMTAD via HTTP 429 0
UPPSLAGSORD via traffar=saol,so,saob
SVENSKA_SE_HAMTAD vicevärd HTTP 200 5795
SYNONYMER_SE_HAMTAD vicevärd HTTP 200 254239
WIKTIONARY_HAMTAD vicevärd HTTP 200 761
UPPSLAGSORD vicevärd traffar=saol,so,saob
SVENSKA_SE_HAMTAD vidja HTTP 200 6643
SYNONYMER_SE_HAMTAD vidja HTTP 200 272948
WIKTIONARY_HAMTAD vidja HTTP 200 398
UPPSLAGSORD vidja traffar=saol,so,saob
SVENSKA_SE_HAMTAD vidkomma HTTP 200 6803
SYNONYMER_SE_HAMTAD vidkomma HTTP 200 258229
WIKTIONARY_HAMTAD vidkomma HTTP 200 398
UPPSLAGSORD vidkomma traffar=saol,so,saob
SVENSKA_SE_HAMTAD vidkännas HTTP 200 7587
SYNONYMER_SE_HAMTAD vidkännas HTTP 200 269967
WIKTIONARY_HAMTAD vidkännas HTTP 200 398
UPPSLAGSORD vidkännas traffar=saol,so,saob
SVENSKA_SE_HAMTAD vidmakthålla HTTP 200 7884
SYNONYMER_SE_HAMTAD vidmakthålla HTTP 200 273653
WIKTIONARY_HAMTAD vidmakthålla HTTP 200 762
UPPSLAGSORD vidmakthålla traffar=saol,so,saob
SVENSKA_SE_HAMTAD vidtala HTTP 200 7959
SYNONYMER_SE_HAMTAD vidtala HTTP 200 270168
WIKTIONARY_HAMTAD vidtala HTTP 200 398
UPPSLAGSORD vidtala traffar=saol,so,saob
SVENSKA_SE_HAMTAD vikunja HTTP 200 5856
SYNONYMER_SE_HAMTAD vikunja HTTP 200 246408
WIKTIONARY_HAMTAD vikunja HTTP 200 716
UPPSLAGSORD vikunja traffar=saol,so,saob
SVENSKA_SE_HAMTAD villervalla HTTP 200 5279
SYNONYMER_SE_HAMTAD villervalla HTTP 200 269092
WIKTIONARY_HAMTAD villervalla HTTP 200 398
UPPSLAGSORD villervalla traffar=saol,so,saob
SVENSKA_SE_HAMTAD villös HTTP 200 23982
SYNONYMER_SE_HAMTAD villös HTTP 200 212107
WIKTIONARY_HAMTAD villös HTTP 200 398
UPPSLAGSORD villös traffar=saob
SVENSKA_SE_HAMTAD vilsam HTTP 200 7856
SYNONYMER_SE_HAMTAD vilsam HTTP 200 254791
WIKTIONARY_HAMTAD vilsam HTTP 200 398
UPPSLAGSORD vilsam traffar=saol,so,saob
SVENSKA_SE_HAMTAD vimsig HTTP 200 6436
SYNONYMER_SE_HAMTAD vimsig HTTP 200 263991
WIKTIONARY_HAMTAD vimsig HTTP 429 0
UPPSLAGSORD vimsig traffar=saol,so,saob
SVENSKA_SE_HAMTAD vindel HTTP 200 7890
SYNONYMER_SE_HAMTAD vindel HTTP 200 251089
WIKTIONARY_HAMTAD vindel HTTP 429 0
UPPSLAGSORD vindel traffar=saol,so,saob
SVENSKA_SE_HAMTAD vindla HTTP 200 16453
SYNONYMER_SE_HAMTAD vindla HTTP 200 240176
WIKTIONARY_HAMTAD vindla HTTP 200 398
UPPSLAGSORD vindla traffar=saol,so,saob
SVENSKA_SE_HAMTAD vinjett HTTP 200 7082
SYNONYMER_SE_HAMTAD vinjett HTTP 200 259671
WIKTIONARY_HAMTAD vinjett HTTP 200 1529
UPPSLAGSORD vinjett traffar=saol,so,saob
FRAS_UTAN_UPPSLAGSORD vinna anklang -- svenska.se-traffarna galler bestandsdelarna, inte frasen. Kastas.
SVENSKA_SE_HAMTAD vinna anklang HTTP 200 19076
SYNONYMER_SE_HAMTAD vinna anklang HTTP 200 204535
WIKTIONARY_HAMTAD vinna anklang HTTP 200 398
UPPSLAGSORD vinna anklang traffar=INGEN
FRAS_UTAN_UPPSLAGSORD vinna laga kraft -- svenska.se-traffarna galler bestandsdelarna, inte frasen. Kastas.
SVENSKA_SE_HAMTAD vinna laga kraft HTTP 200 17652
SYNONYMER_SE_HAMTAD vinna laga kraft HTTP 200 187949
WIKTIONARY_HAMTAD vinna laga kraft HTTP 200 398
UPPSLAGSORD vinna laga kraft traffar=INGEN
SVENSKA_SE_HAMTAD virak HTTP 200 5378
SYNONYMER_SE_HAMTAD virak HTTP 200 236350
WIKTIONARY_HAMTAD virak HTTP 200 166
UPPSLAGSORD virak traffar=saol,so,saob
FRAS_UTAN_UPPSLAGSORD visa sig på styva linjen -- svenska.se-traffarna galler bestandsdelarna, inte frasen. Kastas.
SVENSKA_SE_HAMTAD visa sig på styva linjen HTTP 200 17716
SYNONYMER_SE_HAMTAD visa sig på styva linjen HTTP 200 204713
WIKTIONARY_HAMTAD visa sig på styva linjen HTTP 200 398
UPPSLAGSORD visa sig på styva linjen traffar=INGEN
SVENSKA_SE_HAMTAD visso HTTP 200 4924
SYNONYMER_SE_HAMTAD visso HTTP 200 254788
WIKTIONARY_HAMTAD visso HTTP 200 398
UPPSLAGSORD visso traffar=saol,so,saob
SVENSKA_SE_HAMTAD viste HTTP 200 6257
SYNONYMER_SE_HAMTAD viste HTTP 200 255130
SYNONYMER_SE_ENDAST_ANVANDARBIDRAG viste
WIKTIONARY_HAMTAD viste HTTP 200 359
UPPSLAGSORD viste traffar=saol,so,saob
SVENSKA_SE_HAMTAD visthus HTTP 200 6625
SYNONYMER_SE_HAMTAD visthus HTTP 200 253889
WIKTIONARY_HAMTAD visthus HTTP 200 398
UPPSLAGSORD visthus traffar=saol,so,saob
SVENSKA_SE_HAMTAD vitkrage HTTP 200 127261
SYNONYMER_SE_HAMTAD vitkrage HTTP 200 204346
WIKTIONARY_HAMTAD vitkrage HTTP 200 398
UPPSLAGSORD vitkrage traffar=INGEN
SVENSKA_SE_HAMTAD vittberömd HTTP 200 5459
SYNONYMER_SE_HAMTAD vittberömd HTTP 200 235547
WIKTIONARY_HAMTAD vittberömd HTTP 429 0
UPPSLAGSORD vittberömd traffar=saol,so,saob
SVENSKA_SE_HAMTAD viverrid HTTP 200 120700
SYNONYMER_SE_HAMTAD viverrid HTTP 200 227471
WIKTIONARY_HAMTAD viverrid HTTP 429 0
UPPSLAGSORD viverrid traffar=INGEN
SVENSKA_SE_HAMTAD vivipar HTTP 200 4922
SYNONYMER_SE_HAMTAD vivipar HTTP 200 241084
WIKTIONARY_HAMTAD vivipar HTTP 200 398
UPPSLAGSORD vivipar traffar=saol,so,saob
SVENSKA_SE_HAMTAD vox HTTP 200 21011
SYNONYMER_SE_HAMTAD vox HTTP 200 227492
WIKTIONARY_HAMTAD vox HTTP 200 180
UPPSLAGSORD vox traffar=INGEN
SVENSKA_SE_HAMTAD vrensk HTTP 200 6035
SYNONYMER_SE_HAMTAD vrensk HTTP 200 252952
WIKTIONARY_HAMTAD vrensk HTTP 200 386
UPPSLAGSORD vrensk traffar=saol,so,saob
SVENSKA_SE_HAMTAD vråk HTTP 200 8075
SYNONYMER_SE_HAMTAD vråk HTTP 200 263115
WIKTIONARY_HAMTAD vråk HTTP 200 398
UPPSLAGSORD vråk traffar=saol,so,saob
SVENSKA_SE_HAMTAD vrångvis HTTP 200 18028
SYNONYMER_SE_HAMTAD vrångvis HTTP 200 218847
WIKTIONARY_HAMTAD vrångvis HTTP 200 211
UPPSLAGSORD vrångvis traffar=saob
SVENSKA_SE_HAMTAD vurm HTTP 200 6952
SYNONYMER_SE_HAMTAD vurm HTTP 200 279703
WIKTIONARY_HAMTAD vurm HTTP 200 1863
UPPSLAGSORD vurm traffar=saol,so,saob
SVENSKA_SE_HAMTAD väbel HTTP 200 6324
SYNONYMER_SE_HAMTAD väbel HTTP 200 248740
SYNONYMER_SE_ENDAST_ANVANDARBIDRAG väbel
WIKTIONARY_HAMTAD väbel HTTP 200 483
UPPSLAGSORD väbel traffar=saol,so,saob
FRAS_UTAN_UPPSLAGSORD väcka anstöt -- svenska.se-traffarna galler bestandsdelarna, inte frasen. Kastas.
SVENSKA_SE_HAMTAD väcka anstöt HTTP 200 2618
SYNONYMER_SE_HAMTAD väcka anstöt HTTP 200 230462
WIKTIONARY_HAMTAD väcka anstöt HTTP 200 398
UPPSLAGSORD väcka anstöt traffar=INGEN
SVENSKA_SE_HAMTAD väderbiten HTTP 200 4985
SYNONYMER_SE_HAMTAD väderbiten HTTP 200 246346
WIKTIONARY_HAMTAD väderbiten HTTP 200 669
UPPSLAGSORD väderbiten traffar=saol,so,saob
SVENSKA_SE_HAMTAD vädra HTTP 200 18549
SYNONYMER_SE_HAMTAD vädra HTTP 200 276481
WIKTIONARY_HAMTAD vädra HTTP 200 2410
UPPSLAGSORD vädra traffar=saol,so,saob
FRAS_UTAN_UPPSLAGSORD väga tungt i vågskålen -- svenska.se-traffarna galler bestandsdelarna, inte frasen. Kastas.
SVENSKA_SE_HAMTAD väga tungt i vågskålen HTTP 200 17718
SYNONYMER_SE_HAMTAD väga tungt i vågskålen HTTP 200 204638
WIKTIONARY_HAMTAD väga tungt i vågskålen HTTP 429 0
UPPSLAGSORD väga tungt i vågskålen traffar=INGEN
FRAS_UTAN_UPPSLAGSORD vägs ände -- svenska.se-traffarna galler bestandsdelarna, inte frasen. Kastas.
SVENSKA_SE_HAMTAD vägs ände HTTP 200 19691
SYNONYMER_SE_HAMTAD vägs ände HTTP 200 187615
WIKTIONARY_HAMTAD vägs ände HTTP 429 0
UPPSLAGSORD vägs ände traffar=INGEN
SVENSKA_SE_HAMTAD vägvill HTTP 200 4600
SYNONYMER_SE_HAMTAD vägvill HTTP 200 230075
WIKTIONARY_HAMTAD vägvill HTTP 200 398
UPPSLAGSORD vägvill traffar=saol,so,saob
FRAS_UTAN_UPPSLAGSORD väl och ve -- svenska.se-traffarna galler bestandsdelarna, inte frasen. Kastas.
SVENSKA_SE_HAMTAD väl och ve HTTP 200 19059
SYNONYMER_SE_HAMTAD väl och ve HTTP 200 187973
WIKTIONARY_HAMTAD väl och ve HTTP 200 398
UPPSLAGSORD väl och ve traffar=INGEN
SVENSKA_SE_HAMTAD välartad HTTP 200 5891
SYNONYMER_SE_HAMTAD välartad HTTP 200 243631
WIKTIONARY_HAMTAD välartad HTTP 200 398
UPPSLAGSORD välartad traffar=saol,so,saob
SVENSKA_SE_HAMTAD väldeliga HTTP 200 3890
SYNONYMER_SE_HAMTAD väldeliga HTTP 200 249966
WIKTIONARY_HAMTAD väldeliga HTTP 200 398
UPPSLAGSORD väldeliga traffar=saol,so,saob
SVENSKA_SE_HAMTAD välfrejdad HTTP 200 17847
SYNONYMER_SE_HAMTAD välfrejdad HTTP 200 204605
WIKTIONARY_HAMTAD välfrejdad HTTP 200 398
UPPSLAGSORD välfrejdad traffar=saob
SVENSKA_SE_HAMTAD välfägnad HTTP 200 7604
SYNONYMER_SE_HAMTAD välfägnad HTTP 200 251700
WIKTIONARY_HAMTAD välfägnad HTTP 200 398
UPPSLAGSORD välfägnad traffar=saol,so,saob
SVENSKA_SE_HAMTAD välsituerad HTTP 200 4685
SYNONYMER_SE_HAMTAD välsituerad HTTP 200 247516
WIKTIONARY_HAMTAD välsituerad HTTP 200 425
UPPSLAGSORD välsituerad traffar=saol,so,saob
SVENSKA_SE_HAMTAD välva HTTP 200 17956
SYNONYMER_SE_HAMTAD välva HTTP 200 282240
WIKTIONARY_HAMTAD välva HTTP 200 2260
UPPSLAGSORD välva traffar=saol,so,saob
SVENSKA_SE_HAMTAD vämjelig HTTP 200 6563
SYNONYMER_SE_HAMTAD vämjelig HTTP 200 257015
WIKTIONARY_HAMTAD vämjelig HTTP 200 1113
UPPSLAGSORD vämjelig traffar=saol,so,saob
SVENSKA_SE_HAMTAD värdeladdning HTTP 200 13514
SYNONYMER_SE_HAMTAD värdeladdning HTTP 200 241775
WIKTIONARY_HAMTAD värdeladdning HTTP 200 398
UPPSLAGSORD värdeladdning traffar=saob
SVENSKA_SE_HAMTAD värdigas HTTP 200 5836
SYNONYMER_SE_HAMTAD värdigas HTTP 200 273984
WIKTIONARY_HAMTAD värdigas HTTP 429 0
UPPSLAGSORD värdigas traffar=saol,so,saob
SVENSKA_SE_HAMTAD värkbruten HTTP 200 5216
SYNONYMER_SE_HAMTAD värkbruten HTTP 200 241043
WIKTIONARY_HAMTAD värkbruten HTTP 429 0
UPPSLAGSORD värkbruten traffar=saol,so,saob
SVENSKA_SE_HAMTAD väsen HTTP 200 15247
SYNONYMER_SE_HAMTAD väsen HTTP 200 309232
WIKTIONARY_HAMTAD väsen HTTP 200 4030
UPPSLAGSORD väsen traffar=saol,so,saob
SVENSKA_SE_HAMTAD väsenskild HTTP 200 17983
SYNONYMER_SE_HAMTAD väsenskild HTTP 200 204432
WIKTIONARY_HAMTAD väsenskild HTTP 200 398
UPPSLAGSORD väsenskild traffar=saob
SVENSKA_SE_HAMTAD väsensskild HTTP 200 5405
SYNONYMER_SE_HAMTAD väsensskild HTTP 200 252990
WIKTIONARY_HAMTAD väsensskild HTTP 200 254
UPPSLAGSORD väsensskild traffar=saol,so,saob
SVENSKA_SE_HAMTAD vätte HTTP 200 14721
SYNONYMER_SE_HAMTAD vätte HTTP 200 268085
WIKTIONARY_HAMTAD vätte HTTP 200 1230
UPPSLAGSORD vätte traffar=saol,so,saob
SVENSKA_SE_HAMTAD växelverka HTTP 200 11879
SYNONYMER_SE_HAMTAD växelverka HTTP 200 252036
WIKTIONARY_HAMTAD växelverka HTTP 200 398
UPPSLAGSORD växelverka traffar=saol,saob
FRAS_UTAN_UPPSLAGSORD vålm / volme -- svenska.se-traffarna galler bestandsdelarna, inte frasen. Kastas.
SVENSKA_SE_HAMTAD vålm / volme HTTP 200 17658
SYNONYMER_SE_HAMTAD vålm / volme HTTP 404 0
WIKTIONARY_HAMTAD vålm / volme HTTP 200 398
UPPSLAGSORD vålm / volme traffar=INGEN
FRAS_UTAN_UPPSLAGSORD våm / vom -- svenska.se-traffarna galler bestandsdelarna, inte frasen. Kastas.
SVENSKA_SE_HAMTAD våm / vom HTTP 200 19412
SYNONYMER_SE_HAMTAD våm / vom HTTP 404 0
WIKTIONARY_HAMTAD våm / vom HTTP 200 398
UPPSLAGSORD våm / vom traffar=INGEN
SVENSKA_SE_HAMTAD vårdpaket HTTP 200 17889
SYNONYMER_SE_HAMTAD vårdpaket HTTP 200 255239
WIKTIONARY_HAMTAD vårdpaket HTTP 200 398
UPPSLAGSORD vårdpaket traffar=saob
FRAS_UTAN_UPPSLAGSORD völva / vala -- svenska.se-traffarna galler bestandsdelarna, inte frasen. Kastas.
SVENSKA_SE_HAMTAD völva / vala HTTP 200 17649
SYNONYMER_SE_HAMTAD völva / vala HTTP 404 0
WIKTIONARY_HAMTAD völva / vala HTTP 200 398
UPPSLAGSORD völva / vala traffar=INGEN
SVENSKA_SE_HAMTAD vördnad HTTP 200 6616
SYNONYMER_SE_HAMTAD vördnad HTTP 200 262282
WIKTIONARY_HAMTAD vördnad HTTP 200 1360
UPPSLAGSORD vördnad traffar=saol,so,saob
SVENSKA_SE_HAMTAD wallraffa HTTP 200 6159
SYNONYMER_SE_HAMTAD wallraffa HTTP 200 254058
WIKTIONARY_HAMTAD wallraffa HTTP 429 0
UPPSLAGSORD wallraffa traffar=saol,so,saob
SVENSKA_SE_HAMTAD wellpapp HTTP 200 4953
SYNONYMER_SE_HAMTAD wellpapp HTTP 200 244591
WIKTIONARY_HAMTAD wellpapp HTTP 429 0
UPPSLAGSORD wellpapp traffar=saol,so,saob
SVENSKA_SE_HAMTAD wigwam HTTP 200 4019
SYNONYMER_SE_HAMTAD wigwam HTTP 200 245950
WIKTIONARY_HAMTAD wigwam HTTP 200 639
UPPSLAGSORD wigwam traffar=saol,saob
SVENSKA_SE_HAMTAD xyzzyfnord HTTP 200 74045
SYNONYMER_SE_HAMTAD xyzzyfnord HTTP 200 187628
WIKTIONARY_HAMTAD xyzzyfnord HTTP 200 398
UPPSLAGSORD xyzzyfnord traffar=INGEN
SVENSKA_SE_HAMTAD yawl HTTP 200 7820
SYNONYMER_SE_HAMTAD yawl HTTP 200 245507
WIKTIONARY_HAMTAD yawl HTTP 200 613
UPPSLAGSORD yawl traffar=saol,so
SVENSKA_SE_HAMTAD ymnig HTTP 200 5857
SYNONYMER_SE_HAMTAD ymnig HTTP 200 270502
WIKTIONARY_HAMTAD ymnig HTTP 200 1878
UPPSLAGSORD ymnig traffar=saol,so,saob
SVENSKA_SE_HAMTAD ymnighetshorn HTTP 200 6308
SYNONYMER_SE_HAMTAD ymnighetshorn HTTP 200 251454
WIKTIONARY_HAMTAD ymnighetshorn HTTP 200 1185
UPPSLAGSORD ymnighetshorn traffar=saol,so,saob
SVENSKA_SE_HAMTAD ympa HTTP 200 9980
SYNONYMER_SE_HAMTAD ympa HTTP 200 276151
WIKTIONARY_HAMTAD ympa HTTP 200 1142
UPPSLAGSORD ympa traffar=saol,so,saob
FRAS_UTAN_UPPSLAGSORD yr i bollen/mössan -- svenska.se-traffarna galler bestandsdelarna, inte frasen. Kastas.
SVENSKA_SE_HAMTAD yr i bollen/mössan HTTP 200 17716
SYNONYMER_SE_HAMTAD yr i bollen/mössan HTTP 404 0
WIKTIONARY_HAMTAD yr i bollen/mössan HTTP 200 398
UPPSLAGSORD yr i bollen/mössan traffar=INGEN
SVENSKA_SE_HAMTAD yrka HTTP 200 8864
SYNONYMER_SE_HAMTAD yrka HTTP 200 285255
WIKTIONARY_HAMTAD yrka HTTP 200 840
UPPSLAGSORD yrka traffar=saol,so,saob
SVENSKA_SE_HAMTAD ytong HTTP 200 20416
SYNONYMER_SE_HAMTAD ytong HTTP 200 204310
WIKTIONARY_HAMTAD ytong HTTP 200 398
UPPSLAGSORD ytong traffar=INGEN
SVENSKA_SE_HAMTAD yttring HTTP 200 8844
SYNONYMER_SE_HAMTAD yttring HTTP 200 264483
WIKTIONARY_HAMTAD yttring HTTP 200 604
UPPSLAGSORD yttring traffar=saol,so,saob
SVENSKA_SE_HAMTAD zirkon HTTP 200 5993
SYNONYMER_SE_HAMTAD zirkon HTTP 200 247157
WIKTIONARY_HAMTAD zirkon HTTP 429 0
UPPSLAGSORD zirkon traffar=saol,so,saob
SVENSKA_SE_HAMTAD zodiak HTTP 200 18096
SYNONYMER_SE_HAMTAD zodiak HTTP 200 215847
WIKTIONARY_HAMTAD zodiak HTTP 429 0
UPPSLAGSORD zodiak traffar=saob
SVENSKA_SE_HAMTAD zonterapi HTTP 200 4902
SYNONYMER_SE_HAMTAD zonterapi HTTP 200 245940
WIKTIONARY_HAMTAD zonterapi HTTP 200 398
UPPSLAGSORD zonterapi traffar=saol,so,saob
SVENSKA_SE_HAMTAD zootomi HTTP 200 4788
SYNONYMER_SE_HAMTAD zootomi HTTP 200 250825
WIKTIONARY_HAMTAD zootomi HTTP 200 440
UPPSLAGSORD zootomi traffar=saol,so,saob
FRAS_UTAN_UPPSLAGSORD äga sin riktighet -- svenska.se-traffarna galler bestandsdelarna, inte frasen. Kastas.
SVENSKA_SE_HAMTAD äga sin riktighet HTTP 200 17722
SYNONYMER_SE_HAMTAD äga sin riktighet HTTP 200 204327
WIKTIONARY_HAMTAD äga sin riktighet HTTP 200 398
UPPSLAGSORD äga sin riktighet traffar=INGEN
SVENSKA_SE_HAMTAD älsklig HTTP 200 7489
SYNONYMER_SE_HAMTAD älsklig HTTP 200 276677
WIKTIONARY_HAMTAD älsklig HTTP 200 398
UPPSLAGSORD älsklig traffar=saol,so,saob
FRAS_UTAN_UPPSLAGSORD ända in i kaklet -- svenska.se-traffarna galler bestandsdelarna, inte frasen. Kastas.
SVENSKA_SE_HAMTAD ända in i kaklet HTTP 200 17667
SYNONYMER_SE_HAMTAD ända in i kaklet HTTP 200 204262
WIKTIONARY_HAMTAD ända in i kaklet HTTP 200 398
UPPSLAGSORD ända in i kaklet traffar=INGEN
FRAS_UTAN_UPPSLAGSORD ända in i märgen -- svenska.se-traffarna galler bestandsdelarna, inte frasen. Kastas.
SVENSKA_SE_HAMTAD ända in i märgen HTTP 200 17657
SYNONYMER_SE_HAMTAD ända in i märgen HTTP 200 204382
WIKTIONARY_HAMTAD ända in i märgen HTTP 200 398
UPPSLAGSORD ända in i märgen traffar=INGEN
SVENSKA_SE_HAMTAD änkestöt HTTP 200 5915
SYNONYMER_SE_HAMTAD änkestöt HTTP 200 245586
WIKTIONARY_HAMTAD änkestöt HTTP 200 974
UPPSLAGSORD änkestöt traffar=saol,so,saob
SVENSKA_SE_HAMTAD änterhake HTTP 200 5959
SYNONYMER_SE_HAMTAD änterhake HTTP 200 250098
WIKTIONARY_HAMTAD änterhake HTTP 200 398
UPPSLAGSORD änterhake traffar=saol,so,saob
SVENSKA_SE_HAMTAD ärevördig HTTP 200 6264
SYNONYMER_SE_HAMTAD ärevördig HTTP 200 243721
WIKTIONARY_HAMTAD ärevördig HTTP 200 398
UPPSLAGSORD ärevördig traffar=saol,so,saob
SVENSKA_SE_HAMTAD ärgig HTTP 200 5597
SYNONYMER_SE_HAMTAD ärgig HTTP 200 243004
WIKTIONARY_HAMTAD ärgig HTTP 200 398
UPPSLAGSORD ärgig traffar=saol,so,saob
SVENSKA_SE_HAMTAD äska HTTP 200 13147
SYNONYMER_SE_HAMTAD äska HTTP 200 300353
WIKTIONARY_HAMTAD äska HTTP 429 0
UPPSLAGSORD äska traffar=saol,so,saob
SVENSKA_SE_HAMTAD ävenså HTTP 200 4042
SYNONYMER_SE_HAMTAD ävenså HTTP 200 235811
WIKTIONARY_HAMTAD ävenså HTTP 429 0
UPPSLAGSORD ävenså traffar=saol,so,saob
SVENSKA_SE_HAMTAD ävlan HTTP 200 5319
SYNONYMER_SE_HAMTAD ävlan HTTP 200 245576
WIKTIONARY_HAMTAD ävlan HTTP 200 231
UPPSLAGSORD ävlan traffar=saol,so,saob
SVENSKA_SE_HAMTAD ävlas HTTP 200 11770
SYNONYMER_SE_HAMTAD ävlas HTTP 200 247223
WIKTIONARY_HAMTAD ävlas HTTP 200 631
UPPSLAGSORD ävlas traffar=saol,saob
SVENSKA_SE_HAMTAD åberopa HTTP 200 14212
SYNONYMER_SE_HAMTAD åberopa HTTP 200 281983
WIKTIONARY_HAMTAD åberopa HTTP 200 615
UPPSLAGSORD åberopa traffar=saol,so,saob
SVENSKA_SE_HAMTAD ådring HTTP 200 8533
SYNONYMER_SE_HAMTAD ådring HTTP 200 256392
WIKTIONARY_HAMTAD ådring HTTP 200 398
UPPSLAGSORD ådring traffar=saol,so
SVENSKA_SE_HAMTAD åkarkamp HTTP 200 5803
SYNONYMER_SE_HAMTAD åkarkamp HTTP 200 242954
WIKTIONARY_HAMTAD åkarkamp HTTP 200 398
UPPSLAGSORD åkarkamp traffar=saol,saob
SVENSKA_SE_HAMTAD åmning HTTP 200 5582
SYNONYMER_SE_HAMTAD åmning HTTP 200 228672
WIKTIONARY_HAMTAD åmning HTTP 200 811
UPPSLAGSORD åmning traffar=saol,so,saob
SVENSKA_SE_HAMTAD ångerköpt HTTP 200 5425
SYNONYMER_SE_HAMTAD ångerköpt HTTP 200 236194
WIKTIONARY_HAMTAD ångerköpt HTTP 200 398
UPPSLAGSORD ångerköpt traffar=saol,so,saob
FRAS_UTAN_UPPSLAGSORD åt fanders -- svenska.se-traffarna galler bestandsdelarna, inte frasen. Kastas.
SVENSKA_SE_HAMTAD åt fanders HTTP 200 19702
SYNONYMER_SE_HAMTAD åt fanders HTTP 200 204380
WIKTIONARY_HAMTAD åt fanders HTTP 200 424
UPPSLAGSORD åt fanders traffar=INGEN
FRAS_UTAN_UPPSLAGSORD åt pipsvängen -- svenska.se-traffarna galler bestandsdelarna, inte frasen. Kastas.
SVENSKA_SE_HAMTAD åt pipsvängen HTTP 200 18406
SYNONYMER_SE_HAMTAD åt pipsvängen HTTP 200 204070
WIKTIONARY_HAMTAD åt pipsvängen HTTP 200 398
UPPSLAGSORD åt pipsvängen traffar=INGEN
SVENSKA_SE_HAMTAD återsken HTTP 200 5689
SYNONYMER_SE_HAMTAD återsken HTTP 200 250481
WIKTIONARY_HAMTAD återsken HTTP 200 398
UPPSLAGSORD återsken traffar=saol,so,saob
SVENSKA_SE_HAMTAD återverka HTTP 200 6359
SYNONYMER_SE_HAMTAD återverka HTTP 200 263300
WIKTIONARY_HAMTAD återverka HTTP 429 0
UPPSLAGSORD återverka traffar=saol,so,saob
SVENSKA_SE_HAMTAD åthävor HTTP 200 7579
SYNONYMER_SE_HAMTAD åthävor HTTP 200 262215
WIKTIONARY_HAMTAD åthävor HTTP 429 0
UPPSLAGSORD åthävor traffar=saol,so
FRAS_UTAN_UPPSLAGSORD åvila någon -- svenska.se-traffarna galler bestandsdelarna, inte frasen. Kastas.
SVENSKA_SE_HAMTAD åvila någon HTTP 200 18374
SYNONYMER_SE_HAMTAD åvila någon HTTP 200 187721
WIKTIONARY_HAMTAD åvila någon HTTP 200 398
UPPSLAGSORD åvila någon traffar=INGEN
SVENSKA_SE_HAMTAD ömsom HTTP 200 5251
SYNONYMER_SE_HAMTAD ömsom HTTP 200 248315
WIKTIONARY_HAMTAD ömsom HTTP 200 516
UPPSLAGSORD ömsom traffar=saol,so,saob
FRAS_UTAN_UPPSLAGSORD östan om sol och västan om måne -- svenska.se-traffarna galler bestandsdelarna, inte frasen. Kastas.
SVENSKA_SE_HAMTAD östan om sol och västan om måne HTTP 200 7927
SYNONYMER_SE_HAMTAD östan om sol och västan om måne HTTP 200 204711
WIKTIONARY_HAMTAD östan om sol och västan om måne HTTP 200 398
UPPSLAGSORD östan om sol och västan om måne traffar=INGEN
SVENSKA_SE_HAMTAD östrogen HTTP 200 7560
SYNONYMER_SE_HAMTAD östrogen HTTP 200 250364
WIKTIONARY_HAMTAD östrogen HTTP 200 1168
UPPSLAGSORD östrogen traffar=saol,so,saob
FRAS_UTAN_UPPSLAGSORD över stock och sten -- svenska.se-traffarna galler bestandsdelarna, inte frasen. Kastas.
SVENSKA_SE_HAMTAD över stock och sten HTTP 200 17739
SYNONYMER_SE_HAMTAD över stock och sten HTTP 200 187844
WIKTIONARY_HAMTAD över stock och sten HTTP 200 398
UPPSLAGSORD över stock och sten traffar=INGEN
SVENSKA_SE_HAMTAD överburen HTTP 200 13711
SYNONYMER_SE_HAMTAD överburen HTTP 200 238008
WIKTIONARY_HAMTAD överburen HTTP 200 398
UPPSLAGSORD överburen traffar=saol,saob
SVENSKA_SE_HAMTAD överbära HTTP 200 18478
SYNONYMER_SE_HAMTAD överbära HTTP 200 204804
WIKTIONARY_HAMTAD överbära HTTP 200 398
UPPSLAGSORD överbära traffar=saob
SVENSKA_SE_HAMTAD överflygla HTTP 200 8230
SYNONYMER_SE_HAMTAD överflygla HTTP 200 273200
WIKTIONARY_HAMTAD överflygla HTTP 200 1340
UPPSLAGSORD överflygla traffar=saol,so,saob
SVENSKA_SE_HAMTAD överglänsa HTTP 200 8192
SYNONYMER_SE_HAMTAD överglänsa HTTP 200 272180
WIKTIONARY_HAMTAD överglänsa HTTP 200 398
UPPSLAGSORD överglänsa traffar=saol,so,saob
SVENSKA_SE_HAMTAD överhalning HTTP 200 8675
SYNONYMER_SE_HAMTAD överhalning HTTP 200 273193
WIKTIONARY_HAMTAD överhalning HTTP 200 251
UPPSLAGSORD överhalning traffar=saol,so
SVENSKA_SE_HAMTAD överhängade HTTP 200 166269
SYNONYMER_SE_HAMTAD överhängade HTTP 200 204695
WIKTIONARY_HAMTAD överhängade HTTP 429 0
UPPSLAGSORD överhängade traffar=INGEN
SVENSKA_SE_HAMTAD överloppsgärning HTTP 200 6064
SYNONYMER_SE_HAMTAD överloppsgärning HTTP 200 249541
WIKTIONARY_HAMTAD överloppsgärning HTTP 429 0
UPPSLAGSORD överloppsgärning traffar=saol,so,saob
SVENSKA_SE_HAMTAD överläggning HTTP 200 10118
SYNONYMER_SE_HAMTAD överläggning HTTP 200 264060
WIKTIONARY_HAMTAD överläggning HTTP 200 1034
UPPSLAGSORD överläggning traffar=saol,so
SVENSKA_SE_HAMTAD överpröva HTTP 200 8032
SYNONYMER_SE_HAMTAD överpröva HTTP 200 258209
WIKTIONARY_HAMTAD överpröva HTTP 200 554
UPPSLAGSORD överpröva traffar=saol,so,saob
SVENSKA_SE_HAMTAD överretad HTTP 200 12819
SYNONYMER_SE_HAMTAD överretad HTTP 200 243173
WIKTIONARY_HAMTAD överretad HTTP 200 398
UPPSLAGSORD överretad traffar=saol
SVENSKA_SE_HAMTAD övers HTTP 200 12854
SYNONYMER_SE_HAMTAD övers HTTP 200 235640
WIKTIONARY_HAMTAD övers HTTP 200 128
UPPSLAGSORD övers traffar=saol,so,saob
SVENSKA_SE_HAMTAD översiggiven HTTP 200 4838
SYNONYMER_SE_HAMTAD översiggiven HTTP 200 248778
WIKTIONARY_HAMTAD översiggiven HTTP 200 246
UPPSLAGSORD översiggiven traffar=saol,so,saob
SVENSKA_SE_HAMTAD översinnlig HTTP 200 5778
SYNONYMER_SE_HAMTAD översinnlig HTTP 200 257449
WIKTIONARY_HAMTAD översinnlig HTTP 200 398
UPPSLAGSORD översinnlig traffar=saol,so,saob
SVENSKA_SE_HAMTAD överskygga HTTP 200 8306
SYNONYMER_SE_HAMTAD överskygga HTTP 200 248809
WIKTIONARY_HAMTAD överskygga HTTP 200 398
UPPSLAGSORD överskygga traffar=saol,so,saob
SVENSKA_SE_HAMTAD översättningslån HTTP 200 6526
SYNONYMER_SE_HAMTAD översättningslån HTTP 200 252252
WIKTIONARY_HAMTAD översättningslån HTTP 200 1477
UPPSLAGSORD översättningslån traffar=saol,so,saob
SVENSKA_SE_HAMTAD översållat HTTP 200 13464
SYNONYMER_SE_HAMTAD översållat HTTP 200 241484
WIKTIONARY_HAMTAD översållat HTTP 200 398
UPPSLAGSORD översållat hittad som uppslagsform 'översålla'
UPPSLAGSORD översållat traffar=saol,saob via=översålla
SVENSKA_SE_HAMTAD övertrassering HTTP 200 13735
SYNONYMER_SE_HAMTAD övertrassering HTTP 200 257926
WIKTIONARY_HAMTAD övertrassering HTTP 200 398
UPPSLAGSORD övertrassering traffar=saol
SVENSKA_SE_HAMTAD övervara HTTP 200 8858
SYNONYMER_SE_HAMTAD övervara HTTP 200 258078
WIKTIONARY_HAMTAD övervara HTTP 429 0
UPPSLAGSORD övervara traffar=saol,so,saob
SVENSKA_SE_HAMTAD övervägande HTTP 200 18910
SYNONYMER_SE_HAMTAD övervägande HTTP 200 284223
WIKTIONARY_HAMTAD övervägande HTTP 429 0
UPPSLAGSORD övervägande traffar=saol,so,saob
---OMKORNING--- 556 ord med misslyckad hamtning, vantar 20 s
WIKTIONARY_OMKORD HTML HTTP 200 427
WIKTIONARY_OMKORD a dato HTTP 200 220
WIKTIONARY_OMKORD adonis HTTP 200 1602
WIKTIONARY_OMKORD aerodynamik HTTP 200 736
WIKTIONARY_OMKORD akillessena HTTP 200 726
WIKTIONARY_OMKORD akribi HTTP 200 967
WIKTIONARY_OMKORD alexanderhugg HTTP 200 763
WIKTIONARY_OMKORD alfons HTTP 200 824
WIKTIONARY_OMKORD allestädes HTTP 200 944
WIKTIONARY_OMKORD alliteration HTTP 200 169
WIKTIONARY_OMKORD alludera HTTP 429 0
WIKTIONARY_OMKORD aloe HTTP 200 1322
WIKTIONARY_OMKORD analgesi HTTP 200 398
WIKTIONARY_OMKORD anatema HTTP 200 596
WIKTIONARY_OMKORD anglofil HTTP 200 937
WIKTIONARY_OMKORD angöra HTTP 200 523
WIKTIONARY_OMKORD anslå HTTP 200 2703
WIKTIONARY_OMKORD anspela på HTTP 200 398
WIKTIONARY_OMKORD antidot HTTP 200 398
WIKTIONARY_OMKORD antihistamin HTTP 200 398
WIKTIONARY_OMKORD arcus HTTP 200 398
WIKTIONARY_OMKORD ard HTTP 429 0
WIKTIONARY_OMKORD asa sig HTTP 429 0
WIKTIONARY_OMKORD aspekt HTTP 200 1822
WIKTIONARY_OMKORD attan HTTP 200 152
WIKTIONARY_OMKORD attentat HTTP 200 2570
WIKTIONARY_OMKORD avbalkning HTTP 200 398
WIKTIONARY_OMKORD avbasning HTTP 200 398
WIKTIONARY_OMKORD avlöpa HTTP 200 398
WIKTIONARY_OMKORD avrad HTTP 200 400
WIKTIONARY_OMKORD avvärja HTTP 200 973
WIKTIONARY_OMKORD ax HTTP 200 4062
WIKTIONARY_OMKORD bandata HTTP 200 398
WIKTIONARY_OMKORD bankrutt HTTP 429 0
WIKTIONARY_OMKORD basun HTTP 429 0
WIKTIONARY_OMKORD batik HTTP 200 669
WIKTIONARY_OMKORD befrakta HTTP 200 398
WIKTIONARY_OMKORD befrynda HTTP 200 836
WIKTIONARY_OMKORD bekväma sig HTTP 200 398
WIKTIONARY_OMKORD bekväma sig till HTTP 200 398
WIKTIONARY_OMKORD beredvillig HTTP 200 902
WIKTIONARY_OMKORD berget födde en råtta HTTP 200 398
WIKTIONARY_OMKORD bestorma HTTP 200 398
WIKTIONARY_OMKORD bestseller HTTP 200 685
WIKTIONARY_OMKORD betvingande HTTP 200 214
WIKTIONARY_OMKORD betydelseglidning HTTP 429 0
WIKTIONARY_OMKORD biennal HTTP 429 0
WIKTIONARY_OMKORD bijouteri HTTP 200 398
WIKTIONARY_OMKORD bipolär HTTP 200 1108
WIKTIONARY_OMKORD bisektris HTTP 200 693
WIKTIONARY_OMKORD blaj HTTP 200 580
WIKTIONARY_OMKORD blam HTTP 200 398
WIKTIONARY_OMKORD blini HTTP 200 398
WIKTIONARY_OMKORD blod på händerna HTTP 200 398
WIKTIONARY_OMKORD bolare HTTP 200 749
WIKTIONARY_OMKORD bollen är rund HTTP 200 301
WIKTIONARY_OMKORD bornera HTTP 200 352
WIKTIONARY_OMKORD bornerad HTTP 429 0
WIKTIONARY_OMKORD brandtal HTTP 429 0
WIKTIONARY_OMKORD braskande HTTP 200 210
WIKTIONARY_OMKORD brudnäbb HTTP 200 633
WIKTIONARY_OMKORD brumbjörn HTTP 200 398
WIKTIONARY_OMKORD bräsma HTTP 200 398
WIKTIONARY_OMKORD bråddning HTTP 200 398
WIKTIONARY_OMKORD bulgur HTTP 200 2056
WIKTIONARY_OMKORD bulk HTTP 200 1149
WIKTIONARY_OMKORD byrett HTTP 200 523
WIKTIONARY_OMKORD byssja HTTP 200 398
WIKTIONARY_OMKORD börja på ny kula HTTP 200 1588
WIKTIONARY_OMKORD calypso HTTP 429 0
WIKTIONARY_OMKORD censur HTTP 429 0
WIKTIONARY_OMKORD centerbord HTTP 200 398
WIKTIONARY_OMKORD chassi HTTP 200 1022
WIKTIONARY_OMKORD chaussé HTTP 200 509
WIKTIONARY_OMKORD consensus HTTP 200 203
WIKTIONARY_OMKORD crepe HTTP 200 398
WIKTIONARY_OMKORD damejeanne HTTP 200 1282
WIKTIONARY_OMKORD dansa efter någons pipa HTTP 200 644
WIKTIONARY_OMKORD dekadens HTTP 200 924
WIKTIONARY_OMKORD dekanus HTTP 200 398
WIKTIONARY_OMKORD designera HTTP 200 398
WIKTIONARY_OMKORD desinfektera HTTP 429 0
WIKTIONARY_OMKORD det man inte har i huvudet får man ha i benen HTTP 429 0
WIKTIONARY_OMKORD det täcka könet HTTP 200 3382
WIKTIONARY_OMKORD diarie HTTP 200 398
WIKTIONARY_OMKORD diftong HTTP 200 2392
WIKTIONARY_OMKORD disponera HTTP 200 608
WIKTIONARY_OMKORD disputation HTTP 200 800
WIKTIONARY_OMKORD dossier HTTP 200 1529
WIKTIONARY_OMKORD dra (stora) växlar på ngt HTTP 200 400
WIKTIONARY_OMKORD drastisk HTTP 200 435
WIKTIONARY_OMKORD dressör HTTP 200 398
WIKTIONARY_OMKORD dygdemönster HTTP 200 398
WIKTIONARY_OMKORD dynamometer HTTP 429 0
WIKTIONARY_OMKORD echaufferad HTTP 429 0
WIKTIONARY_OMKORD echelong HTTP 200 936
WIKTIONARY_OMKORD eklatera HTTP 200 280
WIKTIONARY_OMKORD eklog HTTP 200 425
WIKTIONARY_OMKORD elusion HTTP 200 398
WIKTIONARY_OMKORD eluvial HTTP 200 398
WIKTIONARY_OMKORD en orm i paradiset HTTP 200 398
WIKTIONARY_OMKORD en polsk riksdag HTTP 200 398
WIKTIONARY_OMKORD enligt ngns förmenande HTTP 200 398
WIKTIONARY_OMKORD enligt/efter konstens alla regler HTTP 200 398
WIKTIONARY_OMKORD eosin HTTP 200 214
WIKTIONARY_OMKORD epifyt HTTP 429 0
WIKTIONARY_OMKORD erratum HTTP 429 0
WIKTIONARY_OMKORD escargot HTTP 200 398
WIKTIONARY_OMKORD ett kok stryk HTTP 200 688
WIKTIONARY_OMKORD ett strå vassare HTTP 200 400
WIKTIONARY_OMKORD explikation HTTP 200 660
WIKTIONARY_OMKORD exposé HTTP 200 271
WIKTIONARY_OMKORD fackverk HTTP 200 400
WIKTIONARY_OMKORD fagra ord HTTP 200 398
WIKTIONARY_OMKORD falskspelare HTTP 200 398
WIKTIONARY_OMKORD fan och hans moster HTTP 200 993
WIKTIONARY_OMKORD faryngal HTTP 200 613
WIKTIONARY_OMKORD fascikel HTTP 429 0
WIKTIONARY_OMKORD fetischism HTTP 429 0
WIKTIONARY_OMKORD fez HTTP 200 1037
WIKTIONARY_OMKORD filklove HTTP 200 398
WIKTIONARY_OMKORD filolog HTTP 200 541
WIKTIONARY_OMKORD fiska i grumligt vatten HTTP 200 884
WIKTIONARY_OMKORD fistel HTTP 200 543
WIKTIONARY_OMKORD florshuva HTTP 200 1194
WIKTIONARY_OMKORD florstunn HTTP 200 398
WIKTIONARY_OMKORD foliant HTTP 200 185
WIKTIONARY_OMKORD folklig HTTP 200 443
WIKTIONARY_OMKORD fortskridande HTTP 200 193
WIKTIONARY_OMKORD fortuna HTTP 429 0
WIKTIONARY_OMKORD fribryteri HTTP 429 0
WIKTIONARY_OMKORD fribyteri HTTP 200 398
WIKTIONARY_OMKORD frotté HTTP 200 632
WIKTIONARY_OMKORD frälsarkrans HTTP 200 398
WIKTIONARY_OMKORD funtad HTTP 200 348
WIKTIONARY_OMKORD fusionera HTTP 200 398
WIKTIONARY_OMKORD fästa avseende vid HTTP 200 398
WIKTIONARY_OMKORD få en släng av sleven HTTP 200 398
WIKTIONARY_OMKORD få vatten på kvarn HTTP 200 398
WIKTIONARY_OMKORD få veta att man lever HTTP 200 398
WIKTIONARY_OMKORD fördragen HTTP 200 2534
WIKTIONARY_OMKORD föredrag HTTP 429 0
WIKTIONARY_OMKORD förleda HTTP 429 0
WIKTIONARY_OMKORD förlika sig med HTTP 200 398
WIKTIONARY_OMKORD förskära HTTP 200 398
WIKTIONARY_OMKORD försmäda HTTP 200 398
WIKTIONARY_OMKORD förtappad HTTP 200 1161
WIKTIONARY_OMKORD förtecken HTTP 200 1549
WIKTIONARY_OMKORD förvärkt HTTP 200 398
WIKTIONARY_OMKORD fösa HTTP 200 1108
WIKTIONARY_OMKORD gastkramning HTTP 200 604
WIKTIONARY_OMKORD gastrit HTTP 200 619
WIKTIONARY_OMKORD geocaching HTTP 200 200
WIKTIONARY_OMKORD geranium HTTP 429 0
WIKTIONARY_OMKORD gingham HTTP 429 0
WIKTIONARY_OMKORD gingivit HTTP 200 425
WIKTIONARY_OMKORD glacé- HTTP 200 486
WIKTIONARY_OMKORD gladeligen HTTP 200 1092
WIKTIONARY_OMKORD glykogen HTTP 200 808
WIKTIONARY_OMKORD gnabba HTTP 200 398
WIKTIONARY_OMKORD grafem HTTP 200 982
WIKTIONARY_OMKORD grafologi HTTP 200 1312
WIKTIONARY_OMKORD greve HTTP 200 2814
WIKTIONARY_OMKORD gripa tillfället i flykten HTTP 200 398
WIKTIONARY_OMKORD gräsrötter HTTP 200 191
WIKTIONARY_OMKORD gräva där man står HTTP 429 0
WIKTIONARY_OMKORD gyrometer HTTP 429 0
WIKTIONARY_OMKORD gäckas HTTP 200 441
WIKTIONARY_OMKORD gå igenom ekluten HTTP 200 398
WIKTIONARY_OMKORD gå kräftgång HTTP 200 398
WIKTIONARY_OMKORD göra en tavla HTTP 200 398
WIKTIONARY_OMKORD göra någon förnär HTTP 200 398
WIKTIONARY_OMKORD ha ngt otalt med ngn HTTP 200 398
WIKTIONARY_OMKORD ha ngt på lut HTTP 200 398
WIKTIONARY_OMKORD halvpension HTTP 200 1009
WIKTIONARY_OMKORD halvstop HTTP 200 398
WIKTIONARY_OMKORD hattig HTTP 200 400
WIKTIONARY_OMKORD hebré HTTP 429 0
WIKTIONARY_OMKORD heteronom HTTP 429 0
WIKTIONARY_OMKORD hetvägg HTTP 200 398
WIKTIONARY_OMKORD homograf HTTP 200 710
WIKTIONARY_OMKORD homolog HTTP 200 398
WIKTIONARY_OMKORD humifiera HTTP 200 398
WIKTIONARY_OMKORD hundväder HTTP 200 398
WIKTIONARY_OMKORD hydrokultur HTTP 200 398
WIKTIONARY_OMKORD hyperbol HTTP 200 609
WIKTIONARY_OMKORD hängfärdig HTTP 200 398
WIKTIONARY_OMKORD hänrycka HTTP 200 398
WIKTIONARY_OMKORD hålfot HTTP 200 398
WIKTIONARY_OMKORD hålla fanan högt HTTP 429 0
WIKTIONARY_OMKORD i bära mässingen HTTP 429 0
WIKTIONARY_OMKORD i en blink HTTP 200 398
WIKTIONARY_OMKORD i sporrsträck HTTP 200 398
WIKTIONARY_OMKORD i stadens hank och stör HTTP 200 398
WIKTIONARY_OMKORD impedans HTTP 200 1072
WIKTIONARY_OMKORD imperatorisk HTTP 200 403
WIKTIONARY_OMKORD in suspenso HTTP 200 398
WIKTIONARY_OMKORD in vino veritas HTTP 200 861
WIKTIONARY_OMKORD inget man snyter ur näsan HTTP 200 398
WIKTIONARY_OMKORD inget nytt under solen HTTP 200 398
WIKTIONARY_OMKORD inkurant HTTP 200 219
WIKTIONARY_OMKORD inlåta sig i HTTP 429 0
WIKTIONARY_OMKORD insulin HTTP 429 0
WIKTIONARY_OMKORD insulär HTTP 200 578
WIKTIONARY_OMKORD inteckning HTTP 200 1102
WIKTIONARY_OMKORD integration HTTP 200 1225
WIKTIONARY_OMKORD irrigation HTTP 200 689
WIKTIONARY_OMKORD iso- HTTP 200 398
WIKTIONARY_OMKORD jantelagen HTTP 200 398
WIKTIONARY_OMKORD jaspis HTTP 200 326
WIKTIONARY_OMKORD judiciell HTTP 200 531
WIKTIONARY_OMKORD julp HTTP 200 398
WIKTIONARY_OMKORD kadrilj HTTP 200 952
WIKTIONARY_OMKORD kainsmärke HTTP 429 0
WIKTIONARY_OMKORD kambrosilur HTTP 429 0
WIKTIONARY_OMKORD kammarherre HTTP 200 398
WIKTIONARY_OMKORD kappvändare HTTP 200 398
WIKTIONARY_OMKORD karabinjär HTTP 200 553
WIKTIONARY_OMKORD kasta barnet ut badvattnet HTTP 200 398
WIKTIONARY_OMKORD kasta goda pengar efter dåliga HTTP 200 398
WIKTIONARY_OMKORD keratit HTTP 200 398
WIKTIONARY_OMKORD ketch HTTP 200 398
WIKTIONARY_OMKORD kitt HTTP 200 830
WIKTIONARY_OMKORD klaffare HTTP 200 237
WIKTIONARY_OMKORD kneippkur HTTP 200 398
WIKTIONARY_OMKORD knekt HTTP 429 0
WIKTIONARY_OMKORD koleriker HTTP 429 0
WIKTIONARY_OMKORD kollaborera HTTP 200 761
WIKTIONARY_OMKORD komma till del HTTP 200 398
WIKTIONARY_OMKORD kommendering HTTP 200 398
WIKTIONARY_OMKORD konsort HTTP 200 265
WIKTIONARY_OMKORD konstart HTTP 200 398
WIKTIONARY_OMKORD kopek HTTP 200 1385
WIKTIONARY_OMKORD kopparstick HTTP 200 1237
WIKTIONARY_OMKORD krabb HTTP 200 274
WIKTIONARY_OMKORD krackelera HTTP 200 781
WIKTIONARY_OMKORD kritisk HTTP 200 1716
WIKTIONARY_OMKORD kroasera HTTP 429 0
WIKTIONARY_OMKORD kubbe / kubb HTTP 429 0
WIKTIONARY_OMKORD kulning HTTP 200 461
WIKTIONARY_OMKORD kvalster HTTP 200 701
WIKTIONARY_OMKORD kvantitet HTTP 200 2566
WIKTIONARY_OMKORD känna vart vinden blåser HTTP 200 398
WIKTIONARY_OMKORD kärve HTTP 200 1358
WIKTIONARY_OMKORD laktation HTTP 200 398
WIKTIONARY_OMKORD lamell HTTP 200 235
WIKTIONARY_OMKORD legato HTTP 200 1133
WIKTIONARY_OMKORD leja HTTP 200 600
WIKTIONARY_OMKORD lika goda kålsupare HTTP 200 398
WIKTIONARY_OMKORD likgiltigt HTTP 429 0
WIKTIONARY_OMKORD lokalsinne HTTP 429 0
WIKTIONARY_OMKORD lombardera HTTP 200 398
WIKTIONARY_OMKORD lux HTTP 200 1167
WIKTIONARY_OMKORD luxös HTTP 200 398
WIKTIONARY_OMKORD lägga sordin på HTTP 200 398
WIKTIONARY_OMKORD lämna in tofflorna HTTP 200 398
WIKTIONARY_OMKORD löpe HTTP 200 875
WIKTIONARY_OMKORD löpna HTTP 200 398
WIKTIONARY_OMKORD malign HTTP 200 698
WIKTIONARY_OMKORD malja HTTP 200 398
WIKTIONARY_OMKORD mantalslängd HTTP 200 420
WIKTIONARY_OMKORD marinera HTTP 429 0
WIKTIONARY_OMKORD meddelsam HTTP 429 0
WIKTIONARY_OMKORD medelst HTTP 200 1560
WIKTIONARY_OMKORD memento HTTP 200 623
WIKTIONARY_OMKORD memoar HTTP 200 472
WIKTIONARY_OMKORD mimicry HTTP 200 398
WIKTIONARY_OMKORD minuskel HTTP 200 444
WIKTIONARY_OMKORD mittåt HTTP 200 259
WIKTIONARY_OMKORD moarera HTTP 200 172
WIKTIONARY_OMKORD mopsig HTTP 200 398
WIKTIONARY_OMKORD moralkaka HTTP 200 398
WIKTIONARY_OMKORD munväder HTTP 200 308
WIKTIONARY_OMKORD murrig HTTP 429 0
WIKTIONARY_OMKORD mög HTTP 429 0
WIKTIONARY_OMKORD mörkertal HTTP 200 700
WIKTIONARY_OMKORD neddekad HTTP 200 398
WIKTIONARY_OMKORD nedköp HTTP 200 398
WIKTIONARY_OMKORD nihilism HTTP 200 1409
WIKTIONARY_OMKORD nipper HTTP 200 398
WIKTIONARY_OMKORD nu går skam på torra land! HTTP 200 398
WIKTIONARY_OMKORD nubb HTTP 200 505
WIKTIONARY_OMKORD nådatid HTTP 200 398
WIKTIONARY_OMKORD nåderik HTTP 200 1721
WIKTIONARY_OMKORD observatorium HTTP 200 1054
WIKTIONARY_OMKORD obstetrik HTTP 429 0
WIKTIONARY_OMKORD oförgriplig HTTP 429 0
WIKTIONARY_OMKORD oförmedlad HTTP 200 689
WIKTIONARY_OMKORD oktroj HTTP 200 771
WIKTIONARY_OMKORD oligarki HTTP 200 2105
WIKTIONARY_OMKORD omvälvande HTTP 200 401
WIKTIONARY_OMKORD oneiromanti HTTP 200 398
WIKTIONARY_OMKORD orkestik HTTP 200 398
WIKTIONARY_OMKORD orogenes HTTP 200 398
WIKTIONARY_OMKORD otiatri HTTP 200 398
WIKTIONARY_OMKORD otid HTTP 200 419
WIKTIONARY_OMKORD pakt HTTP 200 830
WIKTIONARY_OMKORD paleontologi HTTP 429 0
WIKTIONARY_OMKORD paradexempel HTTP 429 0
WIKTIONARY_OMKORD parlör HTTP 200 979
WIKTIONARY_OMKORD paternalism HTTP 200 398
WIKTIONARY_OMKORD patina HTTP 200 1446
WIKTIONARY_OMKORD pektin HTTP 200 1117
WIKTIONARY_OMKORD pelarhelgon HTTP 200 398
WIKTIONARY_OMKORD petameter HTTP 200 398
WIKTIONARY_OMKORD petition HTTP 200 1096
WIKTIONARY_OMKORD pjoskig HTTP 200 398
WIKTIONARY_OMKORD placebo HTTP 200 679
WIKTIONARY_OMKORD pochera HTTP 200 582
WIKTIONARY_OMKORD pollettera HTTP 429 0
WIKTIONARY_OMKORD postisch HTTP 429 0
WIKTIONARY_OMKORD postmodernism HTTP 200 788
WIKTIONARY_OMKORD primalskrik HTTP 200 398
WIKTIONARY_OMKORD primär HTTP 200 2097
WIKTIONARY_OMKORD promulgera HTTP 200 1705
WIKTIONARY_OMKORD prosaisk HTTP 200 894
WIKTIONARY_OMKORD pudelns kärna HTTP 200 1635
WIKTIONARY_OMKORD puella HTTP 200 330
WIKTIONARY_OMKORD pytsa HTTP 200 398
WIKTIONARY_OMKORD päll HTTP 200 1213
WIKTIONARY_OMKORD påkalla HTTP 200 562
WIKTIONARY_OMKORD påkänning HTTP 429 0
WIKTIONARY_OMKORD ratificera HTTP 429 0
WIKTIONARY_OMKORD rauk HTTP 200 951
WIKTIONARY_OMKORD reguljär HTTP 200 4005
WIKTIONARY_OMKORD reifiera HTTP 200 398
WIKTIONARY_OMKORD renässans HTTP 200 4066
WIKTIONARY_OMKORD repartisera HTTP 200 258
WIKTIONARY_OMKORD rida barbacka HTTP 200 398
WIKTIONARY_OMKORD rigel HTTP 200 156
WIKTIONARY_OMKORD romani HTTP 200 2481
WIKTIONARY_OMKORD rosslig HTTP 200 398
WIKTIONARY_OMKORD räcka lång näsa åt HTTP 200 1505
WIKTIONARY_OMKORD räcka lång näsan åt HTTP 429 0
WIKTIONARY_OMKORD rådslag HTTP 429 0
WIKTIONARY_OMKORD råk HTTP 200 398
WIKTIONARY_OMKORD salutrogen HTTP 200 398
WIKTIONARY_OMKORD samarbetsman HTTP 200 398
WIKTIONARY_OMKORD saxa HTTP 200 703
WIKTIONARY_OMKORD scenografi HTTP 200 769
WIKTIONARY_OMKORD sebu HTTP 200 398
WIKTIONARY_OMKORD seckla HTTP 200 172
WIKTIONARY_OMKORD sejour HTTP 200 596
WIKTIONARY_OMKORD sekant HTTP 200 1182
WIKTIONARY_OMKORD sessions/session_2026-08-28_v3-batch3.json HTTP 200 398
WIKTIONARY_OMKORD sessions/session_2026-08-29_v3-batch2.json HTTP 429 0
WIKTIONARY_OMKORD sinnrik HTTP 429 0
WIKTIONARY_OMKORD sinologi HTTP 200 1995
WIKTIONARY_OMKORD själsfrånvarande HTTP 200 398
WIKTIONARY_OMKORD självmål HTTP 200 701
WIKTIONARY_OMKORD skimmel HTTP 200 1232
WIKTIONARY_OMKORD skimning HTTP 200 398
WIKTIONARY_OMKORD skrinda HTTP 200 398
WIKTIONARY_OMKORD skriva någon på näsan HTTP 200 398
WIKTIONARY_OMKORD skära guld med täljkniv HTTP 200 398
WIKTIONARY_OMKORD skärmytsling HTTP 200 1813
WIKTIONARY_OMKORD slejf HTTP 200 398
WIKTIONARY_OMKORD slibbig HTTP 429 0
WIKTIONARY_OMKORD slå sina lovar kring HTTP 429 0
WIKTIONARY_OMKORD slå slint HTTP 200 398
WIKTIONARY_OMKORD snarligen HTTP 200 398
WIKTIONARY_OMKORD snaskig HTTP 200 398
WIKTIONARY_OMKORD socialisera HTTP 200 1498
WIKTIONARY_OMKORD som en åsna mellan två hötappar HTTP 200 398
WIKTIONARY_OMKORD som ett torrt skinn HTTP 200 398
WIKTIONARY_OMKORD spatel HTTP 200 398
WIKTIONARY_OMKORD spatial HTTP 200 838
WIKTIONARY_OMKORD spont HTTP 200 536
WIKTIONARY_OMKORD sponta HTTP 200 320
WIKTIONARY_OMKORD statur HTTP 429 0
WIKTIONARY_OMKORD stenisk HTTP 429 0
WIKTIONARY_OMKORD stimulus HTTP 200 979
WIKTIONARY_OMKORD stinn HTTP 200 1718
WIKTIONARY_OMKORD strigla HTTP 200 398
WIKTIONARY_OMKORD stripig HTTP 200 398
WIKTIONARY_OMKORD stå där med sin tvättade hals HTTP 200 398
WIKTIONARY_OMKORD stå med mössan i hand HTTP 200 398
WIKTIONARY_OMKORD supera HTTP 200 234
WIKTIONARY_OMKORD supersonisk HTTP 200 398
WIKTIONARY_OMKORD svärma för något HTTP 200 398
WIKTIONARY_OMKORD sväva som på moln HTTP 200 398
WIKTIONARY_OMKORD säter HTTP 429 0
WIKTIONARY_OMKORD sätesbjudning HTTP 429 0
WIKTIONARY_OMKORD ta en ände med förskräckelse HTTP 200 398
WIKTIONARY_OMKORD ta i anspråk HTTP 200 398
WIKTIONARY_OMKORD tabulatur HTTP 200 238
WIKTIONARY_OMKORD tadel HTTP 200 666
WIKTIONARY_OMKORD tappning HTTP 200 398
WIKTIONARY_OMKORD tarot HTTP 200 398
WIKTIONARY_OMKORD termisk HTTP 200 1794
WIKTIONARY_OMKORD termodynamik HTTP 200 1923
WIKTIONARY_OMKORD tilde HTTP 200 846
WIKTIONARY_OMKORD till fromma för HTTP 200 398
WIKTIONARY_OMKORD tillspetsa HTTP 200 398
WIKTIONARY_OMKORD tillstöta HTTP 429 0
WIKTIONARY_OMKORD tjusig HTTP 200 1979
WIKTIONARY_OMKORD tjänlig HTTP 429 0
WIKTIONARY_OMKORD transparant HTTP 200 113
WIKTIONARY_OMKORD transparent HTTP 200 2562
WIKTIONARY_OMKORD troké HTTP 200 467
WIKTIONARY_OMKORD trolla med knäna HTTP 200 382
WIKTIONARY_OMKORD tufsa (till) HTTP 200 398
WIKTIONARY_OMKORD tuktig HTTP 200 398
WIKTIONARY_OMKORD täkt HTTP 200 398
WIKTIONARY_OMKORD tålig HTTP 200 1040
WIKTIONARY_OMKORD undulera HTTP 200 398
WIKTIONARY_OMKORD unikat HTTP 200 325
WIKTIONARY_OMKORD uppsåtlig HTTP 200 627
WIKTIONARY_OMKORD uppträde HTTP 200 398
WIKTIONARY_OMKORD utgjuta sitt hjärta HTTP 429 0
WIKTIONARY_OMKORD utgjutning HTTP 429 0
WIKTIONARY_OMKORD utslagsgivande HTTP 200 398
WIKTIONARY_OMKORD utspekulerad HTTP 200 398
WIKTIONARY_OMKORD vara (p)å färde HTTP 200 398
WIKTIONARY_OMKORD vara av börd HTTP 200 398
WIKTIONARY_OMKORD vara införstådd med HTTP 200 398
WIKTIONARY_OMKORD vara karl för sin hatt HTTP 200 398
WIKTIONARY_OMKORD vara under uppsegling HTTP 200 398
WIKTIONARY_OMKORD vara ur slag HTTP 200 398
WIKTIONARY_OMKORD vederkvickande HTTP 200 196
WIKTIONARY_OMKORD vederlag HTTP 200 891
WIKTIONARY_OMKORD via HTTP 200 3019
WIKTIONARY_OMKORD vimsig HTTP 200 445
WIKTIONARY_OMKORD vindel HTTP 200 562
WIKTIONARY_OMKORD vittberömd HTTP 200 398
WIKTIONARY_OMKORD viverrid HTTP 429 0
WIKTIONARY_OMKORD väga tungt i vågskålen HTTP 429 0
WIKTIONARY_OMKORD vägs ände HTTP 200 398
WIKTIONARY_OMKORD värdigas HTTP 200 398
WIKTIONARY_OMKORD värkbruten HTTP 200 398
WIKTIONARY_OMKORD wallraffa HTTP 200 575
WIKTIONARY_OMKORD wellpapp HTTP 200 916
WIKTIONARY_OMKORD zirkon HTTP 200 1374
WIKTIONARY_OMKORD zodiak HTTP 200 398
WIKTIONARY_OMKORD äska HTTP 200 1224
WIKTIONARY_OMKORD ävenså HTTP 200 437
WIKTIONARY_OMKORD återverka HTTP 200 398
WIKTIONARY_OMKORD åthävor HTTP 200 1066
WIKTIONARY_OMKORD överhängade HTTP 200 398
WIKTIONARY_OMKORD överloppsgärning HTTP 200 398
WIKTIONARY_OMKORD övervara HTTP 200 515
WIKTIONARY_OMKORD övervägande HTTP 200 1147
---SAMMANDRAG---
(tyst läge — 2665 ord, innehållet ligger i uppslag/)
---TREKALLSKONTROLL---
{
 "ofullstandiga": {
  "(det) osa(r) katt": {
   "har": [],
   "hamtning_misslyckades": []
  },
  "(gre)meros": {
   "har": [],
   "hamtning_misslyckades": []
  },
  "(idka) älskog": {
   "har": [],
   "hamtning_misslyckades": []
  },
  "(kok.) passera": {
   "har": [],
   "hamtning_misslyckades": []
  },
  "(ligga för) fäfot": {
   "har": [],
   "hamtning_misslyckades": []
  },
  "(ngns) väl och ve": {
   "har": [],
   "hamtning_misslyckades": []
  },
  "(som) balsam för själen": {
   "har": [],
   "hamtning_misslyckades": []
  },
  "-tyg": {
   "har": [],
   "hamtning_misslyckades": []
  },
  "-vill": {
   "har": [
    "svenska.se"
   ],
   "hamtning_misslyckades": []
  },
  "... till handlingarna": {
   "har": [],
   "hamtning_misslyckades": []
  },
  "HTML": {
   "har": [
    "wiktionary"
   ],
   "hamtning_misslyckades": [
    "svenska.se"
   ]
  },
  "a dato": {
   "har": [
    "wiktionary"
   ],
   "hamtning_misslyckades": []
  },
  "a la carte": {
   "har": [],
   "hamtning_misslyckades": []
  },
  "abradera": {
   "har": [
    "svenska.se",
    "wiktionary"
   ],
   "hamtning_misslyckades": []
  },
  "accessoarer": {
   "har": [
    "synonymer.se",
    "wiktionary"
   ],
   "hamtning_misslyckades": [
    "svenska.se"
   ]
  },
  "ad libitum": {
   "har": [
    "wiktionary"
   ],
   "hamtning_misslyckades": []
  },
  "aerodynamik": {
   "har": [
    "svenska.se",
    "wiktionary"
   ],
   "hamtning_misslyckades": []
  },
  "aerodynamisk": {
   "har": [
    "svenska.se",
    "wiktionary"
   ],
   "hamtning_misslyckades": []
  },
  "aerogram": {
   "har": [
    "svenska.se",
    "synonymer.se"
   ],
   "hamtning_misslyckades": []
  },
  "aha-upplevelse": {
   "har": [
    "svenska.se",
    "wiktionary"
   ],
   "hamtning_misslyckades": []
  },
  "ajour / á jour": {
   "har": [],
   "hamtning_misslyckades": [
    "synonymer.se"
   ]
  },
  "aktuarie": {
   "har": [
    "svenska.se",
    "wiktionary"
   ],
   "hamtning_misslyckades": []
  },
  "alabaster": {
   "har": [
    "svenska.se",
    "wiktionary"
   ],
   "hamtning_misslyckades": []
  },
  "alagreck": {
   "har": [
    "svenska.se",
    "synonymer.se"
   ],
   "hamtning_misslyckades": []
  },
  "albinism": {
   "har": [
    "svenska.se",
    "wiktionary"
   ],
   "hamtning_misslyckades": []
  },
  "albino": {
   "har": [
    "svenska.se",
    "wiktionary"
   ],
   "hamtning_misslyckades": []
  },
  "albyl": {
   "har": [
    "svenska.se",
    "wiktionary"
   ],
   "hamtning_misslyckades": []
  },
  "alexanderhugg": {
   "har": [
    "svenska.se",
    "wiktionary"
   ],
   "hamtning_misslyckades": []
  },
  "alfons": {
   "har": [
    "synonymer.se",
    "wiktionary"
   ],
   "hamtning_misslyckades": [
    "svenska.se"
   ]
  },
  "algoritm": {
   "har": [
    "svenska.se",
    "wiktionary"
   ],
   "hamtning_misslyckades": []
  },
  "alla taggar utåt": {
   "har": [],
   "hamtning_misslyckades": []
  },
  "alla tiders": {
   "har": [
    "wiktionary"
   ],
   "hamtning_misslyckades": []
  },
  "allbekant": {
   "har": [
    "svenska.se",
    "synonymer.se"
   ],
   "hamtning_misslyckades": []
  },
  "alliteration": {
   "har": [
    "synonymer.se",
    "wiktionary"
   ],
   "hamtning_misslyckades": [
    "svenska.se"
   ]
  },
  "allmännelig": {
   "har": [
    "svenska.se",
    "synonymer.se"
   ],
   "hamtning_misslyckades": []
  },
  "allokton": {
   "har": [
    "svenska.se",
    "synonymer.se"
   ],
   "hamtning_misslyckades": []
  },
  "alludera": {
   "har": [
    "svenska.se",
    "synonymer.se"
   ],
   "hamtning_misslyckades": [
    "wiktionary"
   ]
  },
  "aloe": {
   "har": [
    "svenska.se",
    "wiktionary"
   ],
   "hamtning_misslyckades": []
  },
  "amfibiebil": {
   "har": [
    "svenska.se"
   ],
   "hamtning_misslyckades": []
  },
  "ana ugglor i mossen": {
   "har": [
    "synonymer.se",
    "wiktionary"
   ],
   "hamtning_misslyckades": []
  },
  "anafor": {
   "har": [
    "svenska.se",
    "wiktionary"
   ],
   "hamtning_misslyckades": []
  },
  "analgesi": {
   "har": [
    "svenska.se",
    "synonymer.se"
   ],
   "hamtning_misslyckades": [
    "wiktionary"
   ]
  },
  "andante": {
   "har": [
    "svenska.se",
    "wiktionary"
   ],
   "hamtning_misslyckades": []
  },
  "andningsdepression": {
   "har": [],
   "hamtning_misslyckades": [
    "svenska.se"
   ]
  },
  "andra bullar": {
   "har": [
    "wiktionary"
   ],
   "hamtning_misslyckades": []
  },
  "andraga": {
   "har": [
    "svenska.se",
    "synonymer.se"
   ],
   "hamtning_misslyckades": []
  },
  "anestesiologi": {
   "har": [
    "svenska.se",
    "wiktionary"
   ],
   "hamtning_misslyckades": []
  },
  "anhedoni": {
   "har": [
    "wiktionary"
   ],
   "hamtning_misslyckades": [
    "svenska.se"
   ]
  },
  "anskri": {
   "har": [
    "svenska.se",
    "synonymer.se"
   ],
   "hamtning_misslyckades": []
  },
  "anskriven": {
   "har": [
    "svenska.se",
    "synonymer.se"
   ],
   "hamtning_misslyckades": []
  },
  "anspela på": {
   "har": [
    "synonymer.se"
   ],
   "hamtning_misslyckades": [
    "wiktionary"
   ]
  },
  "anstucken": {
   "har": [
    "svenska.se",
    "synonymer.se"
   ],
   "hamtning_misslyckades": []
  },
  "anständigtvis": {
   "har": [
    "svenska.se",
    "synonymer.se"
   ],
   "hamtning_misslyckades": []
  },
  "antagonistisk": {
   "har": [
    "svenska.se",
    "synonymer.se"
   ],
   "hamtning_misslyckades": []
  },
  "antecedentier": {
   "har": [
    "svenska.se"
   ],
   "hamtning_misslyckades": []
  },
  "antibiotika": {
   "har": [
    "svenska.se",
    "wiktionary"
   ],
   "hamtning_misslyckades": []
  },
  "antidot": {
   "har": [
    "svenska.se",
    "synonymer.se"
   ],
   "hamtning_misslyckades": [
    "wiktionary"
   ]
  },
  "antihistamin": {
   "har": [
    "svenska.se"
   ],
   "hamtning_misslyckades": [
    "wiktionary"
   ]
  },
  "antipyrin": {
   "har": [
    "svenska.se"
   ],
   "hamtning_misslyckades": []
  },
  "antroposofi": {
   "har": [
    "svenska.se",
    "wiktionary"
   ],
   "hamtning_misslyckades": []
  },
  "använda silkesvantar": {
   "har": [],
   "hamtning_misslyckades": []
  },
  "apparelj": {
   "har": [
    "svenska.se"
   ],
   "hamtning_misslyckades": []
  },
  "arcus": {
   "har": [],
   "hamtning_misslyckades": [
    "svenska.se",
    "wiktionary"
   ]
  },
  "ard": {
   "har": [
    "svenska.se"
   ],
   "hamtning_misslyckades": [
    "wiktionary"
   ]
  },
  "argusöga": {
   "har": [
    "svenska.se",
    "synonymer.se"
   ],
   "hamtning_misslyckades": []
  },
  "arkivarie": {
   "har": [
    "svenska.se",
    "wiktionary"
   ],
   "hamtning_misslyckades": []
  },
  "arons skägg": {
   "har": [],
   "hamtning_misslyckades": []
  },
  "arpeggio": {
   "har": [
    "svenska.se",
    "wiktionary"
   ],
   "hamtning_misslyckades": []
  },
  "arvodera": {
   "har": [
    "svenska.se",
    "synonymer.se"
   ],
   "hamtning_misslyckades": []
  },
  "asa sig": {
   "har": [
    "svenska.se"
   ],
   "hamtning_misslyckades": [
    "wiktionary"
   ]
  },
  "astrakan": {
   "har": [
    "svenska.se",
    "wiktionary"
   ],
   "hamtning_misslyckades": []
  },
  "atavistisk": {
   "har": [
    "svenska.se",
    "synonymer.se"
   ],
   "hamtning_misslyckades": []
  },
  "att mylla": {
   "har": [],
   "hamtning_misslyckades": []
  },
  "att möta sitt waterloo": {
   "har": [],
   "hamtning_misslyckades": []
  },
  "atypi": {
   "har": [
    "svenska.se",
    "synonymer.se"
   ],
   "hamtning_misslyckades": []
  },
  "audiologi": {
   "har": [
    "svenska.se",
    "synonymer.se"
   ],
   "hamtning_misslyckades": []
  },
  "av godo": {
   "har": [],
   "hamtning_misslyckades": []
  },
  "av samma korn och skrå": {
   "har": [],
   "hamtning_misslyckades": []
  },
  "av våda": {
   "har": [
    "synonymer.se"
   ],
   "hamtning_misslyckades": []
  },
  "avbalka": {
   "har": [
    "svenska.se"
   ],
   "hamtning_misslyckades": []
  },
  "avbalkning": {
   "har": [
    "svenska.se",
    "synonymer.se"
   ],
   "hamtning_misslyckades": [
    "wiktionary"
   ]
  },
  "avbasning": {
   "har": [
    "svenska.se",
    "synonymer.se"
   ],
   "hamtning_misslyckades": [
    "wiktionary"
   ]
  },
  "aviarium": {
   "har": [
    "svenska.se",
    "synonymer.se"
   ],
   "hamtning_misslyckades": []
  },
  "aviatiker": {
   "har": [
    "synonymer.se"
   ],
   "hamtning_misslyckades": [
    "svenska.se"
   ]
  },
  "avklinga": {
   "har": [
    "svenska.se",
    "wiktionary"
   ],
   "hamtning_misslyckades": []
  },
  "avknoppning": {
   "har": [
    "svenska.se",
    "synonymer.se"
   ],
   "hamtning_misslyckades": []
  },
  "avkunna": {
   "har": [
    "svenska.se",
    "synonymer.se"
   ],
   "hamtning_misslyckades": []
  },
  "avlatsbrev": {
   "har": [
    "svenska.se",
    "wiktionary"
   ],
   "hamtning_misslyckades": []
  },
  "avlöpa": {
   "har": [
    "svenska.se",
    "synonymer.se"
   ],
   "hamtning_misslyckades": [
    "wiktionary"
   ]
  },
  "avrad": {
   "har": [
    "svenska.se",
    "synonymer.se"
   ],
   "hamtning_misslyckades": [
    "wiktionary"
   ]
  },
  "avreda": {
   "har": [
    "svenska.se",
    "synonymer.se"
   ],
   "hamtning_misslyckades": []
  },
  "avsked på grått papper": {
   "har": [
    "wiktionary"
   ],
   "hamtning_misslyckades": []
  },
  "avskärma sig": {
   "har": [],
   "hamtning_misslyckades": []
  },
  "avtacklad": {
   "har": [
    "svenska.se",
    "synonymer.se"
   ],
   "hamtning_misslyckades": []
  },
  "avtrubbad": {
   "har": [
    "svenska.se",
    "synonymer.se"
   ],
   "hamtning_misslyckades": []
  },
  "baggböla": {
   "har": [
    "svenska.se",
    "synonymer.se"
   ],
   "hamtning_misslyckades": []
  },
  "bakom lyckta dörrar": {
   "har": [
    "wiktionary"
   ],
   "hamtning_misslyckades": []
  },
  "balalajka": {
   "har": [
    "svenska.se",
    "wiktionary"
   ],
   "hamtning_misslyckades": []
  },
  "balansera på slak lina": {
   "har": [],
   "hamtning_misslyckades": []
  },
  "bandata": {
   "har": [],
   "hamtning_misslyckades": [
    "svenska.se",
    "wiktionary"
   ]
  },
  "bankrutt": {
   "har": [
    "svenska.se",
    "synonymer.se"
   ],
   "hamtning_misslyckades": [
    "wiktionary"
   ]
  },
  "baptism": {
   "har": [
    "svenska.se",
    "wiktionary"
   ],
   "hamtning_misslyckades": []
  },
  "barn av sin tid": {
   "har": [],
   "hamtning_misslyckades": []
  },
  "baryton": {
   "har": [
    "svenska.se",
    "wiktionary"
   ],
   "hamtning_misslyckades": []
  },
  "bastilj": {
   "har": [
    "svenska.se"
   ],
   "hamtning_misslyckades": []
  },
  "basun": {
   "har": [
    "svenska.se",
    "synonymer.se"
   ],
   "hamtning_misslyckades": [
    "wiktionary"
   ]
  },
  "batik": {
   "har": [
    "svenska.se",
    "wiktionary"
   ],
   "hamtning_misslyckades": []
  },
  "bauta-": {
   "har": [
    "svenska.se",
    "wiktionary"
   ],
   "hamtning_misslyckades": []
  },
  "be för sin sjuka mor": {
   "har": [],
   "hamtning_misslyckades": []
  },
  "beckasin": {
   "har": [
    "svenska.se",
    "wiktionary"
   ],
   "hamtning_misslyckades": []
  },
  "befatta sig med": {
   "har": [
    "synonymer.se"
   ],
   "hamtning_misslyckades": []
  },
  "befrakta": {
   "har": [
    "svenska.se",
    "synonymer.se"
   ],
   "hamtning_misslyckades": [
    "wiktionary"
   ]
  },
  "befrynda": {
   "har": [
    "svenska.se",
    "wiktionary"
   ],
   "hamtning_misslyckades": []
  },
  "begapa": {
   "har": [
    "svenska.se",
    "synonymer.se"
   ],
   "hamtning_misslyckades": []
  },
  "begå mened": {
   "har": [],
   "hamtning_misslyckades": []
  },
  "behaviorism": {
   "har": [
    "svenska.se",
    "wiktionary"
   ],
   "hamtning_misslyckades": []
  },
  "behäftad med": {
   "har": [
    "synonymer.se"
   ],
   "hamtning_misslyckades": []
  },
  "bekantgöra": {
   "har": [
    "svenska.se",
    "synonymer.se"
   ],
   "hamtning_misslyckades": []
  },
  "bekväma sig": {
   "har": [
    "svenska.se",
    "synonymer.se"
   ],
   "hamtning_misslyckades": [
    "wiktionary"
   ]
  },
  "bekväma sig till": {
   "har": [
    "synonymer.se"
   ],
   "hamtning_misslyckades": [
    "wiktionary"
   ]
  },
  "beljuga": {
   "har": [
    "svenska.se",
    "synonymer.se"
   ],
   "hamtning_misslyckades": []
  },
  "belöpa": {
   "har": [
    "svenska.se",
    "synonymer.se"
   ],
   "hamtning_misslyckades": []
  },
  "bemängd": {
   "har": [
    "svenska.se",
    "synonymer.se"
   ],
   "hamtning_misslyckades": []
  },
  "bemästra sig": {
   "har": [],
   "hamtning_misslyckades": []
  },
  "benjamin": {
   "har": [
    "svenska.se"
   ],
   "hamtning_misslyckades": []
  },
  "berget födde en råtta": {
   "har": [],
   "hamtning_misslyckades": [
    "wiktionary"
   ]
  },
  "bergfast": {
   "har": [
    "svenska.se",
    "synonymer.se"
   ],
   "hamtning_misslyckades": []
  },
  "bergtagen": {
   "har": [
    "svenska.se",
    "synonymer.se"
   ],
   "hamtning_misslyckades": []
  },
  "bermudas": {
   "har": [
    "svenska.se"
   ],
   "hamtning_misslyckades": []
  },
  "berått": {
   "har": [
    "svenska.se",
    "synonymer.se"
   ],
   "hamtning_misslyckades": []
  },
  "beskänkt": {
   "har": [
    "svenska.se",
    "synonymer.se"
   ],
   "hamtning_misslyckades": []
  },
  "bestorma": {
   "har": [
    "svenska.se",
    "synonymer.se"
   ],
   "hamtning_misslyckades": [
    "wiktionary"
   ]
  },
  "bestyra": {
   "har": [
    "svenska.se",
    "synonymer.se"
   ],
   "hamtning_misslyckades": []
  },
  "bestå ett eldprov": {
   "har": [],
   "hamtning_misslyckades": []
  },
  "betitta": {
   "har": [
    "svenska.se",
    "synonymer.se"
   ],
   "hamtning_misslyckades": []
  },
  "betro": {
   "har": [
    "svenska.se",
    "synonymer.se"
   ],
   "hamtning_misslyckades": []
  },
  "beträngd": {
   "har": [
    "svenska.se",
    "synonymer.se"
   ],
   "hamtning_misslyckades": []
  },
  "betydelseglidning": {
   "har": [
    "svenska.se"
   ],
   "hamtning_misslyckades": [
    "wiktionary"
   ]
  },
  "bevars": {
   "har": [
    "svenska.se",
    "synonymer.se"
   ],
   "hamtning_misslyckades": []
  },
  "bevärdiga": {
   "har": [
    "svenska.se",
    "synonymer.se"
   ],
   "hamtning_misslyckades": []
  },
  "beväring": {
   "har": [
    "svenska.se",
    "synonymer.se"
   ],
   "hamtning_misslyckades": []
  },
  "bibelot": {
   "har": [
    "wiktionary"
   ],
   "hamtning_misslyckades": [
    "svenska.se"
   ]
  },
  "bida sin tid": {
   "har": [
    "wiktionary"
   ],
   "hamtning_misslyckades": []
  },
  "bidan": {
   "har": [
    "svenska.se",
    "synonymer.se"
   ],
   "hamtning_misslyckades": []
  },
  "biennal": {
   "har": [
    "svenska.se"
   ],
   "hamtning_misslyckades": [
    "wiktionary"
   ]
  },
  "bijouteri": {
   "har": [
    "svenska.se",
    "synonymer.se"
   ],
   "hamtning_misslyckades": [
    "wiktionary"
   ]
  },
  "bilda epok": {
   "har": [],
   "hamtning_misslyckades": []
  },
  "bilingual": {
   "har": [
    "svenska.se",
    "wiktionary"
   ],
   "hamtning_misslyckades": []
  },
  "binda ris för/åt egen rygg": {
   "har": [],
   "hamtning_misslyckades": [
    "synonymer.se"
   ]
  },
  "binokel": {
   "har": [
    "svenska.se",
    "synonymer.se"
   ],
   "hamtning_misslyckades": []
  },
  "biodynamisk": {
   "har": [
    "svenska.se",
    "wiktionary"
   ],
   "hamtning_misslyckades": []
  },
  "biografisk": {
   "har": [
    "svenska.se",
    "wiktionary"
   ],
   "hamtning_misslyckades": []
  },
  "biopsi": {
   "har": [
    "svenska.se",
    "wiktionary"
   ],
   "hamtning_misslyckades": []
  },
  "bipolär": {
   "har": [
    "svenska.se",
    "wiktionary"
   ],
   "hamtning_misslyckades": []
  },
  "bisektris": {
   "har": [
    "svenska.se",
    "wiktionary"
   ],
   "hamtning_misslyckades": []
  },
  "bita av någon": {
   "har": [],
   "hamtning_misslyckades": []
  },
  "bita huvudet av skammen": {
   "har": [
    "wiktionary"
   ],
   "hamtning_misslyckades": []
  },
  "bita i gräset": {
   "har": [
    "synonymer.se",
    "wiktionary"
   ],
   "hamtning_misslyckades": []
  },
  "bitanke": {
   "har": [
    "svenska.se",
    "synonymer.se"
   ],
   "hamtning_misslyckades": []
  },
  "bittersta": {
   "har": [
    "svenska.se",
    "synonymer.se"
   ],
   "hamtning_misslyckades": []
  },
  "bjuda med armbågen": {
   "har": [
    "wiktionary"
   ],
   "hamtning_misslyckades": []
  },
  "blam": {
   "har": [
    "svenska.se",
    "synonymer.se"
   ],
   "hamtning_misslyckades": [
    "wiktionary"
   ]
  },
  "blamant": {
   "har": [
    "svenska.se",
    "synonymer.se"
   ],
   "hamtning_misslyckades": []
  },
  "blankvers": {
   "har": [
    "svenska.se",
    "wiktionary"
   ],
   "hamtning_misslyckades": []
  },
  "blarr": {
   "har": [
    "svenska.se",
    "synonymer.se"
   ],
   "hamtning_misslyckades": []
  },
  "blek kopia": {
   "har": [],
   "hamtning_misslyckades": []
  },
  "blek som (ett) lärft": {
   "har": [],
   "hamtning_misslyckades": []
  },
  "bli blåst/snuvad/lurad på konfekten": {
   "har": [],
   "hamtning_misslyckades": [
    "synonymer.se"
   ]
  },
  "bli vid sin läst": {
   "har": [],
   "hamtning_misslyckades": []
  },
  "blini": {
   "har": [
    "svenska.se",
    "synonymer.se"
   ],
   "hamtning_misslyckades": [
    "wiktionary"
   ]
  },
  "blod på händerna": {
   "har": [],
   "hamtning_misslyckades": [
    "wiktionary"
   ]
  },
  "blästra": {
   "har": [
    "svenska.se",
    "wiktionary"
   ],
   "hamtning_misslyckades": []
  },
  "blåsa faran över": {
   "har": [],
   "hamtning_misslyckades": []
  },
  "bokstavstro": {
   "har": [
    "svenska.se",
    "synonymer.se"
   ],
   "hamtning_misslyckades": []
  },
  "bokstavstrogen": {
   "har": [
    "svenska.se",
    "synonymer.se"
   ],
   "hamtning_misslyckades": []
  },
  "bolare": {
   "har": [
    "svenska.se",
    "wiktionary"
   ],
   "hamtning_misslyckades": []
  },
  "bollen är rund": {
   "har": [
    "wiktionary"
   ],
   "hamtning_misslyckades": []
  },
  "bomber och granater": {
   "har": [
    "wiktionary"
   ],
   "hamtning_misslyckades": []
  },
  "bondtjuv": {
   "har": [
    "synonymer.se"
   ],
   "hamtning_misslyckades": [
    "svenska.se"
   ]
  },
  "bondtur": {
   "har": [
    "svenska.se",
    "synonymer.se"
   ],
   "hamtning_misslyckades": []
  },
  "bondånger": {
   "har": [
    "svenska.se",
    "synonymer.se"
   ],
   "hamtning_misslyckades": []
  },
  "bonvivant": {
   "har": [
    "synonymer.se"
   ],
   "hamtning_misslyckades": [
    "svenska.se"
   ]
  },
  "borga för": {
   "har": [
    "synonymer.se"
   ],
   "hamtning_misslyckades": []
  },
  "bornerad": {
   "har": [
    "svenska.se",
    "synonymer.se"
   ],
   "hamtning_misslyckades": [
    "wiktionary"
   ]
  },
  "bortkollrad": {
   "har": [
    "svenska.se",
    "synonymer.se"
   ],
   "hamtning_misslyckades": []
  },
  "bossanova": {
   "har": [
    "svenska.se",
    "wiktionary"
   ],
   "hamtning_misslyckades": []
  },
  "bottna i": {
   "har": [
    "synonymer.se"
   ],
   "hamtning_misslyckades": []
  },
  "boudoir": {
   "har": [
    "synonymer.se",
    "wiktionary"
   ],
   "hamtning_misslyckades": [
    "svenska.se"
   ]
  },
  "bouillabaisse": {
   "har": [
    "svenska.se",
    "wiktionary"
   ],
   "hamtning_misslyckades": []
  },
  "bouppteckning": {
   "har": [
    "svenska.se",
    "wiktionary"
   ],
   "hamtning_misslyckades": []
  },
  "bradykardi": {
   "har": [
    "svenska.se",
    "wiktionary"
   ],
   "hamtning_misslyckades": []
  },
  "braille": {
   "har": [],
   "hamtning_misslyckades": [
    "svenska.se"
   ]
  },
  "brailleskrift": {
   "har": [
    "svenska.se",
    "synonymer.se"
   ],
   "hamtning_misslyckades": []
  },
  "brandtal": {
   "har": [
    "svenska.se",
    "synonymer.se"
   ],
   "hamtning_misslyckades": [
    "wiktionary"
   ]
  },
  "brasserie": {
   "har": [
    "synonymer.se",
    "wiktionary"
   ],
   "hamtning_misslyckades": [
    "svenska.se"
   ]
  },
  "brinner i knutarna": {
   "har": [],
   "hamtning_misslyckades": []
  },
  "brokad": {
   "har": [
    "svenska.se",
    "wiktionary"
   ],
   "hamtning_misslyckades": []
  },
  "bronker": {
   "har": [
    "svenska.se"
   ],
   "hamtning_misslyckades": []
  },
  "brorslott": {
   "har": [
    "svenska.se",
    "synonymer.se"
   ],
   "hamtning_misslyckades": []
  },
  "brudnäbb": {
   "har": [
    "svenska.se",
    "wiktionary"
   ],
   "hamtning_misslyckades": []
  },
  "brumbjörn": {
   "har": [
    "svenska.se",
    "synonymer.se"
   ],
   "hamtning_misslyckades": [
    "wiktionary"
   ]
  },
  "bryta/dra en lans för någon/något": {
   "har": [],
   "hamtning_misslyckades": [
    "synonymer.se"
   ]
  },
  "brytningstid": {
   "har": [
    "svenska.se",
    "synonymer.se"
   ],
   "hamtning_misslyckades": []
  },
  "brädslå": {
   "har": [
    "svenska.se",
    "synonymer.se"
   ],
   "hamtning_misslyckades": []
  },
  "bränna sina skepp": {
   "har": [
    "wiktionary"
   ],
   "hamtning_misslyckades": []
  },
  "bränna sitt ljus i båda ändar": {
   "har": [
    "wiktionary"
   ],
   "hamtning_misslyckades": []
  },
  "bräsma": {
   "har": [
    "svenska.se"
   ],
   "hamtning_misslyckades": [
    "wiktionary"
   ]
  },
  "bråddning": {
   "har": [],
   "hamtning_misslyckades": [
    "svenska.se",
    "wiktionary"
   ]
  },
  "bröd och skådespel": {
   "har": [],
   "hamtning_misslyckades": []
  },
  "brödtext": {
   "har": [
    "svenska.se",
    "wiktionary"
   ],
   "hamtning_misslyckades": []
  },
  "brösta": {
   "har": [
    "svenska.se",
    "synonymer.se"
   ],
   "hamtning_misslyckades": []
  },
  "bröstgänges": {
   "har": [
    "svenska.se",
    "synonymer.se"
   ],
   "hamtning_misslyckades": []
  },
  "budgetering": {
   "har": [
    "svenska.se",
    "wiktionary"
   ],
   "hamtning_misslyckades": []
  },
  "budo": {
   "har": [
    "svenska.se",
    "synonymer.se"
   ],
   "hamtning_misslyckades": []
  },
  "bulbus": {
   "har": [],
   "hamtning_misslyckades": [
    "svenska.se"
   ]
  },
  "bulgur": {
   "har": [
    "svenska.se",
    "wiktionary"
   ],
   "hamtning_misslyckades": []
  },
  "bulk": {
   "har": [
    "svenska.se",
    "wiktionary"
   ],
   "hamtning_misslyckades": []
  },
  "bygga broar": {
   "har": [
    "wiktionary"
   ],
   "hamtning_misslyckades": []
  },
  "byke": {
   "har": [
    "svenska.se",
    "synonymer.se"
   ],
   "hamtning_misslyckades": []
  },
  "byline": {
   "har": [
    "svenska.se",
    "wiktionary"
   ],
   "hamtning_misslyckades": []
  },
  "bylsig": {
   "har": [
    "svenska.se",
    "synonymer.se"
   ],
   "hamtning_misslyckades": []
  },
  "byrett": {
   "har": [
    "svenska.se",
    "wiktionary"
   ],
   "hamtning_misslyckades": []
  },
  "byssja": {
   "har": [
    "svenska.se",
    "synonymer.se"
   ],
   "hamtning_misslyckades": [
    "wiktionary"
   ]
  },
  "byta fot": {
   "har": [
    "wiktionary"
   ],
   "hamtning_misslyckades": []
  },
  "bära i gullstol": {
   "har": [],
   "hamtning_misslyckades": []
  },
  "bära i sitt sköte": {
   "har": [
    "synonymer.se"
   ],
   "hamtning_misslyckades": []
  },
  "bära sig": {
   "har": [
    "svenska.se",
    "synonymer.se"
   ],
   "hamtning_misslyckades": []
  },
  "bärm": {
   "har": [
    "svenska.se",
    "synonymer.se"
   ],
   "hamtning_misslyckades": []
  },
  "börja få gråa hår": {
   "har": [],
   "hamtning_misslyckades": []
  },
  "börja på ny kula": {
   "har": [
    "synonymer.se",
    "wiktionary"
   ],
   "hamtning_misslyckades": []
  },
  "calypso": {
   "har": [
    "svenska.se"
   ],
   "hamtning_misslyckades": [
    "wiktionary"
   ]
  },
  "camembert": {
   "har": [
    "svenska.se",
    "wiktionary"
   ],
   "hamtning_misslyckades": []
  },
  "canasta": {
   "har": [
    "svenska.se",
    "wiktionary"
   ],
   "hamtning_misslyckades": []
  },
  "cedilj": {
   "har": [
    "svenska.se",
    "wiktionary"
   ],
   "hamtning_misslyckades": []
  },
  "celiaki": {
   "har": [
    "svenska.se",
    "wiktionary"
   ],
   "hamtning_misslyckades": []
  },
  "cello": {
   "har": [
    "svenska.se",
    "wiktionary"
   ],
   "hamtning_misslyckades": []
  },
  "cellofan": {
   "har": [
    "svenska.se",
    "wiktionary"
   ],
   "hamtning_misslyckades": []
  },
  "cementa": {
   "har": [
    "svenska.se",
    "synonymer.se"
   ],
   "hamtning_misslyckades": []
  },
  "censur": {
   "har": [
    "svenska.se",
    "synonymer.se"
   ],
   "hamtning_misslyckades": [
    "wiktionary"
   ]
  },
  "centerbord": {
   "har": [
    "svenska.se",
    "synonymer.se"
   ],
   "hamtning_misslyckades": [
    "wiktionary"
   ]
  },
  "centilong": {
   "har": [
    "svenska.se",
    "wiktionary"
   ],
   "hamtning_misslyckades": []
  },
  "cerat": {
   "har": [
    "svenska.se",
    "wiktionary"
   ],
   "hamtning_misslyckades": []
  },
  "cert": {
   "har": [
    "svenska.se",
    "synonymer.se"
   ],
   "hamtning_misslyckades": []
  },
  "cervix": {
   "har": [
    "synonymer.se",
    "wiktionary"
   ],
   "hamtning_misslyckades": []
  },
  "cesarisk": {
   "har": [
    "svenska.se",
    "synonymer.se"
   ],
   "hamtning_misslyckades": []
  },
  "chapeau-claque": {
   "har": [
    "svenska.se"
   ],
   "hamtning_misslyckades": []
  },
  "chargé-d'affaires": {
   "har": [
    "svenska.se",
    "wiktionary"
   ],
   "hamtning_misslyckades": []
  },
  "chiffong": {
   "har": [
    "svenska.se",
    "wiktionary"
   ],
   "hamtning_misslyckades": []
  },
  "cinnober": {
   "har": [
    "svenska.se",
    "wiktionary"
   ],
   "hamtning_misslyckades": []
  },
  "cirkeln är sluten": {
   "har": [],
   "hamtning_misslyckades": []
  },
  "cirkumferens": {
   "har": [],
   "hamtning_misslyckades": []
  },
  "cirkumflex": {
   "har": [
    "svenska.se",
    "wiktionary"
   ],
   "hamtning_misslyckades": []
  },
  "civilkurage": {
   "har": [
    "svenska.se",
    "wiktionary"
   ],
   "hamtning_misslyckades": []
  },
  "civilstånd": {
   "har": [
    "svenska.se",
    "wiktionary"
   ],
   "hamtning_misslyckades": []
  },
  "consensus": {
   "har": [
    "synonymer.se",
    "wiktionary"
   ],
   "hamtning_misslyckades": []
  },
  "crepe": {
   "har": [],
   "hamtning_misslyckades": [
    "svenska.se",
    "wiktionary"
   ]
  },
  "crème-de-la-crème": {
   "har": [
    "svenska.se",
    "synonymer.se"
   ],
   "hamtning_misslyckades": []
  },
  "curare": {
   "har": [
    "svenska.se"
   ],
   "hamtning_misslyckades": []
  },
  "cyklamat": {
   "har": [
    "svenska.se"
   ],
   "hamtning_misslyckades": []
  },
  "cypress": {
   "har": [
    "svenska.se",
    "wiktionary"
   ],
   "hamtning_misslyckades": []
  },
  "cytostatika": {
   "har": [
    "svenska.se",
    "wiktionary"
   ],
   "hamtning_misslyckades": []
  },
  "dadaism": {
   "har": [
    "svenska.se",
    "wiktionary"
   ],
   "hamtning_misslyckades": []
  },
  "daktyloskopi": {
   "har": [
    "svenska.se"
   ],
   "hamtning_misslyckades": []
  },
  "dansa efter någons pipa": {
   "har": [
    "wiktionary"
   ],
   "hamtning_misslyckades": []
  },
  "dansen kring gyllende kalven": {
   "har": [],
   "hamtning_misslyckades": []
  },
  "datja": {
   "har": [
    "svenska.se",
    "synonymer.se"
   ],
   "hamtning_misslyckades": []
  },
  "datortomografi": {
   "har": [
    "svenska.se",
    "wiktionary"
   ],
   "hamtning_misslyckades": []
  },
  "de novo": {
   "har": [],
   "hamtning_misslyckades": []
  },
  "degression": {
   "har": [
    "svenska.se"
   ],
   "hamtning_misslyckades": []
  },
  "dehydration": {
   "har": [],
   "hamtning_misslyckades": []
  },
  "dekanus": {
   "har": [
    "svenska.se"
   ],
   "hamtning_misslyckades": [
    "wiktionary"
   ]
  },
  "dela sina gracer": {
   "har": [],
   "hamtning_misslyckades": []
  },
  "delge /delgiva": {
   "har": [],
   "hamtning_misslyckades": [
    "synonymer.se"
   ]
  },
  "delo": {
   "har": [
    "svenska.se",
    "synonymer.se"
   ],
   "hamtning_misslyckades": []
  },
  "den gubben går inte": {
   "har": [
    "synonymer.se"
   ],
   "hamtning_misslyckades": []
  },
  "dental": {
   "har": [
    "svenska.se",
    "wiktionary"
   ],
   "hamtning_misslyckades": []
  },
  "dentist": {
   "har": [
    "svenska.se",
    "wiktionary"
   ],
   "hamtning_misslyckades": []
  },
  "designera": {
   "har": [
    "svenska.se",
    "synonymer.se"
   ],
   "hamtning_misslyckades": [
    "wiktionary"
   ]
  },
  "desinfektera": {
   "har": [
    "svenska.se",
    "synonymer.se"
   ],
   "hamtning_misslyckades": [
    "wiktionary"
   ]
  },
  "destillering": {
   "har": [
    "svenska.se"
   ],
   "hamtning_misslyckades": []
  },
  "det allena saliggörande": {
   "har": [],
   "hamtning_misslyckades": []
  },
  "det drar ihop sig": {
   "har": [],
   "hamtning_misslyckades": []
  },
  "det flyger inga stekta sparvar i munnen på en": {
   "har": [],
   "hamtning_misslyckades": []
  },
  "det går sin gilla gång": {
   "har": [],
   "hamtning_misslyckades": []
  },
  "det går troll i något": {
   "har": [],
   "hamtning_misslyckades": []
  },
  "det går upp en talgdank för ngn": {
   "har": [],
   "hamtning_misslyckades": []
  },
  "det hänger på gärsgårn": {
   "har": [],
   "hamtning_misslyckades": []
  },
  "det lackar/lider mot jul": {
   "har": [],
   "hamtning_misslyckades": [
    "synonymer.se"
   ]
  },
  "det man inte har i huvudet får man ha i benen": {
   "har": [],
   "hamtning_misslyckades": [
    "wiktionary"
   ]
  },
  "det täcka könet": {
   "har": [
    "wiktionary"
   ],
   "hamtning_misslyckades": []
  },
  "det vete fåglarna": {
   "har": [
    "wiktionary"
   ],
   "hamtning_misslyckades": []
  },
  "det är lätt att säga tulipanaros": {
   "har": [],
   "hamtning_misslyckades": []
  },
  "det är många om budet": {
   "har": [],
   "hamtning_misslyckades": []
  },
  "diakoni": {
   "har": [
    "svenska.se",
    "wiktionary"
   ],
   "hamtning_misslyckades": []
  },
  "diarie": {
   "har": [],
   "hamtning_misslyckades": [
    "svenska.se",
    "wiktionary"
   ]
  },
  "diftong": {
   "har": [
    "svenska.se",
    "wiktionary"
   ],
   "hamtning_misslyckades": []
  },
  "diglossi": {
   "har": [
    "svenska.se",
    "wiktionary"
   ],
   "hamtning_misslyckades": []
  },
  "dilla (om)": {
   "har": [],
   "hamtning_misslyckades": []
  },
  "dimorf": {
   "har": [
    "svenska.se",
    "wiktionary"
   ],
   "hamtning_misslyckades": []
  },
  "disambiguera": {
   "har": [
    "svenska.se",
    "wiktionary"
   ],
   "hamtning_misslyckades": []
  },
  "dispenser": {
   "har": [
    "svenska.se",
    "wiktionary"
   ],
   "hamtning_misslyckades": []
  },
  "dissonant": {
   "har": [
    "svenska.se"
   ],
   "hamtning_misslyckades": []
  },
  "djonk": {
   "har": [
    "svenska.se",
    "wiktionary"
   ],
   "hamtning_misslyckades": []
  },
  "doge": {
   "har": [
    "svenska.se",
    "wiktionary"
   ],
   "hamtning_misslyckades": []
  },
  "domänförlust": {
   "har": [
    "svenska.se",
    "wiktionary"
   ],
   "hamtning_misslyckades": []
  },
  "don efter person": {
   "har": [],
   "hamtning_misslyckades": []
  },
  "dra (stora) växlar på ngt": {
   "har": [],
   "hamtning_misslyckades": [
    "wiktionary"
   ]
  },
  "dra det tyngsta lasset": {
   "har": [],
   "hamtning_misslyckades": []
  },
  "dra dit pepparn växer": {
   "har": [
    "wiktionary"
   ],
   "hamtning_misslyckades": []
  },
  "dra ett streck över det som varit": {
   "har": [],
   "hamtning_misslyckades": []
  },
  "dra i långbänk": {
   "har": [],
   "hamtning_misslyckades": []
  },
  "dra ngn vid näsan": {
   "har": [],
   "hamtning_misslyckades": []
  },
  "dra på trissor": {
   "har": [
    "wiktionary"
   ],
   "hamtning_misslyckades": []
  },
  "dra sin färde": {
   "har": [],
   "hamtning_misslyckades": []
  },
  "dra åt svångremmen": {
   "har": [
    "wiktionary"
   ],
   "hamtning_misslyckades": []
  },
  "dra/hålla i tåtarna": {
   "har": [],
   "hamtning_misslyckades": [
    "synonymer.se"
   ]
  },
  "dragga": {
   "har": [
    "svenska.se",
    "wiktionary"
   ],
   "hamtning_misslyckades": []
  },
  "dressör": {
   "har": [
    "svenska.se",
    "synonymer.se"
   ],
   "hamtning_misslyckades": [
    "wiktionary"
   ]
  },
  "drive-through": {
   "har": [],
   "hamtning_misslyckades": [
    "svenska.se"
   ]
  },
  "dräll": {
   "har": [
    "svenska.se",
    "wiktionary"
   ],
   "hamtning_misslyckades": []
  },
  "dråsa": {
   "har": [
    "svenska.se",
    "synonymer.se"
   ],
   "hamtning_misslyckades": []
  },
  "drömslott": {
   "har": [
    "svenska.se",
    "synonymer.se"
   ],
   "hamtning_misslyckades": []
  },
  "dygdemönster": {
   "har": [
    "svenska.se",
    "synonymer.se"
   ],
   "hamtning_misslyckades": [
    "wiktionary"
   ]
  },
  "dynamometer": {
   "har": [
    "svenska.se"
   ],
   "hamtning_misslyckades": [
    "wiktionary"
   ]
  },
  "därmed basta": {
   "har": [
    "synonymer.se"
   ],
   "hamtning_misslyckades": []
  },
  "därom tvista de lärde": {
   "har": [],
   "hamtning_misslyckades": []
  },
  "dävert": {
   "har": [
    "svenska.se",
    "wiktionary"
   ],
   "hamtning_misslyckades": []
  },
  "döden i grytan": {
   "har": [
    "synonymer.se"
   ],
   "hamtning_misslyckades": []
  },
  "dödsjö": {
   "har": [
    "svenska.se",
    "synonymer.se"
   ],
   "hamtning_misslyckades": []
  },
  "ebenholts": {
   "har": [
    "svenska.se",
    "wiktionary"
   ],
   "hamtning_misslyckades": []
  },
  "echaufferad": {
   "har": [
    "svenska.se",
    "synonymer.se"
   ],
   "hamtning_misslyckades": [
    "wiktionary"
   ]
  },
  "echelong": {
   "har": [
    "svenska.se",
    "wiktionary"
   ],
   "hamtning_misslyckades": []
  },
  "ecklesiastik": {
   "har": [
    "svenska.se",
    "wiktionary"
   ],
   "hamtning_misslyckades": []
  },
  "efter konstens alla regler": {
   "har": [],
   "hamtning_misslyckades": []
  },
  "efterdyningar": {
   "har": [
    "synonymer.se",
    "wiktionary"
   ],
   "hamtning_misslyckades": [
    "svenska.se"
   ]
  },
  "eftertankens kranka blekhet": {
   "har": [
    "synonymer.se"
   ],
   "hamtning_misslyckades": []
  },
  "ekarté": {
   "har": [
    "svenska.se",
    "wiktionary"
   ],
   "hamtning_misslyckades": []
  },
  "ekg": {
   "har": [
    "svenska.se",
    "synonymer.se"
   ],
   "hamtning_misslyckades": []
  },
  "ekolod": {
   "har": [
    "svenska.se",
    "wiktionary"
   ],
   "hamtning_misslyckades": []
  },
  "ektomi": {
   "har": [
    "svenska.se",
    "synonymer.se"
   ],
   "hamtning_misslyckades": []
  },
  "ekumenik": {
   "har": [
    "svenska.se",
    "wiktionary"
   ],
   "hamtning_misslyckades": []
  },
  "ekvilibristik": {
   "har": [
    "svenska.se",
    "synonymer.se"
   ],
   "hamtning_misslyckades": []
  },
  "elan": {
   "har": [
    "synonymer.se"
   ],
   "hamtning_misslyckades": [
    "svenska.se"
   ]
  },
  "eld i berget!": {
   "har": [],
   "hamtning_misslyckades": []
  },
  "elementa": {
   "har": [
    "svenska.se",
    "synonymer.se"
   ],
   "hamtning_misslyckades": []
  },
  "eloxera": {
   "har": [
    "svenska.se"
   ],
   "hamtning_misslyckades": []
  },
  "eluera": {
   "har": [
    "svenska.se"
   ],
   "hamtning_misslyckades": []
  },
  "elusion": {
   "har": [],
   "hamtning_misslyckades": [
    "svenska.se",
    "wiktionary"
   ]
  },
  "eluvial": {
   "har": [
    "svenska.se"
   ],
   "hamtning_misslyckades": [
    "wiktionary"
   ]
  },
  "eluvium": {
   "har": [
    "svenska.se"
   ],
   "hamtning_misslyckades": []
  },
  "embryologi": {
   "har": [
    "svenska.se",
    "wiktionary"
   ],
   "hamtning_misslyckades": []
  },
  "embryonisk": {
   "har": [
    "svenska.se",
    "wiktionary"
   ],
   "hamtning_misslyckades": []
  },
  "emendation": {
   "har": [
    "svenska.se",
    "synonymer.se"
   ],
   "hamtning_misslyckades": []
  },
  "emerita": {
   "har": [
    "svenska.se",
    "synonymer.se"
   ],
   "hamtning_misslyckades": []
  },
  "emfysem": {
   "har": [
    "svenska.se"
   ],
   "hamtning_misslyckades": []
  },
  "emulgera": {
   "har": [
    "svenska.se",
    "wiktionary"
   ],
   "hamtning_misslyckades": []
  },
  "en koloss på lerfötter": {
   "har": [],
   "hamtning_misslyckades": []
  },
  "en orm i paradiset": {
   "har": [],
   "hamtning_misslyckades": [
    "wiktionary"
   ]
  },
  "en polsk riksdag": {
   "har": [],
   "hamtning_misslyckades": [
    "wiktionary"
   ]
  },
  "en vit fläck på kartan": {
   "har": [],
   "hamtning_misslyckades": []
  },
  "en-tous-cas": {
   "har": [],
   "hamtning_misslyckades": []
  },
  "enaktare": {
   "har": [
    "svenska.se"
   ],
   "hamtning_misslyckades": []
  },
  "encefalografi": {
   "har": [
    "svenska.se",
    "synonymer.se"
   ],
   "hamtning_misslyckades": []
  },
  "endera dagen": {
   "har": [],
   "hamtning_misslyckades": []
  },
  "endiv": {
   "har": [
    "svenska.se"
   ],
   "hamtning_misslyckades": []
  },
  "endossat": {
   "har": [
    "svenska.se",
    "wiktionary"
   ],
   "hamtning_misslyckades": []
  },
  "endotermisk": {
   "har": [
    "svenska.se",
    "wiktionary"
   ],
   "hamtning_misslyckades": []
  },
  "enklitisk": {
   "har": [
    "svenska.se",
    "wiktionary"
   ],
   "hamtning_misslyckades": []
  },
  "enligt ngns förmenande": {
   "har": [],
   "hamtning_misslyckades": [
    "wiktionary"
   ]
  },
  "enligt/efter konstens alla regler": {
   "har": [],
   "hamtning_misslyckades": [
    "synonymer.se",
    "wiktionary"
   ]
  },
  "enständig": {
   "har": [
    "svenska.se",
    "synonymer.se"
   ],
   "hamtning_misslyckades": []
  },
  "enumeration": {
   "har": [
    "wiktionary"
   ],
   "hamtning_misslyckades": []
  },
  "envar blir salig på sin tro": {
   "har": [],
   "hamtning_misslyckades": []
  },
  "envar blir salig på sin tro/fason": {
   "har": [],
   "hamtning_misslyckades": [
    "synonymer.se"
   ]
  },
  "eocen": {
   "har": [
    "svenska.se",
    "wiktionary"
   ],
   "hamtning_misslyckades": []
  },
  "eolisk": {
   "har": [
    "svenska.se",
    "wiktionary"
   ],
   "hamtning_misslyckades": []
  },
  "eosin": {
   "har": [
    "svenska.se",
    "wiktionary"
   ],
   "hamtning_misslyckades": []
  },
  "epifyt": {
   "har": [
    "svenska.se"
   ],
   "hamtning_misslyckades": [
    "wiktionary"
   ]
  },
  "epilera": {
   "har": [
    "svenska.se",
    "wiktionary"
   ],
   "hamtning_misslyckades": []
  },
  "epilering": {
   "har": [
    "svenska.se",
    "wiktionary"
   ],
   "hamtning_misslyckades": []
  },
  "epistyl": {
   "har": [
    "svenska.se",
    "synonymer.se"
   ],
   "hamtning_misslyckades": []
  },
  "eponym": {
   "har": [
    "svenska.se",
    "wiktionary"
   ],
   "hamtning_misslyckades": []
  },
  "epoxi": {
   "har": [
    "svenska.se",
    "wiktionary"
   ],
   "hamtning_misslyckades": []
  },
  "erkännsam": {
   "har": [
    "svenska.se",
    "synonymer.se"
   ],
   "hamtning_misslyckades": []
  },
  "erratum": {
   "har": [
    "synonymer.se"
   ],
   "hamtning_misslyckades": [
    "svenska.se",
    "wiktionary"
   ]
  },
  "escargot": {
   "har": [],
   "hamtning_misslyckades": [
    "wiktionary"
   ]
  },
  "eskalation": {
   "har": [
    "svenska.se",
    "synonymer.se"
   ],
   "hamtning_misslyckades": []
  },
  "eskarp": {
   "har": [
    "svenska.se"
   ],
   "hamtning_misslyckades": []
  },
  "esomoftast": {
   "har": [
    "svenska.se",
    "synonymer.se"
   ],
   "hamtning_misslyckades": []
  },
  "eternit": {
   "har": [
    "svenska.se",
    "wiktionary"
   ],
   "hamtning_misslyckades": []
  },
  "etsare": {
   "har": [
    "svenska.se",
    "synonymer.se"
   ],
   "hamtning_misslyckades": []
  },
  "ett angenämt problem": {
   "har": [],
   "hamtning_misslyckades": []
  },
  "ett batteri (av)": {
   "har": [],
   "hamtning_misslyckades": []
  },
  "ett kok stryk": {
   "har": [
    "wiktionary"
   ],
   "hamtning_misslyckades": []
  },
  "ett strå vassare": {
   "har": [],
   "hamtning_misslyckades": [
    "wiktionary"
   ]
  },
  "etyd": {
   "har": [
    "svenska.se",
    "wiktionary"
   ],
   "hamtning_misslyckades": []
  },
  "eufonisk": {
   "har": [
    "svenska.se",
    "wiktionary"
   ],
   "hamtning_misslyckades": []
  },
  "eutrof": {
   "har": [
    "svenska.se",
    "synonymer.se"
   ],
   "hamtning_misslyckades": []
  },
  "evart": {
   "har": [
    "svenska.se",
    "wiktionary"
   ],
   "hamtning_misslyckades": []
  },
  "evidensbaserad": {
   "har": [
    "svenska.se"
   ],
   "hamtning_misslyckades": []
  },
  "exekutiv auktion": {
   "har": [
    "wiktionary"
   ],
   "hamtning_misslyckades": []
  },
  "exklamation": {
   "har": [
    "svenska.se",
    "synonymer.se"
   ],
   "hamtning_misslyckades": []
  },
  "exotermisk": {
   "har": [
    "svenska.se",
    "wiktionary"
   ],
   "hamtning_misslyckades": []
  },
  "explikation": {
   "har": [
    "svenska.se",
    "wiktionary"
   ],
   "hamtning_misslyckades": []
  },
  "exsickat": {
   "har": [
    "svenska.se"
   ],
   "hamtning_misslyckades": []
  },
  "extempore": {
   "har": [
    "svenska.se",
    "synonymer.se"
   ],
   "hamtning_misslyckades": []
  },
  "extramural": {
   "har": [
    "svenska.se",
    "wiktionary"
   ],
   "hamtning_misslyckades": []
  },
  "extremiteter": {
   "har": [
    "synonymer.se",
    "wiktionary"
   ],
   "hamtning_misslyckades": [
    "svenska.se"
   ]
  },
  "exulant": {
   "har": [
    "svenska.se"
   ],
   "hamtning_misslyckades": []
  },
  "fabla": {
   "har": [
    "svenska.se",
    "synonymer.se"
   ],
   "hamtning_misslyckades": []
  },
  "faciliteter": {
   "har": [
    "synonymer.se",
    "wiktionary"
   ],
   "hamtning_misslyckades": [
    "svenska.se"
   ]
  },
  "fackverk": {
   "har": [
    "svenska.se"
   ],
   "hamtning_misslyckades": [
    "wiktionary"
   ]
  },
  "fagra ord": {
   "har": [],
   "hamtning_misslyckades": [
    "wiktionary"
   ]
  },
  "fahrenheit": {
   "har": [
    "svenska.se"
   ],
   "hamtning_misslyckades": []
  },
  "faktori": {
   "har": [
    "svenska.se",
    "wiktionary"
   ],
   "hamtning_misslyckades": []
  },
  "falerner": {
   "har": [
    "svenska.se"
   ],
   "hamtning_misslyckades": []
  },
  "falla mellan två stolar": {
   "har": [],
   "hamtning_misslyckades": []
  },
  "falla ngn i talet": {
   "har": [],
   "hamtning_misslyckades": []
  },
  "falla på eget grepp": {
   "har": [],
   "hamtning_misslyckades": []
  },
  "falla på hälleberget": {
   "har": [],
   "hamtning_misslyckades": []
  },
  "falskspelare": {
   "har": [
    "svenska.se",
    "synonymer.se"
   ],
   "hamtning_misslyckades": [
    "wiktionary"
   ]
  },
  "fan och hans moster": {
   "har": [
    "wiktionary"
   ],
   "hamtning_misslyckades": []
  },
  "fanjunkare": {
   "har": [
    "svenska.se",
    "wiktionary"
   ],
   "hamtning_misslyckades": []
  },
  "fantasteri": {
   "har": [
    "svenska.se",
    "wiktionary"
   ],
   "hamtning_misslyckades": []
  },
  "fantomsmärta": {
   "har": [
    "svenska.se",
    "wiktionary"
   ],
   "hamtning_misslyckades": []
  },
  "fanér": {
   "har": [
    "wiktionary"
   ],
   "hamtning_misslyckades": [
    "svenska.se"
   ]
  },
  "fara (p)å färde": {
   "har": [],
   "hamtning_misslyckades": []
  },
  "farad": {
   "har": [
    "svenska.se",
    "wiktionary"
   ],
   "hamtning_misslyckades": []
  },
  "farfars moster": {
   "har": [],
   "hamtning_misslyckades": []
  },
  "farin": {
   "har": [
    "svenska.se",
    "wiktionary"
   ],
   "hamtning_misslyckades": []
  },
  "farmaci": {
   "har": [
    "svenska.se",
    "wiktionary"
   ],
   "hamtning_misslyckades": []
  },
  "faryngal": {
   "har": [
    "svenska.se",
    "wiktionary"
   ],
   "hamtning_misslyckades": []
  },
  "fascikel": {
   "har": [
    "svenska.se",
    "synonymer.se"
   ],
   "hamtning_misslyckades": [
    "wiktionary"
   ]
  },
  "faute / fåt": {
   "har": [],
   "hamtning_misslyckades": [
    "synonymer.se"
   ]
  },
  "federalism": {
   "har": [
    "svenska.se",
    "wiktionary"
   ],
   "hamtning_misslyckades": []
  },
  "felgrepp": {
   "har": [
    "svenska.se",
    "synonymer.se"
   ],
   "hamtning_misslyckades": []
  },
  "ferm /färm": {
   "har": [],
   "hamtning_misslyckades": [
    "synonymer.se"
   ]
  },
  "fermat": {
   "har": [
    "svenska.se",
    "wiktionary"
   ],
   "hamtning_misslyckades": []
  },
  "feromon": {
   "har": [
    "svenska.se",
    "wiktionary"
   ],
   "hamtning_misslyckades": []
  },
  "feromoner": {
   "har": [],
   "hamtning_misslyckades": [
    "svenska.se"
   ]
  },
  "ferrit": {
   "har": [
    "svenska.se",
    "wiktionary"
   ],
   "hamtning_misslyckades": []
  },
  "fetischism": {
   "har": [
    "svenska.se"
   ],
   "hamtning_misslyckades": [
    "wiktionary"
   ]
  },
  "fez": {
   "har": [
    "svenska.se",
    "wiktionary"
   ],
   "hamtning_misslyckades": []
  },
  "fibrig": {
   "har": [
    "svenska.se",
    "synonymer.se"
   ],
   "hamtning_misslyckades": []
  },
  "fibrill": {
   "har": [
    "svenska.se"
   ],
   "hamtning_misslyckades": []
  },
  "fibrin": {
   "har": [
    "svenska.se",
    "wiktionary"
   ],
   "hamtning_misslyckades": []
  },
  "fibromyalgi": {
   "har": [
    "svenska.se",
    "wiktionary"
   ],
   "hamtning_misslyckades": []
  },
  "fideikommiss": {
   "har": [
    "svenska.se",
    "wiktionary"
   ],
   "hamtning_misslyckades": []
  },
  "fidejkomiss": {
   "har": [],
   "hamtning_misslyckades": []
  },
  "filera": {
   "har": [
    "svenska.se"
   ],
   "hamtning_misslyckades": []
  },
  "filharmoniker": {
   "har": [
    "svenska.se",
    "wiktionary"
   ],
   "hamtning_misslyckades": []
  },
  "filia": {
   "har": [
    "wiktionary"
   ],
   "hamtning_misslyckades": [
    "svenska.se"
   ]
  },
  "filklove": {
   "har": [
    "svenska.se"
   ],
   "hamtning_misslyckades": [
    "wiktionary"
   ]
  },
  "finlemmad": {
   "har": [
    "svenska.se",
    "synonymer.se"
   ],
   "hamtning_misslyckades": []
  },
  "finlir": {
   "har": [
    "svenska.se",
    "wiktionary"
   ],
   "hamtning_misslyckades": []
  },
  "finna för gott att": {
   "har": [],
   "hamtning_misslyckades": []
  },
  "finna sig i": {
   "har": [
    "synonymer.se"
   ],
   "hamtning_misslyckades": []
  },
  "finna ut": {
   "har": [
    "svenska.se"
   ],
   "hamtning_misslyckades": []
  },
  "finstilt": {
   "har": [
    "svenska.se",
    "wiktionary"
   ],
   "hamtning_misslyckades": []
  },
  "finstämd": {
   "har": [
    "svenska.se",
    "synonymer.se"
   ],
   "hamtning_misslyckades": []
  },
  "fioritur": {
   "har": [
    "svenska.se",
    "synonymer.se"
   ],
   "hamtning_misslyckades": []
  },
  "fiska i grumligt vatten": {
   "har": [
    "wiktionary"
   ],
   "hamtning_misslyckades": []
  },
  "fjording": {
   "har": [
    "svenska.se",
    "wiktionary"
   ],
   "hamtning_misslyckades": []
  },
  "fjäder i hatten": {
   "har": [
    "synonymer.se"
   ],
   "hamtning_misslyckades": []
  },
  "flaggskepp i en samling": {
   "har": [],
   "hamtning_misslyckades": []
  },
  "flamenco": {
   "har": [
    "svenska.se",
    "wiktionary"
   ],
   "hamtning_misslyckades": []
  },
  "flamingo": {
   "har": [
    "svenska.se",
    "wiktionary"
   ],
   "hamtning_misslyckades": []
  },
  "flark": {
   "har": [
    "svenska.se",
    "wiktionary"
   ],
   "hamtning_misslyckades": []
  },
  "flash-back": {
   "har": [],
   "hamtning_misslyckades": []
  },
  "flexion / flektion": {
   "har": [],
   "hamtning_misslyckades": [
    "synonymer.se"
   ]
  },
  "florshuva": {
   "har": [
    "svenska.se",
    "wiktionary"
   ],
   "hamtning_misslyckades": []
  },
  "florstunn": {
   "har": [
    "svenska.se",
    "synonymer.se"
   ],
   "hamtning_misslyckades": [
    "wiktionary"
   ]
  },
  "flugig": {
   "har": [
    "svenska.se",
    "synonymer.se"
   ],
   "hamtning_misslyckades": []
  },
  "fluorescens": {
   "har": [
    "svenska.se",
    "wiktionary"
   ],
   "hamtning_misslyckades": []
  },
  "fluorescera": {
   "har": [
    "svenska.se",
    "wiktionary"
   ],
   "hamtning_misslyckades": []
  },
  "flängd": {
   "har": [
    "svenska.se"
   ],
   "hamtning_misslyckades": []
  },
  "flänsa": {
   "har": [
    "svenska.se",
    "wiktionary"
   ],
   "hamtning_misslyckades": []
  },
  "fläsklägg": {
   "har": [
    "svenska.se",
    "wiktionary"
   ],
   "hamtning_misslyckades": []
  },
  "flåsig": {
   "har": [
    "svenska.se",
    "synonymer.se"
   ],
   "hamtning_misslyckades": []
  },
  "fnas": {
   "har": [
    "svenska.se",
    "synonymer.se"
   ],
   "hamtning_misslyckades": []
  },
  "foliant": {
   "har": [
    "svenska.se",
    "wiktionary"
   ],
   "hamtning_misslyckades": []
  },
  "follikel": {
   "har": [
    "svenska.se",
    "wiktionary"
   ],
   "hamtning_misslyckades": []
  },
  "fondue": {
   "har": [
    "svenska.se",
    "wiktionary"
   ],
   "hamtning_misslyckades": []
  },
  "foniatrik": {
   "har": [
    "svenska.se"
   ],
   "hamtning_misslyckades": []
  },
  "fontanell": {
   "har": [
    "svenska.se",
    "wiktionary"
   ],
   "hamtning_misslyckades": []
  },
  "formatera": {
   "har": [
    "svenska.se",
    "wiktionary"
   ],
   "hamtning_misslyckades": []
  },
  "formsak": {
   "har": [
    "svenska.se",
    "synonymer.se"
   ],
   "hamtning_misslyckades": []
  },
  "forsythia": {
   "har": [
    "svenska.se",
    "wiktionary"
   ],
   "hamtning_misslyckades": []
  },
  "fortis": {
   "har": [
    "svenska.se"
   ],
   "hamtning_misslyckades": []
  },
  "fortskridande": {
   "har": [
    "synonymer.se",
    "wiktionary"
   ],
   "hamtning_misslyckades": [
    "svenska.se"
   ]
  },
  "fortuna": {
   "har": [
    "svenska.se"
   ],
   "hamtning_misslyckades": [
    "wiktionary"
   ]
  },
  "fosforit": {
   "har": [
    "svenska.se"
   ],
   "hamtning_misslyckades": []
  },
  "fosgen": {
   "har": [
    "svenska.se",
    "wiktionary"
   ],
   "hamtning_misslyckades": []
  },
  "fotocell": {
   "har": [
    "svenska.se",
    "wiktionary"
   ],
   "hamtning_misslyckades": []
  },
  "frambrytande": {
   "har": [
    "svenska.se"
   ],
   "hamtning_misslyckades": []
  },
  "frater": {
   "har": [
    "synonymer.se",
    "wiktionary"
   ],
   "hamtning_misslyckades": [
    "svenska.se"
   ]
  },
  "freda sig": {
   "har": [
    "synonymer.se"
   ],
   "hamtning_misslyckades": []
  },
  "fresia": {
   "har": [
    "svenska.se"
   ],
   "hamtning_misslyckades": []
  },
  "fribryteri": {
   "har": [],
   "hamtning_misslyckades": [
    "svenska.se",
    "wiktionary"
   ]
  },
  "fribyteri": {
   "har": [
    "svenska.se"
   ],
   "hamtning_misslyckades": [
    "wiktionary"
   ]
  },
  "frifräsare": {
   "har": [
    "svenska.se",
    "synonymer.se"
   ],
   "hamtning_misslyckades": []
  },
  "frimureri": {
   "har": [
    "svenska.se",
    "synonymer.se"
   ],
   "hamtning_misslyckades": []
  },
  "friska i/på": {
   "har": [],
   "hamtning_misslyckades": [
    "synonymer.se"
   ]
  },
  "friskriva": {
   "har": [
    "svenska.se",
    "synonymer.se"
   ],
   "hamtning_misslyckades": []
  },
  "fromla": {
   "har": [
    "svenska.se",
    "synonymer.se"
   ],
   "hamtning_misslyckades": []
  },
  "frontong": {
   "har": [
    "svenska.se"
   ],
   "hamtning_misslyckades": []
  },
  "frottera sig med": {
   "har": [
    "synonymer.se"
   ],
   "hamtning_misslyckades": []
  },
  "frotté": {
   "har": [
    "svenska.se",
    "wiktionary"
   ],
   "hamtning_misslyckades": []
  },
  "frälsarkrans": {
   "har": [
    "svenska.se",
    "synonymer.se"
   ],
   "hamtning_misslyckades": [
    "wiktionary"
   ]
  },
  "från scratch": {
   "har": [],
   "hamtning_misslyckades": []
  },
  "ftalat": {
   "har": [
    "svenska.se"
   ],
   "hamtning_misslyckades": []
  },
  "fuga": {
   "har": [
    "svenska.se",
    "wiktionary"
   ],
   "hamtning_misslyckades": []
  },
  "fulla munderingen": {
   "har": [],
   "hamtning_misslyckades": []
  },
  "fullblodig": {
   "har": [
    "svenska.se",
    "synonymer.se"
   ],
   "hamtning_misslyckades": []
  },
  "fullärd": {
   "har": [
    "synonymer.se"
   ],
   "hamtning_misslyckades": [
    "svenska.se"
   ]
  },
  "funktionalism": {
   "har": [
    "svenska.se",
    "wiktionary"
   ],
   "hamtning_misslyckades": []
  },
  "fusionera": {
   "har": [
    "svenska.se",
    "synonymer.se"
   ],
   "hamtning_misslyckades": [
    "wiktionary"
   ]
  },
  "futurism": {
   "har": [
    "svenska.se",
    "wiktionary"
   ],
   "hamtning_misslyckades": []
  },
  "futuristisk": {
   "har": [
    "svenska.se",
    "synonymer.se"
   ],
   "hamtning_misslyckades": []
  },
  "futurolog": {
   "har": [
    "svenska.se",
    "synonymer.se"
   ],
   "hamtning_misslyckades": []
  },
  "fylogeni": {
   "har": [
    "svenska.se",
    "wiktionary"
   ],
   "hamtning_misslyckades": []
  },
  "fysikus": {
   "har": [
    "svenska.se"
   ],
   "hamtning_misslyckades": []
  },
  "fysiologi": {
   "har": [
    "svenska.se",
    "wiktionary"
   ],
   "hamtning_misslyckades": []
  },
  "fägnas": {
   "har": [
    "svenska.se",
    "wiktionary"
   ],
   "hamtning_misslyckades": []
  },
  "fältvabel": {
   "har": [],
   "hamtning_misslyckades": [
    "svenska.se"
   ]
  },
  "fästa avseende vid": {
   "har": [
    "synonymer.se"
   ],
   "hamtning_misslyckades": [
    "wiktionary"
   ]
  },
  "få en släng av sleven": {
   "har": [
    "synonymer.se"
   ],
   "hamtning_misslyckades": [
    "wiktionary"
   ]
  },
  "få en syl i vädret": {
   "har": [
    "wiktionary"
   ],
   "hamtning_misslyckades": []
  },
  "få fötter": {
   "har": [],
   "hamtning_misslyckades": []
  },
  "få gehör för": {
   "har": [],
   "hamtning_misslyckades": []
  },
  "få insteg": {
   "har": [],
   "hamtning_misslyckades": []
  },
  "få kalla handen": {
   "har": [
    "wiktionary"
   ],
   "hamtning_misslyckades": []
  },
  "få ngt om bakfoten": {
   "har": [],
   "hamtning_misslyckades": []
  },
  "få nöja sig med smulorna från den rikes bord": {
   "har": [],
   "hamtning_misslyckades": []
  },
  "få på båten": {
   "har": [],
   "hamtning_misslyckades": []
  },
  "få på huden": {
   "har": [
    "synonymer.se"
   ],
   "hamtning_misslyckades": []
  },
  "få tuppjuck": {
   "har": [],
   "hamtning_misslyckades": []
  },
  "få vatten på kvarn": {
   "har": [],
   "hamtning_misslyckades": [
    "wiktionary"
   ]
  },
  "få veta att man lever": {
   "har": [],
   "hamtning_misslyckades": [
    "wiktionary"
   ]
  },
  "fåkunnig": {
   "har": [
    "svenska.se",
    "synonymer.se"
   ],
   "hamtning_misslyckades": []
  },
  "födkrok": {
   "har": [
    "svenska.se",
    "synonymer.se"
   ],
   "hamtning_misslyckades": []
  },
  "förandligad": {
   "har": [
    "svenska.se",
    "synonymer.se"
   ],
   "hamtning_misslyckades": []
  },
  "föranlåta": {
   "har": [
    "svenska.se",
    "synonymer.se"
   ],
   "hamtning_misslyckades": []
  },
  "förborga": {
   "har": [
    "svenska.se",
    "synonymer.se"
   ],
   "hamtning_misslyckades": []
  },
  "förbålt": {
   "har": [
    "svenska.se",
    "synonymer.se"
   ],
   "hamtning_misslyckades": []
  },
  "fördetta": {
   "har": [
    "svenska.se"
   ],
   "hamtning_misslyckades": []
  },
  "fördragen": {
   "har": [
    "svenska.se",
    "wiktionary"
   ],
   "hamtning_misslyckades": []
  },
  "föredrag": {
   "har": [
    "svenska.se",
    "synonymer.se"
   ],
   "hamtning_misslyckades": [
    "wiktionary"
   ]
  },
  "företa /företaga": {
   "har": [],
   "hamtning_misslyckades": [
    "synonymer.se"
   ]
  },
  "förflacka": {
   "har": [
    "svenska.se",
    "synonymer.se"
   ],
   "hamtning_misslyckades": []
  },
  "förflackas": {
   "har": [
    "svenska.se",
    "synonymer.se"
   ],
   "hamtning_misslyckades": []
  },
  "förfoga över": {
   "har": [
    "synonymer.se"
   ],
   "hamtning_misslyckades": []
  },
  "förgrymmad": {
   "har": [
    "svenska.se",
    "synonymer.se"
   ],
   "hamtning_misslyckades": []
  },
  "förgrämd": {
   "har": [
    "svenska.se",
    "synonymer.se"
   ],
   "hamtning_misslyckades": []
  },
  "förhandenvarande": {
   "har": [
    "svenska.se",
    "synonymer.se"
   ],
   "hamtning_misslyckades": []
  },
  "förhärda": {
   "har": [
    "svenska.se",
    "wiktionary"
   ],
   "hamtning_misslyckades": []
  },
  "förleda": {
   "har": [
    "svenska.se",
    "synonymer.se"
   ],
   "hamtning_misslyckades": [
    "wiktionary"
   ]
  },
  "förlika sig med": {
   "har": [
    "synonymer.se"
   ],
   "hamtning_misslyckades": [
    "wiktionary"
   ]
  },
  "förljuva": {
   "har": [
    "svenska.se",
    "synonymer.se"
   ],
   "hamtning_misslyckades": []
  },
  "förmärka": {
   "har": [
    "svenska.se",
    "synonymer.se"
   ],
   "hamtning_misslyckades": []
  },
  "förmånstagare": {
   "har": [
    "svenska.se",
    "wiktionary"
   ],
   "hamtning_misslyckades": []
  },
  "förnam": {
   "har": [
    "svenska.se",
    "wiktionary"
   ],
   "hamtning_misslyckades": []
  },
  "förnämligen": {
   "har": [
    "svenska.se",
    "wiktionary"
   ],
   "hamtning_misslyckades": []
  },
  "förpik": {
   "har": [
    "svenska.se",
    "wiktionary"
   ],
   "hamtning_misslyckades": []
  },
  "förskrivning": {
   "har": [
    "svenska.se",
    "synonymer.se"
   ],
   "hamtning_misslyckades": []
  },
  "förskära": {
   "har": [
    "svenska.se",
    "synonymer.se"
   ],
   "hamtning_misslyckades": [
    "wiktionary"
   ]
  },
  "försmäda": {
   "har": [
    "svenska.se",
    "synonymer.se"
   ],
   "hamtning_misslyckades": [
    "wiktionary"
   ]
  },
  "förstucken": {
   "har": [
    "svenska.se",
    "synonymer.se"
   ],
   "hamtning_misslyckades": []
  },
  "försyndelse": {
   "har": [
    "svenska.se",
    "synonymer.se"
   ],
   "hamtning_misslyckades": []
  },
  "försättsblad": {
   "har": [
    "svenska.se"
   ],
   "hamtning_misslyckades": []
  },
  "försöka ta ner månen": {
   "har": [],
   "hamtning_misslyckades": []
  },
  "förta /förtaga": {
   "har": [],
   "hamtning_misslyckades": [
    "synonymer.se"
   ]
  },
  "förtecken": {
   "har": [
    "svenska.se",
    "wiktionary"
   ],
   "hamtning_misslyckades": []
  },
  "förtingliga": {
   "har": [
    "svenska.se",
    "synonymer.se"
   ],
   "hamtning_misslyckades": []
  },
  "förtrösta på": {
   "har": [
    "synonymer.se"
   ],
   "hamtning_misslyckades": []
  },
  "förtörna": {
   "har": [
    "svenska.se",
    "synonymer.se"
   ],
   "hamtning_misslyckades": []
  },
  "förtörnad": {
   "har": [
    "svenska.se",
    "synonymer.se"
   ],
   "hamtning_misslyckades": []
  },
  "förutan": {
   "har": [
    "svenska.se",
    "synonymer.se"
   ],
   "hamtning_misslyckades": []
  },
  "förutvarande": {
   "har": [
    "svenska.se",
    "synonymer.se"
   ],
   "hamtning_misslyckades": []
  },
  "förvissa sig om": {
   "har": [
    "synonymer.se"
   ],
   "hamtning_misslyckades": []
  },
  "förvittra": {
   "har": [
    "svenska.se",
    "synonymer.se"
   ],
   "hamtning_misslyckades": []
  },
  "förvärkt": {
   "har": [
    "svenska.se",
    "synonymer.se"
   ],
   "hamtning_misslyckades": [
    "wiktionary"
   ]
  },
  "gallisera": {
   "har": [
    "svenska.se"
   ],
   "hamtning_misslyckades": []
  },
  "galvanometer": {
   "har": [
    "svenska.se",
    "wiktionary"
   ],
   "hamtning_misslyckades": []
  },
  "gamla hjulspår": {
   "har": [
    "synonymer.se"
   ],
   "hamtning_misslyckades": []
  },
  "gamla surdegar": {
   "har": [],
   "hamtning_misslyckades": []
  },
  "gammaglobulin": {
   "har": [
    "svenska.se",
    "wiktionary"
   ],
   "hamtning_misslyckades": []
  },
  "gardera med kryss": {
   "har": [],
   "hamtning_misslyckades": []
  },
  "gask / gasque": {
   "har": [],
   "hamtning_misslyckades": [
    "synonymer.se"
   ]
  },
  "gaska upp sig": {
   "har": [
    "synonymer.se"
   ],
   "hamtning_misslyckades": []
  },
  "gassig": {
   "har": [
    "svenska.se",
    "synonymer.se"
   ],
   "hamtning_misslyckades": []
  },
  "gastrit": {
   "har": [
    "svenska.se",
    "wiktionary"
   ],
   "hamtning_misslyckades": []
  },
  "ge blanka fan i": {
   "har": [
    "wiktionary"
   ],
   "hamtning_misslyckades": []
  },
  "ge någon på båten": {
   "har": [],
   "hamtning_misslyckades": []
  },
  "ge sig i kast med": {
   "har": [
    "synonymer.se"
   ],
   "hamtning_misslyckades": []
  },
  "ge tappt": {
   "har": [
    "synonymer.se"
   ],
   "hamtning_misslyckades": []
  },
  "gelänk": {
   "har": [
    "svenska.se"
   ],
   "hamtning_misslyckades": []
  },
  "gemination": {
   "har": [
    "svenska.se"
   ],
   "hamtning_misslyckades": []
  },
  "genetiker": {
   "har": [
    "svenska.se",
    "wiktionary"
   ],
   "hamtning_misslyckades": []
  },
  "genomförsel": {
   "har": [
    "svenska.se",
    "synonymer.se"
   ],
   "hamtning_misslyckades": []
  },
  "gentaga": {
   "har": [
    "svenska.se",
    "synonymer.se"
   ],
   "hamtning_misslyckades": []
  },
  "geocaching": {
   "har": [
    "wiktionary"
   ],
   "hamtning_misslyckades": [
    "svenska.se"
   ]
  },
  "geranium": {
   "har": [
    "svenska.se"
   ],
   "hamtning_misslyckades": [
    "wiktionary"
   ]
  },
  "gerbera": {
   "har": [
    "svenska.se",
    "wiktionary"
   ],
   "hamtning_misslyckades": []
  },
  "gerundium": {
   "har": [
    "svenska.se",
    "wiktionary"
   ],
   "hamtning_misslyckades": []
  },
  "gervais": {
   "har": [],
   "hamtning_misslyckades": [
    "svenska.se"
   ]
  },
  "gesvint": {
   "har": [
    "synonymer.se",
    "wiktionary"
   ],
   "hamtning_misslyckades": [
    "svenska.se"
   ]
  },
  "getpors": {
   "har": [
    "svenska.se"
   ],
   "hamtning_misslyckades": []
  },
  "giga": {
   "har": [
    "svenska.se",
    "synonymer.se"
   ],
   "hamtning_misslyckades": []
  },
  "gingham": {
   "har": [],
   "hamtning_misslyckades": [
    "svenska.se",
    "wiktionary"
   ]
  },
  "gingivit": {
   "har": [
    "svenska.se",
    "wiktionary"
   ],
   "hamtning_misslyckades": []
  },
  "ginkgo": {
   "har": [
    "svenska.se",
    "wiktionary"
   ],
   "hamtning_misslyckades": []
  },
  "ginväg": {
   "har": [
    "svenska.se",
    "synonymer.se"
   ],
   "hamtning_misslyckades": []
  },
  "girandole": {
   "har": [
    "svenska.se",
    "synonymer.se"
   ],
   "hamtning_misslyckades": []
  },
  "girera": {
   "har": [
    "svenska.se",
    "wiktionary"
   ],
   "hamtning_misslyckades": []
  },
  "giro": {
   "har": [
    "svenska.se",
    "wiktionary"
   ],
   "hamtning_misslyckades": []
  },
  "gistgård": {
   "har": [
    "svenska.se"
   ],
   "hamtning_misslyckades": []
  },
  "glacifluvial": {
   "har": [
    "svenska.se"
   ],
   "hamtning_misslyckades": []
  },
  "glacé-": {
   "har": [
    "svenska.se",
    "wiktionary"
   ],
   "hamtning_misslyckades": []
  },
  "glamorisera": {
   "har": [
    "svenska.se",
    "synonymer.se"
   ],
   "hamtning_misslyckades": []
  },
  "glamourisera": {
   "har": [
    "synonymer.se"
   ],
   "hamtning_misslyckades": [
    "svenska.se"
   ]
  },
  "glasnost": {
   "har": [
    "svenska.se",
    "synonymer.se"
   ],
   "hamtning_misslyckades": []
  },
  "glosögd": {
   "har": [
    "svenska.se"
   ],
   "hamtning_misslyckades": []
  },
  "glutinös": {
   "har": [
    "svenska.se"
   ],
   "hamtning_misslyckades": []
  },
  "glykogen": {
   "har": [
    "svenska.se",
    "wiktionary"
   ],
   "hamtning_misslyckades": []
  },
  "gnabba": {
   "har": [
    "svenska.se"
   ],
   "hamtning_misslyckades": [
    "wiktionary"
   ]
  },
  "gnabbas": {
   "har": [
    "svenska.se",
    "synonymer.se"
   ],
   "hamtning_misslyckades": []
  },
  "gnatig": {
   "har": [
    "svenska.se",
    "synonymer.se"
   ],
   "hamtning_misslyckades": []
  },
  "gnejs": {
   "har": [
    "svenska.se",
    "wiktionary"
   ],
   "hamtning_misslyckades": []
  },
  "god dag yxskaft": {
   "har": [],
   "hamtning_misslyckades": []
  },
  "graal": {
   "har": [
    "svenska.se",
    "wiktionary"
   ],
   "hamtning_misslyckades": []
  },
  "gradäng": {
   "har": [
    "svenska.se",
    "synonymer.se"
   ],
   "hamtning_misslyckades": []
  },
  "grafem": {
   "har": [
    "svenska.se",
    "wiktionary"
   ],
   "hamtning_misslyckades": []
  },
  "grafologi": {
   "har": [
    "svenska.se",
    "wiktionary"
   ],
   "hamtning_misslyckades": []
  },
  "grafonomi": {
   "har": [
    "svenska.se"
   ],
   "hamtning_misslyckades": []
  },
  "grannsynt": {
   "har": [
    "svenska.se"
   ],
   "hamtning_misslyckades": []
  },
  "granum": {
   "har": [],
   "hamtning_misslyckades": [
    "svenska.se"
   ]
  },
  "gratie": {
   "har": [
    "svenska.se",
    "synonymer.se"
   ],
   "hamtning_misslyckades": []
  },
  "greppa efter ett halmstrå": {
   "har": [],
   "hamtning_misslyckades": []
  },
  "gretten": {
   "har": [
    "wiktionary"
   ],
   "hamtning_misslyckades": []
  },
  "gripa tillfället i flykten": {
   "har": [],
   "hamtning_misslyckades": [
    "wiktionary"
   ]
  },
  "gripbar": {
   "har": [
    "svenska.se",
    "synonymer.se"
   ],
   "hamtning_misslyckades": []
  },
  "grisaille": {
   "har": [
    "svenska.se"
   ],
   "hamtning_misslyckades": []
  },
  "grodperspektiv": {
   "har": [
    "svenska.se",
    "synonymer.se"
   ],
   "hamtning_misslyckades": []
  },
  "grovhuggen": {
   "har": [
    "svenska.se",
    "synonymer.se"
   ],
   "hamtning_misslyckades": []
  },
  "grundbult": {
   "har": [
    "svenska.se",
    "wiktionary"
   ],
   "hamtning_misslyckades": []
  },
  "grundmurad": {
   "har": [
    "svenska.se",
    "synonymer.se"
   ],
   "hamtning_misslyckades": []
  },
  "gräsrötter": {
   "har": [
    "synonymer.se",
    "wiktionary"
   ],
   "hamtning_misslyckades": [
    "svenska.se"
   ]
  },
  "gräva där man står": {
   "har": [],
   "hamtning_misslyckades": [
    "wiktionary"
   ]
  },
  "gråsprängd": {
   "har": [
    "svenska.se",
    "wiktionary"
   ],
   "hamtning_misslyckades": []
  },
  "gråta hela vägen till banken": {
   "har": [],
   "hamtning_misslyckades": []
  },
  "gudabenådad": {
   "har": [
    "svenska.se",
    "synonymer.se"
   ],
   "hamtning_misslyckades": []
  },
  "guinea": {
   "har": [
    "svenska.se"
   ],
   "hamtning_misslyckades": []
  },
  "gutural": {
   "har": [],
   "hamtning_misslyckades": [
    "svenska.se"
   ]
  },
  "gylling": {
   "har": [
    "svenska.se",
    "synonymer.se"
   ],
   "hamtning_misslyckades": []
  },
  "gyro": {
   "har": [
    "svenska.se",
    "wiktionary"
   ],
   "hamtning_misslyckades": []
  },
  "gyrometer": {
   "har": [
    "svenska.se"
   ],
   "hamtning_misslyckades": [
    "wiktionary"
   ]
  },
  "gärdsmyg": {
   "har": [
    "svenska.se",
    "wiktionary"
   ],
   "hamtning_misslyckades": []
  },
  "gärsgårn": {
   "har": [],
   "hamtning_misslyckades": [
    "svenska.se"
   ]
  },
  "gå den breda vägen": {
   "har": [],
   "hamtning_misslyckades": []
  },
  "gå genom märg och ben": {
   "har": [],
   "hamtning_misslyckades": []
  },
  "gå i bräschen för": {
   "har": [],
   "hamtning_misslyckades": []
  },
  "gå i clinch": {
   "har": [],
   "hamtning_misslyckades": []
  },
  "gå i någons ledband": {
   "har": [],
   "hamtning_misslyckades": []
  },
  "gå i svaromål": {
   "har": [
    "synonymer.se"
   ],
   "hamtning_misslyckades": []
  },
  "gå i tu": {
   "har": [],
   "hamtning_misslyckades": []
  },
  "gå igenom ekluten": {
   "har": [
    "synonymer.se"
   ],
   "hamtning_misslyckades": [
    "wiktionary"
   ]
  },
  "gå kräftgång": {
   "har": [
    "synonymer.se"
   ],
   "hamtning_misslyckades": [
    "wiktionary"
   ]
  },
  "gå man ur huse": {
   "har": [
    "wiktionary"
   ],
   "hamtning_misslyckades": []
  },
  "gå omstyr": {
   "har": [],
   "hamtning_misslyckades": []
  },
  "gå på ett ut": {
   "har": [
    "wiktionary"
   ],
   "hamtning_misslyckades": []
  },
  "gå tretton på dussinet": {
   "har": [],
   "hamtning_misslyckades": []
  },
  "gåpåaraktig": {
   "har": [
    "svenska.se",
    "synonymer.se"
   ],
   "hamtning_misslyckades": []
  },
  "gökotta": {
   "har": [
    "svenska.se",
    "synonymer.se"
   ],
   "hamtning_misslyckades": []
  },
  "göra avbön": {
   "har": [
    "synonymer.se"
   ],
   "hamtning_misslyckades": []
  },
  "göra en groda": {
   "har": [
    "wiktionary"
   ],
   "hamtning_misslyckades": []
  },
  "göra en pudel": {
   "har": [
    "wiktionary"
   ],
   "hamtning_misslyckades": []
  },
  "göra en slät figur": {
   "har": [],
   "hamtning_misslyckades": []
  },
  "göra en tavla": {
   "har": [
    "synonymer.se"
   ],
   "hamtning_misslyckades": [
    "wiktionary"
   ]
  },
  "göra någon förnär": {
   "har": [],
   "hamtning_misslyckades": [
    "wiktionary"
   ]
  },
  "göra sig grön": {
   "har": [
    "synonymer.se"
   ],
   "hamtning_misslyckades": []
  },
  "göra sorti": {
   "har": [
    "synonymer.se"
   ],
   "hamtning_misslyckades": []
  },
  "gördla": {
   "har": [
    "svenska.se",
    "wiktionary"
   ],
   "hamtning_misslyckades": []
  },
  "görlig": {
   "har": [
    "svenska.se",
    "synonymer.se"
   ],
   "hamtning_misslyckades": []
  },
  "ha delade meningar": {
   "har": [],
   "hamtning_misslyckades": []
  },
  "ha en gås oplockad med ngn": {
   "har": [],
   "hamtning_misslyckades": []
  },
  "ha gröna fingrar": {
   "har": [
    "synonymer.se"
   ],
   "hamtning_misslyckades": []
  },
  "ha matjord i fickorna": {
   "har": [
    "synonymer.se"
   ],
   "hamtning_misslyckades": []
  },
  "ha munläder": {
   "har": [],
   "hamtning_misslyckades": []
  },
  "ha många strängar på sin lyra": {
   "har": [
    "wiktionary"
   ],
   "hamtning_misslyckades": []
  },
  "ha ngt otalt med ngn": {
   "har": [
    "synonymer.se"
   ],
   "hamtning_misslyckades": [
    "wiktionary"
   ]
  },
  "ha ngt på lut": {
   "har": [],
   "hamtning_misslyckades": [
    "wiktionary"
   ]
  },
  "ha pippi på": {
   "har": [
    "synonymer.se"
   ],
   "hamtning_misslyckades": []
  },
  "ha satt sin sista potatis": {
   "har": [
    "synonymer.se"
   ],
   "hamtning_misslyckades": []
  },
  "ha sitt på det torra": {
   "har": [
    "wiktionary"
   ],
   "hamtning_misslyckades": []
  },
  "ha spenderbyxor": {
   "har": [],
   "hamtning_misslyckades": []
  },
  "ha tjock hud": {
   "har": [],
   "hamtning_misslyckades": []
  },
  "haiku": {
   "har": [
    "svenska.se",
    "wiktionary"
   ],
   "hamtning_misslyckades": []
  },
  "halogen": {
   "har": [
    "svenska.se",
    "synonymer.se"
   ],
   "hamtning_misslyckades": []
  },
  "halvherre": {
   "har": [
    "svenska.se",
    "synonymer.se"
   ],
   "hamtning_misslyckades": []
  },
  "halvkväden": {
   "har": [
    "svenska.se",
    "synonymer.se"
   ],
   "hamtning_misslyckades": []
  },
  "halvpension": {
   "har": [
    "svenska.se",
    "wiktionary"
   ],
   "hamtning_misslyckades": []
  },
  "halvstop": {
   "har": [
    "svenska.se"
   ],
   "hamtning_misslyckades": [
    "wiktionary"
   ]
  },
  "hambo": {
   "har": [
    "svenska.se",
    "wiktionary"
   ],
   "hamtning_misslyckades": []
  },
  "handlag": {
   "har": [
    "svenska.se",
    "synonymer.se"
   ],
   "hamtning_misslyckades": []
  },
  "harka": {
   "har": [
    "svenska.se",
    "synonymer.se"
   ],
   "hamtning_misslyckades": []
  },
  "harmfullt": {
   "har": [
    "svenska.se",
    "synonymer.se"
   ],
   "hamtning_misslyckades": []
  },
  "harmynt": {
   "har": [
    "svenska.se",
    "wiktionary"
   ],
   "hamtning_misslyckades": []
  },
  "hasp": {
   "har": [
    "svenska.se",
    "synonymer.se"
   ],
   "hamtning_misslyckades": []
  },
  "hattig": {
   "har": [
    "svenska.se",
    "synonymer.se"
   ],
   "hamtning_misslyckades": [
    "wiktionary"
   ]
  },
  "hebré": {
   "har": [
    "svenska.se",
    "synonymer.se"
   ],
   "hamtning_misslyckades": [
    "wiktionary"
   ]
  },
  "heliocentrisk": {
   "har": [
    "svenska.se",
    "wiktionary"
   ],
   "hamtning_misslyckades": []
  },
  "helioterapi": {
   "har": [
    "svenska.se",
    "synonymer.se"
   ],
   "hamtning_misslyckades": []
  },
  "hematit": {
   "har": [
    "svenska.se",
    "synonymer.se"
   ],
   "hamtning_misslyckades": []
  },
  "hematologi": {
   "har": [
    "svenska.se",
    "synonymer.se"
   ],
   "hamtning_misslyckades": []
  },
  "hembära": {
   "har": [
    "svenska.se",
    "synonymer.se"
   ],
   "hamtning_misslyckades": []
  },
  "hemfalla åt": {
   "har": [
    "synonymer.se"
   ],
   "hamtning_misslyckades": []
  },
  "hemtam": {
   "har": [
    "svenska.se",
    "synonymer.se"
   ],
   "hamtning_misslyckades": []
  },
  "henna": {
   "har": [
    "svenska.se",
    "wiktionary"
   ],
   "hamtning_misslyckades": []
  },
  "herdedikt": {
   "har": [
    "svenska.se",
    "synonymer.se"
   ],
   "hamtning_misslyckades": []
  },
  "hernia": {
   "har": [
    "synonymer.se",
    "wiktionary"
   ],
   "hamtning_misslyckades": []
  },
  "heteronom": {
   "har": [
    "svenska.se"
   ],
   "hamtning_misslyckades": [
    "wiktionary"
   ]
  },
  "hetvägg": {
   "har": [
    "svenska.se",
    "synonymer.se"
   ],
   "hamtning_misslyckades": [
    "wiktionary"
   ]
  },
  "hexameter": {
   "har": [
    "svenska.se",
    "wiktionary"
   ],
   "hamtning_misslyckades": []
  },
  "hibernation": {
   "har": [
    "svenska.se",
    "synonymer.se"
   ],
   "hamtning_misslyckades": []
  },
  "hippopotamus": {
   "har": [
    "wiktionary"
   ],
   "hamtning_misslyckades": [
    "svenska.se"
   ]
  },
  "hithörande": {
   "har": [
    "svenska.se",
    "synonymer.se"
   ],
   "hamtning_misslyckades": []
  },
  "hjärtefråga": {
   "har": [
    "svenska.se",
    "wiktionary"
   ],
   "hamtning_misslyckades": []
  },
  "hjärtligen": {
   "har": [
    "svenska.se",
    "synonymer.se"
   ],
   "hamtning_misslyckades": []
  },
  "holma": {
   "har": [
    "svenska.se"
   ],
   "hamtning_misslyckades": []
  },
  "homolog": {
   "har": [
    "svenska.se",
    "synonymer.se"
   ],
   "hamtning_misslyckades": [
    "wiktionary"
   ]
  },
  "homosocial": {
   "har": [
    "svenska.se",
    "wiktionary"
   ],
   "hamtning_misslyckades": []
  },
  "honnörsord": {
   "har": [
    "svenska.se",
    "wiktionary"
   ],
   "hamtning_misslyckades": []
  },
  "honoris causa": {
   "har": [
    "svenska.se",
    "wiktionary"
   ],
   "hamtning_misslyckades": []
  },
  "hors-d'oeuvre": {
   "har": [
    "svenska.se",
    "synonymer.se"
   ],
   "hamtning_misslyckades": []
  },
  "hortativ": {
   "har": [
    "svenska.se"
   ],
   "hamtning_misslyckades": []
  },
  "hortonom": {
   "har": [
    "svenska.se",
    "wiktionary"
   ],
   "hamtning_misslyckades": []
  },
  "hospis": {
   "har": [
    "svenska.se"
   ],
   "hamtning_misslyckades": []
  },
  "hovjunkare": {
   "har": [
    "svenska.se"
   ],
   "hamtning_misslyckades": []
  },
  "hugget som stucket": {
   "har": [
    "wiktionary"
   ],
   "hamtning_misslyckades": []
  },
  "humifiera": {
   "har": [
    "svenska.se"
   ],
   "hamtning_misslyckades": [
    "wiktionary"
   ]
  },
  "hundväder": {
   "har": [
    "svenska.se",
    "synonymer.se"
   ],
   "hamtning_misslyckades": [
    "wiktionary"
   ]
  },
  "hundår": {
   "har": [
    "svenska.se",
    "synonymer.se"
   ],
   "hamtning_misslyckades": []
  },
  "hundöra": {
   "har": [
    "svenska.se",
    "wiktionary"
   ],
   "hamtning_misslyckades": []
  },
  "hurril": {
   "har": [
    "svenska.se",
    "synonymer.se"
   ],
   "hamtning_misslyckades": []
  },
  "husbock": {
   "har": [
    "svenska.se"
   ],
   "hamtning_misslyckades": []
  },
  "huttla med någon": {
   "har": [],
   "hamtning_misslyckades": []
  },
  "huttla med något": {
   "har": [],
   "hamtning_misslyckades": []
  },
  "huvudgärd": {
   "har": [
    "svenska.se"
   ],
   "hamtning_misslyckades": []
  },
  "huvudhärd": {
   "har": [
    "svenska.se",
    "synonymer.se"
   ],
   "hamtning_misslyckades": []
  },
  "hydrat": {
   "har": [
    "svenska.se",
    "wiktionary"
   ],
   "hamtning_misslyckades": []
  },
  "hydraulik": {
   "har": [
    "svenska.se",
    "wiktionary"
   ],
   "hamtning_misslyckades": []
  },
  "hydrokultur": {
   "har": [
    "svenska.se",
    "synonymer.se"
   ],
   "hamtning_misslyckades": [
    "wiktionary"
   ]
  },
  "hypofys": {
   "har": [
    "svenska.se",
    "wiktionary"
   ],
   "hamtning_misslyckades": []
  },
  "hypoglykemi": {
   "har": [],
   "hamtning_misslyckades": [
    "svenska.se"
   ]
  },
  "hyponym": {
   "har": [
    "svenska.se",
    "wiktionary"
   ],
   "hamtning_misslyckades": []
  },
  "hyssja /hyscha": {
   "har": [],
   "hamtning_misslyckades": [
    "synonymer.se"
   ]
  },
  "häleri": {
   "har": [
    "svenska.se",
    "wiktionary"
   ],
   "hamtning_misslyckades": []
  },
  "hämningslös": {
   "har": [
    "svenska.se",
    "synonymer.se"
   ],
   "hamtning_misslyckades": []
  },
  "hängfärdig": {
   "har": [
    "svenska.se",
    "synonymer.se"
   ],
   "hamtning_misslyckades": [
    "wiktionary"
   ]
  },
  "hänrycka": {
   "har": [
    "svenska.se",
    "synonymer.se"
   ],
   "hamtning_misslyckades": [
    "wiktionary"
   ]
  },
  "hänvända": {
   "har": [
    "svenska.se",
    "synonymer.se"
   ],
   "hamtning_misslyckades": []
  },
  "härad": {
   "har": [
    "svenska.se",
    "wiktionary"
   ],
   "hamtning_misslyckades": []
  },
  "härröra": {
   "har": [
    "svenska.se",
    "wiktionary"
   ],
   "hamtning_misslyckades": []
  },
  "härskri": {
   "har": [
    "svenska.se",
    "synonymer.se"
   ],
   "hamtning_misslyckades": []
  },
  "hästminne": {
   "har": [
    "svenska.se",
    "synonymer.se"
   ],
   "hamtning_misslyckades": []
  },
  "häxring": {
   "har": [
    "svenska.se",
    "wiktionary"
   ],
   "hamtning_misslyckades": []
  },
  "hålfot": {
   "har": [
    "svenska.se",
    "synonymer.se"
   ],
   "hamtning_misslyckades": [
    "wiktionary"
   ]
  },
  "hålla fanan högt": {
   "har": [],
   "hamtning_misslyckades": [
    "wiktionary"
   ]
  },
  "hålla någon stången": {
   "har": [],
   "hamtning_misslyckades": []
  },
  "hår av hin": {
   "har": [
    "synonymer.se"
   ],
   "hamtning_misslyckades": []
  },
  "hårdhudad": {
   "har": [
    "svenska.se",
    "synonymer.se"
   ],
   "hamtning_misslyckades": []
  },
  "högt i tak": {
   "har": [
    "wiktionary"
   ],
   "hamtning_misslyckades": []
  },
  "högvördig": {
   "har": [
    "svenska.se"
   ],
   "hamtning_misslyckades": []
  },
  "hönsig": {
   "har": [
    "svenska.se",
    "synonymer.se"
   ],
   "hamtning_misslyckades": []
  },
  "hötta / hytta": {
   "har": [],
   "hamtning_misslyckades": [
    "synonymer.se"
   ]
  },
  "i bära mässingen": {
   "har": [],
   "hamtning_misslyckades": [
    "wiktionary"
   ]
  },
  "i en blink": {
   "har": [],
   "hamtning_misslyckades": [
    "wiktionary"
   ]
  },
  "i en handvändning": {
   "har": [
    "synonymer.se"
   ],
   "hamtning_misslyckades": []
  },
  "i ett nötskal": {
   "har": [],
   "hamtning_misslyckades": []
  },
  "i förskingringen": {
   "har": [
    "synonymer.se"
   ],
   "hamtning_misslyckades": []
  },
  "i hast": {
   "har": [
    "synonymer.se"
   ],
   "hamtning_misslyckades": []
  },
  "i jämbredd med": {
   "har": [
    "synonymer.se"
   ],
   "hamtning_misslyckades": []
  },
  "i kraft av": {
   "har": [
    "synonymer.se"
   ],
   "hamtning_misslyckades": []
  },
  "i luven på varandra": {
   "har": [],
   "hamtning_misslyckades": []
  },
  "i långa banor": {
   "har": [
    "synonymer.se"
   ],
   "hamtning_misslyckades": []
  },
  "i onåd": {
   "har": [],
   "hamtning_misslyckades": []
  },
  "i parti och minut": {
   "har": [],
   "hamtning_misslyckades": []
  },
  "i sporrsträck": {
   "har": [],
   "hamtning_misslyckades": [
    "wiktionary"
   ]
  },
  "i stadens hank och stör": {
   "har": [],
   "hamtning_misslyckades": [
    "wiktionary"
   ]
  },
  "i tid och otid": {
   "har": [
    "synonymer.se",
    "wiktionary"
   ],
   "hamtning_misslyckades": []
  },
  "icke förty": {
   "har": [
    "synonymer.se"
   ],
   "hamtning_misslyckades": []
  },
  "ihängsen": {
   "har": [
    "svenska.se",
    "synonymer.se"
   ],
   "hamtning_misslyckades": []
  },
  "ikonologi": {
   "har": [
    "svenska.se"
   ],
   "hamtning_misslyckades": []
  },
  "illande": {
   "har": [
    "svenska.se",
    "synonymer.se"
   ],
   "hamtning_misslyckades": []
  },
  "imitativ": {
   "har": [
    "svenska.se"
   ],
   "hamtning_misslyckades": []
  },
  "immortell": {
   "har": [
    "svenska.se"
   ],
   "hamtning_misslyckades": []
  },
  "imperialistisk": {
   "har": [
    "svenska.se",
    "wiktionary"
   ],
   "hamtning_misslyckades": []
  },
  "implodera": {
   "har": [
    "svenska.se",
    "wiktionary"
   ],
   "hamtning_misslyckades": []
  },
  "impresario": {
   "har": [],
   "hamtning_misslyckades": []
  },
  "impressionism": {
   "har": [
    "svenska.se",
    "wiktionary"
   ],
   "hamtning_misslyckades": []
  },
  "impressionistisk": {
   "har": [
    "svenska.se",
    "wiktionary"
   ],
   "hamtning_misslyckades": []
  },
  "in media res": {
   "har": [],
   "hamtning_misslyckades": []
  },
  "in perpetuum": {
   "har": [],
   "hamtning_misslyckades": []
  },
  "in suspenso": {
   "har": [],
   "hamtning_misslyckades": [
    "wiktionary"
   ]
  },
  "in vino veritas": {
   "har": [
    "wiktionary"
   ],
   "hamtning_misslyckades": []
  },
  "in vitro": {
   "har": [],
   "hamtning_misslyckades": []
  },
  "inarbeta": {
   "har": [
    "svenska.se",
    "synonymer.se"
   ],
   "hamtning_misslyckades": []
  },
  "inbringande": {
   "har": [
    "svenska.se",
    "synonymer.se"
   ],
   "hamtning_misslyckades": []
  },
  "inbäddad journalist/reporter": {
   "har": [],
   "hamtning_misslyckades": [
    "synonymer.se"
   ]
  },
  "indisposition": {
   "har": [
    "svenska.se",
    "synonymer.se"
   ],
   "hamtning_misslyckades": []
  },
  "inducera": {
   "har": [
    "svenska.se",
    "synonymer.se"
   ],
   "hamtning_misslyckades": []
  },
  "induktion": {
   "har": [
    "svenska.se",
    "wiktionary"
   ],
   "hamtning_misslyckades": []
  },
  "infallsrik": {
   "har": [
    "svenska.se",
    "synonymer.se"
   ],
   "hamtning_misslyckades": []
  },
  "inget man snyter ur näsan": {
   "har": [],
   "hamtning_misslyckades": [
    "wiktionary"
   ]
  },
  "inget nytt under solen": {
   "har": [],
   "hamtning_misslyckades": [
    "wiktionary"
   ]
  },
  "ingäld": {
   "har": [
    "svenska.se"
   ],
   "hamtning_misslyckades": []
  },
  "injaga": {
   "har": [
    "svenska.se",
    "synonymer.se"
   ],
   "hamtning_misslyckades": []
  },
  "injektera": {
   "har": [
    "svenska.se",
    "synonymer.se"
   ],
   "hamtning_misslyckades": []
  },
  "injurie": {
   "har": [
    "svenska.se",
    "synonymer.se"
   ],
   "hamtning_misslyckades": []
  },
  "inkrustera": {
   "har": [
    "svenska.se"
   ],
   "hamtning_misslyckades": []
  },
  "inkråm": {
   "har": [
    "svenska.se",
    "synonymer.se"
   ],
   "hamtning_misslyckades": []
  },
  "inkubationstid": {
   "har": [
    "svenska.se",
    "wiktionary"
   ],
   "hamtning_misslyckades": []
  },
  "inlåta sig i": {
   "har": [],
   "hamtning_misslyckades": [
    "wiktionary"
   ]
  },
  "inlåta sig med": {
   "har": [
    "synonymer.se"
   ],
   "hamtning_misslyckades": []
  },
  "inmänga": {
   "har": [
    "svenska.se",
    "synonymer.se"
   ],
   "hamtning_misslyckades": []
  },
  "innästla sig": {
   "har": [
    "synonymer.se"
   ],
   "hamtning_misslyckades": []
  },
  "inskrida": {
   "har": [
    "svenska.se",
    "synonymer.se"
   ],
   "hamtning_misslyckades": []
  },
  "insomnia": {
   "har": [
    "synonymer.se",
    "wiktionary"
   ],
   "hamtning_misslyckades": [
    "svenska.se"
   ]
  },
  "institutionalisera": {
   "har": [
    "svenska.se",
    "synonymer.se"
   ],
   "hamtning_misslyckades": []
  },
  "insulin": {
   "har": [
    "svenska.se"
   ],
   "hamtning_misslyckades": [
    "wiktionary"
   ]
  },
  "insydd": {
   "har": [
    "svenska.se",
    "synonymer.se"
   ],
   "hamtning_misslyckades": []
  },
  "intala": {
   "har": [
    "svenska.se",
    "synonymer.se"
   ],
   "hamtning_misslyckades": []
  },
  "inte det bittersta": {
   "har": [],
   "hamtning_misslyckades": []
  },
  "inte ett skapande(s) grand": {
   "har": [],
   "hamtning_misslyckades": []
  },
  "inte ha ... till övers för": {
   "har": [],
   "hamtning_misslyckades": []
  },
  "inte lägga fingrarna emellan": {
   "har": [
    "synonymer.se"
   ],
   "hamtning_misslyckades": []
  },
  "inte på långt när": {
   "har": [],
   "hamtning_misslyckades": []
  },
  "inte spotta i glaset": {
   "har": [
    "synonymer.se"
   ],
   "hamtning_misslyckades": []
  },
  "inte tu tal om ngt": {
   "har": [],
   "hamtning_misslyckades": []
  },
  "inte vara född i farstun": {
   "har": [],
   "hamtning_misslyckades": []
  },
  "inte vara torr bakom öronen": {
   "har": [
    "synonymer.se"
   ],
   "hamtning_misslyckades": []
  },
  "interim": {
   "har": [
    "svenska.se",
    "wiktionary"
   ],
   "hamtning_misslyckades": []
  },
  "internalisera": {
   "har": [
    "svenska.se",
    "wiktionary"
   ],
   "hamtning_misslyckades": []
  },
  "intravenös": {
   "har": [
    "svenska.se",
    "wiktionary"
   ],
   "hamtning_misslyckades": []
  },
  "ipso jure": {
   "har": [],
   "hamtning_misslyckades": []
  },
  "irreell": {
   "har": [
    "svenska.se",
    "synonymer.se"
   ],
   "hamtning_misslyckades": []
  },
  "iso-": {
   "har": [
    "svenska.se"
   ],
   "hamtning_misslyckades": [
    "wiktionary"
   ]
  },
  "iterativ": {
   "har": [
    "svenska.se",
    "wiktionary"
   ],
   "hamtning_misslyckades": []
  },
  "itänd": {
   "har": [
    "svenska.se"
   ],
   "hamtning_misslyckades": []
  },
  "ivra för": {
   "har": [
    "synonymer.se"
   ],
   "hamtning_misslyckades": []
  },
  "jade": {
   "har": [
    "svenska.se",
    "wiktionary"
   ],
   "hamtning_misslyckades": []
  },
  "jag mötte lassie": {
   "har": [],
   "hamtning_misslyckades": []
  },
  "jaga ngn med blåslampa": {
   "har": [
    "synonymer.se"
   ],
   "hamtning_misslyckades": []
  },
  "jamare": {
   "har": [
    "svenska.se",
    "synonymer.se"
   ],
   "hamtning_misslyckades": []
  },
  "jamb": {
   "har": [
    "svenska.se",
    "wiktionary"
   ],
   "hamtning_misslyckades": []
  },
  "jantelagen": {
   "har": [
    "synonymer.se"
   ],
   "hamtning_misslyckades": [
    "svenska.se",
    "wiktionary"
   ]
  },
  "jaspis": {
   "har": [
    "svenska.se",
    "wiktionary"
   ],
   "hamtning_misslyckades": []
  },
  "jenka": {
   "har": [
    "svenska.se"
   ],
   "hamtning_misslyckades": []
  },
  "jet-lag": {
   "har": [
    "svenska.se"
   ],
   "hamtning_misslyckades": []
  },
  "jetset": {
   "har": [
    "svenska.se",
    "synonymer.se"
   ],
   "hamtning_misslyckades": []
  },
  "jingo": {
   "har": [],
   "hamtning_misslyckades": [
    "svenska.se"
   ]
  },
  "jobberi": {
   "har": [
    "svenska.se",
    "synonymer.se"
   ],
   "hamtning_misslyckades": []
  },
  "joxig": {
   "har": [
    "svenska.se",
    "synonymer.se"
   ],
   "hamtning_misslyckades": []
  },
  "julp": {
   "har": [
    "svenska.se"
   ],
   "hamtning_misslyckades": [
    "wiktionary"
   ]
  },
  "justess": {
   "har": [
    "svenska.se",
    "wiktionary"
   ],
   "hamtning_misslyckades": []
  },
  "jägmästare": {
   "har": [
    "svenska.se",
    "wiktionary"
   ],
   "hamtning_misslyckades": []
  },
  "jämnt skägg": {
   "har": [],
   "hamtning_misslyckades": []
  },
  "järnglans": {
   "har": [
    "svenska.se",
    "synonymer.se"
   ],
   "hamtning_misslyckades": []
  },
  "järnnatt": {
   "har": [
    "svenska.se",
    "wiktionary"
   ],
   "hamtning_misslyckades": []
  },
  "järv": {
   "har": [
    "svenska.se",
    "wiktionary"
   ],
   "hamtning_misslyckades": []
  },
  "jäsig": {
   "har": [
    "svenska.se",
    "synonymer.se"
   ],
   "hamtning_misslyckades": []
  },
  "jäva": {
   "har": [
    "svenska.se",
    "synonymer.se"
   ],
   "hamtning_misslyckades": []
  },
  "kadrilj": {
   "har": [
    "svenska.se",
    "wiktionary"
   ],
   "hamtning_misslyckades": []
  },
  "kainsmärke": {
   "har": [
    "svenska.se"
   ],
   "hamtning_misslyckades": [
    "wiktionary"
   ]
  },
  "kakafoni": {
   "har": [
    "synonymer.se"
   ],
   "hamtning_misslyckades": [
    "svenska.se"
   ]
  },
  "kakfat": {
   "har": [
    "svenska.se",
    "wiktionary"
   ],
   "hamtning_misslyckades": []
  },
  "kaki": {
   "har": [
    "svenska.se",
    "wiktionary"
   ],
   "hamtning_misslyckades": []
  },
  "kalif": {
   "har": [
    "svenska.se",
    "wiktionary"
   ],
   "hamtning_misslyckades": []
  },
  "kalikå": {
   "har": [
    "svenska.se",
    "wiktionary"
   ],
   "hamtning_misslyckades": []
  },
  "kallprata": {
   "har": [
    "svenska.se",
    "synonymer.se"
   ],
   "hamtning_misslyckades": []
  },
  "kallskänk": {
   "har": [
    "svenska.se",
    "wiktionary"
   ],
   "hamtning_misslyckades": []
  },
  "kalorimeter": {
   "har": [
    "svenska.se",
    "wiktionary"
   ],
   "hamtning_misslyckades": []
  },
  "kambrosilur": {
   "har": [
    "svenska.se"
   ],
   "hamtning_misslyckades": [
    "wiktionary"
   ]
  },
  "kammarherre": {
   "har": [
    "svenska.se",
    "synonymer.se"
   ],
   "hamtning_misslyckades": [
    "wiktionary"
   ]
  },
  "kammarjunkare": {
   "har": [
    "svenska.se"
   ],
   "hamtning_misslyckades": []
  },
  "kammarspel": {
   "har": [
    "svenska.se",
    "wiktionary"
   ],
   "hamtning_misslyckades": []
  },
  "kannstöperi": {
   "har": [
    "svenska.se",
    "synonymer.se"
   ],
   "hamtning_misslyckades": []
  },
  "kanslispråk": {
   "har": [
    "svenska.se",
    "synonymer.se"
   ],
   "hamtning_misslyckades": []
  },
  "kantele": {
   "har": [
    "svenska.se",
    "wiktionary"
   ],
   "hamtning_misslyckades": []
  },
  "kapillär": {
   "har": [
    "svenska.se",
    "wiktionary"
   ],
   "hamtning_misslyckades": []
  },
  "kapillärer": {
   "har": [
    "wiktionary"
   ],
   "hamtning_misslyckades": [
    "svenska.se"
   ]
  },
  "kappvändare": {
   "har": [
    "svenska.se",
    "synonymer.se"
   ],
   "hamtning_misslyckades": [
    "wiktionary"
   ]
  },
  "kardinalregel": {
   "har": [
    "svenska.se"
   ],
   "hamtning_misslyckades": []
  },
  "kardiologi": {
   "har": [
    "svenska.se",
    "wiktionary"
   ],
   "hamtning_misslyckades": []
  },
  "karitativ": {
   "har": [
    "svenska.se"
   ],
   "hamtning_misslyckades": []
  },
  "kariterna /chariterna": {
   "har": [],
   "hamtning_misslyckades": [
    "synonymer.se"
   ]
  },
  "karmosin": {
   "har": [
    "svenska.se",
    "wiktionary"
   ],
   "hamtning_misslyckades": []
  },
  "karotin": {
   "har": [
    "svenska.se",
    "wiktionary"
   ],
   "hamtning_misslyckades": []
  },
  "kasta barnet ut badvattnet": {
   "har": [],
   "hamtning_misslyckades": [
    "wiktionary"
   ]
  },
  "kasta goda pengar efter dåliga": {
   "har": [],
   "hamtning_misslyckades": [
    "wiktionary"
   ]
  },
  "kasta/slänga pärlor för svin": {
   "har": [],
   "hamtning_misslyckades": [
    "synonymer.se"
   ]
  },
  "kastanjett": {
   "har": [
    "svenska.se",
    "wiktionary"
   ],
   "hamtning_misslyckades": []
  },
  "katakres": {
   "har": [
    "svenska.se",
    "wiktionary"
   ],
   "hamtning_misslyckades": []
  },
  "katalysera": {
   "har": [
    "svenska.se",
    "wiktionary"
   ],
   "hamtning_misslyckades": []
  },
  "katamaran": {
   "har": [
    "svenska.se",
    "wiktionary"
   ],
   "hamtning_misslyckades": []
  },
  "katederundervisning": {
   "har": [
    "svenska.se"
   ],
   "hamtning_misslyckades": []
  },
  "kattun / cattun": {
   "har": [],
   "hamtning_misslyckades": [
    "synonymer.se"
   ]
  },
  "keratit": {
   "har": [
    "svenska.se"
   ],
   "hamtning_misslyckades": [
    "wiktionary"
   ]
  },
  "ketch": {
   "har": [
    "svenska.se",
    "synonymer.se"
   ],
   "hamtning_misslyckades": [
    "wiktionary"
   ]
  },
  "kettla": {
   "har": [
    "svenska.se"
   ],
   "hamtning_misslyckades": []
  },
  "kiasm": {
   "har": [
    "svenska.se",
    "wiktionary"
   ],
   "hamtning_misslyckades": []
  },
  "kimma": {
   "har": [
    "svenska.se",
    "synonymer.se"
   ],
   "hamtning_misslyckades": []
  },
  "kinestetisk": {
   "har": [
    "svenska.se"
   ],
   "hamtning_misslyckades": []
  },
  "kinetik": {
   "har": [
    "svenska.se",
    "wiktionary"
   ],
   "hamtning_misslyckades": []
  },
  "kinin": {
   "har": [
    "svenska.se",
    "wiktionary"
   ],
   "hamtning_misslyckades": []
  },
  "kinotek": {
   "har": [
    "svenska.se",
    "synonymer.se"
   ],
   "hamtning_misslyckades": []
  },
  "kiropraktik": {
   "har": [
    "svenska.se",
    "wiktionary"
   ],
   "hamtning_misslyckades": []
  },
  "kiselgur": {
   "har": [
    "svenska.se"
   ],
   "hamtning_misslyckades": []
  },
  "klaffare": {
   "har": [
    "svenska.se",
    "wiktionary"
   ],
   "hamtning_misslyckades": []
  },
  "klematis": {
   "har": [
    "svenska.se",
    "wiktionary"
   ],
   "hamtning_misslyckades": []
  },
  "kliche": {
   "har": [
    "synonymer.se"
   ],
   "hamtning_misslyckades": [
    "svenska.se"
   ]
  },
  "klippfast": {
   "har": [
    "svenska.se",
    "synonymer.se"
   ],
   "hamtning_misslyckades": []
  },
  "klorofyll": {
   "har": [
    "svenska.se",
    "wiktionary"
   ],
   "hamtning_misslyckades": []
  },
  "klä skott för något": {
   "har": [],
   "hamtning_misslyckades": []
  },
  "kneippkur": {
   "har": [],
   "hamtning_misslyckades": [
    "wiktionary"
   ]
  },
  "knekt": {
   "har": [
    "svenska.se",
    "synonymer.se"
   ],
   "hamtning_misslyckades": [
    "wiktionary"
   ]
  },
  "knivkastning": {
   "har": [
    "svenska.se",
    "synonymer.se"
   ],
   "hamtning_misslyckades": []
  },
  "knivsudd": {
   "har": [
    "svenska.se",
    "wiktionary"
   ],
   "hamtning_misslyckades": []
  },
  "knix": {
   "har": [
    "svenska.se",
    "synonymer.se"
   ],
   "hamtning_misslyckades": []
  },
  "knysta": {
   "har": [
    "svenska.se",
    "synonymer.se"
   ],
   "hamtning_misslyckades": []
  },
  "knävelborr": {
   "har": [
    "svenska.se",
    "synonymer.se"
   ],
   "hamtning_misslyckades": []
  },
  "knåpgöra": {
   "har": [
    "svenska.se",
    "synonymer.se"
   ],
   "hamtning_misslyckades": []
  },
  "kohandel": {
   "har": [
    "svenska.se",
    "synonymer.se"
   ],
   "hamtning_misslyckades": []
  },
  "koldioxid": {
   "har": [
    "svenska.se",
    "wiktionary"
   ],
   "hamtning_misslyckades": []
  },
  "koleriker": {
   "har": [
    "svenska.se"
   ],
   "hamtning_misslyckades": [
    "wiktionary"
   ]
  },
  "komma för": {
   "har": [
    "svenska.se"
   ],
   "hamtning_misslyckades": []
  },
  "komma i bakvatten": {
   "har": [],
   "hamtning_misslyckades": []
  },
  "komma i åtnjutande av": {
   "har": [
    "synonymer.se"
   ],
   "hamtning_misslyckades": []
  },
  "komma ngn inpå livet": {
   "har": [],
   "hamtning_misslyckades": []
  },
  "komma på obestånd": {
   "har": [
    "synonymer.se"
   ],
   "hamtning_misslyckades": []
  },
  "komma på pränt": {
   "har": [],
   "hamtning_misslyckades": []
  },
  "komma som lök på laxen": {
   "har": [],
   "hamtning_misslyckades": []
  },
  "komma till del": {
   "har": [
    "synonymer.se"
   ],
   "hamtning_misslyckades": [
    "wiktionary"
   ]
  },
  "kommendering": {
   "har": [
    "svenska.se",
    "synonymer.se"
   ],
   "hamtning_misslyckades": [
    "wiktionary"
   ]
  },
  "kompulsiv": {
   "har": [
    "svenska.se",
    "synonymer.se"
   ],
   "hamtning_misslyckades": []
  },
  "konsort": {
   "har": [
    "svenska.se",
    "wiktionary"
   ],
   "hamtning_misslyckades": []
  },
  "konstart": {
   "har": [
    "svenska.se",
    "synonymer.se"
   ],
   "hamtning_misslyckades": [
    "wiktionary"
   ]
  },
  "konstgrepp": {
   "har": [
    "svenska.se",
    "synonymer.se"
   ],
   "hamtning_misslyckades": []
  },
  "konstpaus": {
   "har": [
    "svenska.se"
   ],
   "hamtning_misslyckades": []
  },
  "konstruktivism": {
   "har": [
    "svenska.se",
    "wiktionary"
   ],
   "hamtning_misslyckades": []
  },
  "kontorisera": {
   "har": [
    "svenska.se",
    "wiktionary"
   ],
   "hamtning_misslyckades": []
  },
  "kontrapunkt": {
   "har": [
    "svenska.se",
    "wiktionary"
   ],
   "hamtning_misslyckades": []
  },
  "kontubernal": {
   "har": [
    "svenska.se"
   ],
   "hamtning_misslyckades": []
  },
  "konvenera": {
   "har": [
    "svenska.se",
    "wiktionary"
   ],
   "hamtning_misslyckades": []
  },
  "kopek": {
   "har": [
    "svenska.se",
    "wiktionary"
   ],
   "hamtning_misslyckades": []
  },
  "kopparstick": {
   "har": [
    "svenska.se",
    "wiktionary"
   ],
   "hamtning_misslyckades": []
  },
  "korda": {
   "har": [
    "svenska.se",
    "wiktionary"
   ],
   "hamtning_misslyckades": []
  },
  "koreograf": {
   "har": [
    "svenska.se",
    "wiktionary"
   ],
   "hamtning_misslyckades": []
  },
  "korint": {
   "har": [
    "svenska.se",
    "wiktionary"
   ],
   "hamtning_misslyckades": []
  },
  "korpglugg": {
   "har": [
    "svenska.se",
    "wiktionary"
   ],
   "hamtning_misslyckades": []
  },
  "korpgluggarna": {
   "har": [
    "wiktionary"
   ],
   "hamtning_misslyckades": [
    "svenska.se"
   ]
  },
  "korsgång": {
   "har": [
    "svenska.se",
    "wiktionary"
   ],
   "hamtning_misslyckades": []
  },
  "korthugget": {
   "har": [
    "synonymer.se",
    "wiktionary"
   ],
   "hamtning_misslyckades": [
    "svenska.se"
   ]
  },
  "koscher": {
   "har": [
    "svenska.se",
    "wiktionary"
   ],
   "hamtning_misslyckades": []
  },
  "krabb": {
   "har": [
    "svenska.se",
    "wiktionary"
   ],
   "hamtning_misslyckades": []
  },
  "krenelerad": {
   "har": [
    "svenska.se",
    "synonymer.se"
   ],
   "hamtning_misslyckades": []
  },
  "krenelering": {
   "har": [
    "svenska.se",
    "wiktionary"
   ],
   "hamtning_misslyckades": []
  },
  "kreolspråk": {
   "har": [
    "svenska.se",
    "wiktionary"
   ],
   "hamtning_misslyckades": []
  },
  "kringskuren": {
   "har": [
    "svenska.se",
    "synonymer.se"
   ],
   "hamtning_misslyckades": []
  },
  "kringsynt": {
   "har": [
    "svenska.se",
    "synonymer.se"
   ],
   "hamtning_misslyckades": []
  },
  "krinolin": {
   "har": [
    "svenska.se",
    "wiktionary"
   ],
   "hamtning_misslyckades": []
  },
  "kristyr": {
   "har": [
    "svenska.se",
    "synonymer.se"
   ],
   "hamtning_misslyckades": []
  },
  "kroasera": {
   "har": [
    "svenska.se"
   ],
   "hamtning_misslyckades": [
    "wiktionary"
   ]
  },
  "krokett": {
   "har": [
    "svenska.se",
    "wiktionary"
   ],
   "hamtning_misslyckades": []
  },
  "krumpen": {
   "har": [
    "svenska.se",
    "synonymer.se"
   ],
   "hamtning_misslyckades": []
  },
  "kryckig": {
   "har": [
    "svenska.se",
    "synonymer.se"
   ],
   "hamtning_misslyckades": []
  },
  "kräva/begära någons huvud på ett fat": {
   "har": [],
   "hamtning_misslyckades": [
    "synonymer.se"
   ]
  },
  "kråkvinkel": {
   "har": [
    "svenska.se",
    "synonymer.se"
   ],
   "hamtning_misslyckades": []
  },
  "kubbe / kubb": {
   "har": [],
   "hamtning_misslyckades": [
    "synonymer.se",
    "wiktionary"
   ]
  },
  "kulning": {
   "har": [
    "svenska.se",
    "wiktionary"
   ],
   "hamtning_misslyckades": []
  },
  "kunna försätta berg": {
   "har": [],
   "hamtning_misslyckades": []
  },
  "kupidon": {
   "har": [
    "svenska.se",
    "wiktionary"
   ],
   "hamtning_misslyckades": []
  },
  "kuscha": {
   "har": [
    "svenska.se",
    "synonymer.se"
   ],
   "hamtning_misslyckades": []
  },
  "kvackare": {
   "har": [
    "svenska.se",
    "synonymer.se"
   ],
   "hamtning_misslyckades": []
  },
  "kvader": {
   "har": [
    "svenska.se",
    "wiktionary"
   ],
   "hamtning_misslyckades": []
  },
  "kvadrant": {
   "har": [
    "svenska.se"
   ],
   "hamtning_misslyckades": []
  },
  "kvantmekanik": {
   "har": [
    "svenska.se",
    "wiktionary"
   ],
   "hamtning_misslyckades": []
  },
  "kvasivetenskaplig": {
   "har": [
    "svenska.se",
    "wiktionary"
   ],
   "hamtning_misslyckades": []
  },
  "kvint": {
   "har": [
    "svenska.se",
    "wiktionary"
   ],
   "hamtning_misslyckades": []
  },
  "kvintess": {
   "har": [],
   "hamtning_misslyckades": [
    "svenska.se"
   ]
  },
  "kvintessensen": {
   "har": [
    "synonymer.se",
    "wiktionary"
   ],
   "hamtning_misslyckades": [
    "svenska.se"
   ]
  },
  "kväkare": {
   "har": [
    "svenska.se",
    "wiktionary"
   ],
   "hamtning_misslyckades": []
  },
  "kyffig": {
   "har": [
    "svenska.se",
    "synonymer.se"
   ],
   "hamtning_misslyckades": []
  },
  "kält": {
   "har": [
    "svenska.se",
    "synonymer.se"
   ],
   "hamtning_misslyckades": []
  },
  "känna vart vinden blåser": {
   "har": [],
   "hamtning_misslyckades": [
    "wiktionary"
   ]
  },
  "köpa grisen i säcken": {
   "har": [
    "wiktionary"
   ],
   "hamtning_misslyckades": []
  },
  "köra med": {
   "har": [
    "synonymer.se"
   ],
   "hamtning_misslyckades": []
  },
  "körna": {
   "har": [
    "svenska.se"
   ],
   "hamtning_misslyckades": []
  },
  "labiologi": {
   "har": [
    "svenska.se"
   ],
   "hamtning_misslyckades": []
  },
  "laborant": {
   "har": [
    "svenska.se",
    "wiktionary"
   ],
   "hamtning_misslyckades": []
  },
  "lagerkröna": {
   "har": [
    "svenska.se",
    "synonymer.se"
   ],
   "hamtning_misslyckades": []
  },
  "lagfara": {
   "har": [
    "svenska.se",
    "synonymer.se"
   ],
   "hamtning_misslyckades": []
  },
  "laissez-faire": {
   "har": [
    "svenska.se",
    "wiktionary"
   ],
   "hamtning_misslyckades": []
  },
  "laktation": {
   "har": [
    "svenska.se",
    "synonymer.se"
   ],
   "hamtning_misslyckades": [
    "wiktionary"
   ]
  },
  "laminat": {
   "har": [
    "svenska.se",
    "wiktionary"
   ],
   "hamtning_misslyckades": []
  },
  "lapidarstil": {
   "har": [
    "svenska.se",
    "wiktionary"
   ],
   "hamtning_misslyckades": []
  },
  "lappsjuka": {
   "har": [
    "svenska.se"
   ],
   "hamtning_misslyckades": []
  },
  "lappverk": {
   "har": [
    "svenska.se",
    "synonymer.se"
   ],
   "hamtning_misslyckades": []
  },
  "lasyr": {
   "har": [
    "svenska.se",
    "synonymer.se"
   ],
   "hamtning_misslyckades": []
  },
  "lavinartad": {
   "har": [
    "svenska.se",
    "wiktionary"
   ],
   "hamtning_misslyckades": []
  },
  "le i mjugg": {
   "har": [
    "wiktionary"
   ],
   "hamtning_misslyckades": []
  },
  "legato": {
   "har": [
    "svenska.se",
    "wiktionary"
   ],
   "hamtning_misslyckades": []
  },
  "legislatur": {
   "har": [
    "svenska.se",
    "synonymer.se"
   ],
   "hamtning_misslyckades": []
  },
  "lengräddad": {
   "har": [],
   "hamtning_misslyckades": [
    "svenska.se"
   ]
  },
  "leva i ett elfenbenstorn": {
   "har": [],
   "hamtning_misslyckades": []
  },
  "leva på undantag": {
   "har": [],
   "hamtning_misslyckades": []
  },
  "leva ur hand i mun": {
   "har": [
    "wiktionary"
   ],
   "hamtning_misslyckades": []
  },
  "levitera": {
   "har": [
    "svenska.se"
   ],
   "hamtning_misslyckades": []
  },
  "ligga i sin linda": {
   "har": [
    "synonymer.se"
   ],
   "hamtning_misslyckades": []
  },
  "ligga i vågskålen": {
   "har": [],
   "hamtning_misslyckades": []
  },
  "ligga någon i fatet": {
   "har": [
    "wiktionary"
   ],
   "hamtning_misslyckades": []
  },
  "ligga pyrt till": {
   "har": [
    "wiktionary"
   ],
   "hamtning_misslyckades": []
  },
  "ligga på sofflocket": {
   "har": [],
   "hamtning_misslyckades": []
  },
  "lika goda kålsupare": {
   "har": [
    "synonymer.se"
   ],
   "hamtning_misslyckades": [
    "wiktionary"
   ]
  },
  "likgiltigt": {
   "har": [
    "svenska.se",
    "synonymer.se"
   ],
   "hamtning_misslyckades": [
    "wiktionary"
   ]
  },
  "likmätigt": {
   "har": [
    "svenska.se",
    "synonymer.se"
   ],
   "hamtning_misslyckades": []
  },
  "liljeväxt": {
   "har": [
    "svenska.se"
   ],
   "hamtning_misslyckades": []
  },
  "limes": {
   "har": [
    "svenska.se",
    "wiktionary"
   ],
   "hamtning_misslyckades": []
  },
  "linda in orden": {
   "har": [],
   "hamtning_misslyckades": []
  },
  "lintott": {
   "har": [
    "svenska.se",
    "synonymer.se"
   ],
   "hamtning_misslyckades": []
  },
  "lisen": {
   "har": [
    "svenska.se",
    "wiktionary"
   ],
   "hamtning_misslyckades": []
  },
  "livré": {
   "har": [
    "svenska.se",
    "wiktionary"
   ],
   "hamtning_misslyckades": []
  },
  "loafer": {
   "har": [
    "svenska.se",
    "synonymer.se"
   ],
   "hamtning_misslyckades": []
  },
  "lokalsinne": {
   "har": [
    "svenska.se",
    "synonymer.se"
   ],
   "hamtning_misslyckades": [
    "wiktionary"
   ]
  },
  "lombardera": {
   "har": [
    "svenska.se"
   ],
   "hamtning_misslyckades": [
    "wiktionary"
   ]
  },
  "lugg / luggning": {
   "har": [],
   "hamtning_misslyckades": [
    "synonymer.se"
   ]
  },
  "lullig": {
   "har": [
    "svenska.se",
    "synonymer.se"
   ],
   "hamtning_misslyckades": []
  },
  "lullull": {
   "har": [
    "svenska.se",
    "synonymer.se"
   ],
   "hamtning_misslyckades": []
  },
  "lumbago": {
   "har": [
    "svenska.se",
    "synonymer.se"
   ],
   "hamtning_misslyckades": []
  },
  "luminiscens": {
   "har": [
    "svenska.se",
    "synonymer.se"
   ],
   "hamtning_misslyckades": []
  },
  "lumpbod": {
   "har": [
    "svenska.se",
    "wiktionary"
   ],
   "hamtning_misslyckades": []
  },
  "lumpor": {
   "har": [
    "svenska.se",
    "wiktionary"
   ],
   "hamtning_misslyckades": []
  },
  "lunett": {
   "har": [
    "svenska.se"
   ],
   "hamtning_misslyckades": []
  },
  "lux": {
   "har": [
    "svenska.se",
    "wiktionary"
   ],
   "hamtning_misslyckades": []
  },
  "luxös": {
   "har": [],
   "hamtning_misslyckades": [
    "svenska.se",
    "wiktionary"
   ]
  },
  "lyckas smed": {
   "har": [],
   "hamtning_misslyckades": []
  },
  "lyfta sig själv i håret": {
   "har": [
    "wiktionary"
   ],
   "hamtning_misslyckades": []
  },
  "lymfa": {
   "har": [
    "svenska.se",
    "wiktionary"
   ],
   "hamtning_misslyckades": []
  },
  "lynett": {
   "har": [
    "svenska.se",
    "wiktionary"
   ],
   "hamtning_misslyckades": []
  },
  "lysning": {
   "har": [
    "svenska.se",
    "wiktionary"
   ],
   "hamtning_misslyckades": []
  },
  "lägga an på": {
   "har": [
    "synonymer.se"
   ],
   "hamtning_misslyckades": []
  },
  "lägga hämsko på": {
   "har": [],
   "hamtning_misslyckades": []
  },
  "lägga sordin på": {
   "har": [
    "synonymer.se"
   ],
   "hamtning_misslyckades": [
    "wiktionary"
   ]
  },
  "lämna in tofflorna": {
   "har": [],
   "hamtning_misslyckades": [
    "wiktionary"
   ]
  },
  "länsa undan": {
   "har": [
    "svenska.se"
   ],
   "hamtning_misslyckades": []
  },
  "lärft": {
   "har": [
    "svenska.se",
    "wiktionary"
   ],
   "hamtning_misslyckades": []
  },
  "lättledd": {
   "har": [
    "svenska.se",
    "synonymer.se"
   ],
   "hamtning_misslyckades": []
  },
  "långfingrad": {
   "har": [
    "svenska.se",
    "synonymer.se"
   ],
   "hamtning_misslyckades": []
  },
  "långledas": {
   "har": [
    "svenska.se"
   ],
   "hamtning_misslyckades": []
  },
  "långskott": {
   "har": [
    "svenska.se"
   ],
   "hamtning_misslyckades": []
  },
  "låt gå för det!": {
   "har": [],
   "hamtning_misslyckades": []
  },
  "löpa gatlopp": {
   "har": [],
   "hamtning_misslyckades": []
  },
  "löpe": {
   "har": [
    "svenska.se",
    "wiktionary"
   ],
   "hamtning_misslyckades": []
  },
  "löpna": {
   "har": [
    "svenska.se",
    "synonymer.se"
   ],
   "hamtning_misslyckades": [
    "wiktionary"
   ]
  },
  "löst folk": {
   "har": [
    "synonymer.se"
   ],
   "hamtning_misslyckades": []
  },
  "lövsal": {
   "har": [
    "svenska.se",
    "synonymer.se"
   ],
   "hamtning_misslyckades": []
  },
  "madrigal": {
   "har": [
    "svenska.se",
    "wiktionary"
   ],
   "hamtning_misslyckades": []
  },
  "magenta": {
   "har": [
    "svenska.se"
   ],
   "hamtning_misslyckades": []
  },
  "magnolia": {
   "har": [
    "svenska.se",
    "wiktionary"
   ],
   "hamtning_misslyckades": []
  },
  "makramé": {
   "har": [
    "svenska.se",
    "wiktionary"
   ],
   "hamtning_misslyckades": []
  },
  "malakit": {
   "har": [
    "svenska.se",
    "wiktionary"
   ],
   "hamtning_misslyckades": []
  },
  "malakologi": {
   "har": [
    "svenska.se"
   ],
   "hamtning_misslyckades": []
  },
  "malja": {
   "har": [
    "svenska.se",
    "synonymer.se"
   ],
   "hamtning_misslyckades": [
    "wiktionary"
   ]
  },
  "mamelucker": {
   "har": [
    "svenska.se",
    "wiktionary"
   ],
   "hamtning_misslyckades": []
  },
  "mammografi": {
   "har": [
    "svenska.se",
    "wiktionary"
   ],
   "hamtning_misslyckades": []
  },
  "mangold": {
   "har": [
    "svenska.se",
    "wiktionary"
   ],
   "hamtning_misslyckades": []
  },
  "mangrann": {
   "har": [
    "svenska.se",
    "synonymer.se"
   ],
   "hamtning_misslyckades": []
  },
  "manschettarbetare": {
   "har": [
    "synonymer.se"
   ],
   "hamtning_misslyckades": [
    "svenska.se"
   ]
  },
  "mantalslängd": {
   "har": [
    "svenska.se",
    "wiktionary"
   ],
   "hamtning_misslyckades": []
  },
  "marinera": {
   "har": [
    "svenska.se"
   ],
   "hamtning_misslyckades": [
    "wiktionary"
   ]
  },
  "maskrosbarn": {
   "har": [
    "svenska.se",
    "wiktionary"
   ],
   "hamtning_misslyckades": []
  },
  "masurka / mazurka": {
   "har": [],
   "hamtning_misslyckades": [
    "synonymer.se"
   ]
  },
  "med / mede": {
   "har": [],
   "hamtning_misslyckades": [
    "synonymer.se"
   ]
  },
  "med bravur": {
   "har": [],
   "hamtning_misslyckades": []
  },
  "med förbundna ögon": {
   "har": [],
   "hamtning_misslyckades": []
  },
  "med förlov sagt": {
   "har": [],
   "hamtning_misslyckades": []
  },
  "med oblida ögon": {
   "har": [],
   "hamtning_misslyckades": []
  },
  "med varm hand": {
   "har": [],
   "hamtning_misslyckades": []
  },
  "meddelsam": {
   "har": [
    "svenska.se",
    "synonymer.se"
   ],
   "hamtning_misslyckades": [
    "wiktionary"
   ]
  },
  "medial": {
   "har": [
    "svenska.se",
    "wiktionary"
   ],
   "hamtning_misslyckades": []
  },
  "medikalisera": {
   "har": [
    "svenska.se",
    "wiktionary"
   ],
   "hamtning_misslyckades": []
  },
  "mefitisk": {
   "har": [
    "svenska.se",
    "synonymer.se"
   ],
   "hamtning_misslyckades": []
  },
  "megalit": {
   "har": [
    "svenska.se",
    "synonymer.se"
   ],
   "hamtning_misslyckades": []
  },
  "melass": {
   "har": [
    "svenska.se",
    "wiktionary"
   ],
   "hamtning_misslyckades": []
  },
  "mellan fyra ögon": {
   "har": [
    "synonymer.se"
   ],
   "hamtning_misslyckades": []
  },
  "mellan skylla och karybdis": {
   "har": [],
   "hamtning_misslyckades": []
  },
  "memoarer": {
   "har": [
    "synonymer.se",
    "wiktionary"
   ],
   "hamtning_misslyckades": [
    "svenska.se"
   ]
  },
  "mene te'kel": {
   "har": [],
   "hamtning_misslyckades": []
  },
  "mentometer": {
   "har": [
    "svenska.se",
    "wiktionary"
   ],
   "hamtning_misslyckades": []
  },
  "menuett": {
   "har": [
    "svenska.se",
    "wiktionary"
   ],
   "hamtning_misslyckades": []
  },
  "meriterad": {
   "har": [
    "svenska.se",
    "synonymer.se"
   ],
   "hamtning_misslyckades": []
  },
  "metates": {
   "har": [
    "svenska.se",
    "wiktionary"
   ],
   "hamtning_misslyckades": []
  },
  "metodism": {
   "har": [
    "svenska.se",
    "wiktionary"
   ],
   "hamtning_misslyckades": []
  },
  "mikrofiche": {
   "har": [
    "svenska.se",
    "synonymer.se"
   ],
   "hamtning_misslyckades": []
  },
  "millenium": {
   "har": [],
   "hamtning_misslyckades": [
    "svenska.se"
   ]
  },
  "mimicry": {
   "har": [
    "svenska.se",
    "synonymer.se"
   ],
   "hamtning_misslyckades": [
    "wiktionary"
   ]
  },
  "missklädsam": {
   "har": [
    "svenska.se",
    "synonymer.se"
   ],
   "hamtning_misslyckades": []
  },
  "misskunda": {
   "har": [
    "svenska.se",
    "wiktionary"
   ],
   "hamtning_misslyckades": []
  },
  "misskänd": {
   "har": [
    "svenska.se",
    "synonymer.se"
   ],
   "hamtning_misslyckades": []
  },
  "missta sig /misstaga sig": {
   "har": [],
   "hamtning_misslyckades": [
    "synonymer.se"
   ]
  },
  "misstroendevotum": {
   "har": [
    "svenska.se",
    "wiktionary"
   ],
   "hamtning_misslyckades": []
  },
  "mistral": {
   "har": [
    "svenska.se",
    "wiktionary"
   ],
   "hamtning_misslyckades": []
  },
  "mitos": {
   "har": [
    "svenska.se",
    "wiktionary"
   ],
   "hamtning_misslyckades": []
  },
  "mitträcke": {
   "har": [
    "svenska.se",
    "wiktionary"
   ],
   "hamtning_misslyckades": []
  },
  "mittåt": {
   "har": [
    "svenska.se",
    "wiktionary"
   ],
   "hamtning_misslyckades": []
  },
  "moarera": {
   "har": [
    "svenska.se",
    "wiktionary"
   ],
   "hamtning_misslyckades": []
  },
  "mockant": {
   "har": [
    "svenska.se"
   ],
   "hamtning_misslyckades": []
  },
  "modal": {
   "har": [
    "svenska.se",
    "wiktionary"
   ],
   "hamtning_misslyckades": []
  },
  "modenyck": {
   "har": [
    "svenska.se",
    "synonymer.se"
   ],
   "hamtning_misslyckades": []
  },
  "mohair": {
   "har": [
    "svenska.se",
    "wiktionary"
   ],
   "hamtning_misslyckades": []
  },
  "monegask": {
   "har": [
    "svenska.se",
    "wiktionary"
   ],
   "hamtning_misslyckades": []
  },
  "mopsig": {
   "har": [
    "svenska.se",
    "synonymer.se"
   ],
   "hamtning_misslyckades": [
    "wiktionary"
   ]
  },
  "moralkaka": {
   "har": [
    "svenska.se",
    "synonymer.se"
   ],
   "hamtning_misslyckades": [
    "wiktionary"
   ]
  },
  "morfem": {
   "har": [
    "svenska.se",
    "wiktionary"
   ],
   "hamtning_misslyckades": []
  },
  "mortel": {
   "har": [
    "svenska.se",
    "wiktionary"
   ],
   "hamtning_misslyckades": []
  },
  "mot förmodan": {
   "har": [
    "synonymer.se"
   ],
   "hamtning_misslyckades": []
  },
  "mudd": {
   "har": [
    "svenska.se",
    "wiktionary"
   ],
   "hamtning_misslyckades": []
  },
  "multilateral": {
   "har": [
    "svenska.se",
    "wiktionary"
   ],
   "hamtning_misslyckades": []
  },
  "murrig": {
   "har": [
    "svenska.se",
    "synonymer.se"
   ],
   "hamtning_misslyckades": [
    "wiktionary"
   ]
  },
  "muslin": {
   "har": [
    "svenska.se",
    "wiktionary"
   ],
   "hamtning_misslyckades": []
  },
  "mycel": {
   "har": [
    "svenska.se",
    "wiktionary"
   ],
   "hamtning_misslyckades": []
  },
  "mysk": {
   "har": [
    "svenska.se",
    "wiktionary"
   ],
   "hamtning_misslyckades": []
  },
  "mässfall": {
   "har": [
    "svenska.se",
    "wiktionary"
   ],
   "hamtning_misslyckades": []
  },
  "mättsam": {
   "har": [
    "svenska.se",
    "synonymer.se"
   ],
   "hamtning_misslyckades": []
  },
  "målföre": {
   "har": [
    "svenska.se",
    "synonymer.se"
   ],
   "hamtning_misslyckades": []
  },
  "måndagsexemplar": {
   "har": [
    "svenska.se",
    "wiktionary"
   ],
   "hamtning_misslyckades": []
  },
  "mångla": {
   "har": [
    "svenska.se",
    "synonymer.se"
   ],
   "hamtning_misslyckades": []
  },
  "månglerska": {
   "har": [
    "svenska.se"
   ],
   "hamtning_misslyckades": []
  },
  "mög": {
   "har": [
    "svenska.se"
   ],
   "hamtning_misslyckades": [
    "wiktionary"
   ]
  },
  "mörkertal": {
   "har": [
    "svenska.se",
    "wiktionary"
   ],
   "hamtning_misslyckades": []
  },
  "name-dropping": {
   "har": [],
   "hamtning_misslyckades": []
  },
  "namne": {
   "har": [
    "svenska.se",
    "wiktionary"
   ],
   "hamtning_misslyckades": []
  },
  "naprapat": {
   "har": [
    "svenska.se",
    "synonymer.se"
   ],
   "hamtning_misslyckades": []
  },
  "narig": {
   "har": [
    "svenska.se",
    "synonymer.se"
   ],
   "hamtning_misslyckades": []
  },
  "narratör": {
   "har": [],
   "hamtning_misslyckades": [
    "svenska.se"
   ]
  },
  "nativ": {
   "har": [
    "svenska.se",
    "synonymer.se"
   ],
   "hamtning_misslyckades": []
  },
  "naturtroget": {
   "har": [
    "synonymer.se",
    "wiktionary"
   ],
   "hamtning_misslyckades": [
    "svenska.se"
   ]
  },
  "navelskådare": {
   "har": [
    "svenska.se",
    "wiktionary"
   ],
   "hamtning_misslyckades": []
  },
  "neddekad": {
   "har": [
    "svenska.se",
    "synonymer.se"
   ],
   "hamtning_misslyckades": [
    "wiktionary"
   ]
  },
  "nedköp": {
   "har": [
    "svenska.se",
    "synonymer.se"
   ],
   "hamtning_misslyckades": [
    "wiktionary"
   ]
  },
  "nedom": {
   "har": [
    "svenska.se",
    "synonymer.se"
   ],
   "hamtning_misslyckades": []
  },
  "nedriva": {
   "har": [
    "svenska.se",
    "synonymer.se"
   ],
   "hamtning_misslyckades": []
  },
  "nematod": {
   "har": [
    "svenska.se",
    "wiktionary"
   ],
   "hamtning_misslyckades": []
  },
  "neonatal": {
   "har": [
    "svenska.se"
   ],
   "hamtning_misslyckades": []
  },
  "nerts": {
   "har": [
    "svenska.se",
    "synonymer.se"
   ],
   "hamtning_misslyckades": []
  },
  "neurologi": {
   "har": [
    "svenska.se",
    "wiktionary"
   ],
   "hamtning_misslyckades": []
  },
  "nexus": {
   "har": [
    "svenska.se",
    "wiktionary"
   ],
   "hamtning_misslyckades": []
  },
  "nickedocka": {
   "har": [
    "svenska.se",
    "synonymer.se"
   ],
   "hamtning_misslyckades": []
  },
  "nipper": {
   "har": [
    "svenska.se",
    "synonymer.se"
   ],
   "hamtning_misslyckades": [
    "wiktionary"
   ]
  },
  "nitlott": {
   "har": [
    "svenska.se",
    "synonymer.se"
   ],
   "hamtning_misslyckades": []
  },
  "nocebo": {
   "har": [
    "svenska.se"
   ],
   "hamtning_misslyckades": []
  },
  "nogsamt": {
   "har": [
    "svenska.se",
    "synonymer.se"
   ],
   "hamtning_misslyckades": []
  },
  "nomader": {
   "har": [
    "synonymer.se",
    "wiktionary"
   ],
   "hamtning_misslyckades": [
    "svenska.se"
   ]
  },
  "non compos mentis": {
   "har": [
    "synonymer.se"
   ],
   "hamtning_misslyckades": []
  },
  "noskig": {
   "har": [
    "svenska.se",
    "synonymer.se"
   ],
   "hamtning_misslyckades": []
  },
  "nu går skam på torra land!": {
   "har": [],
   "hamtning_misslyckades": [
    "wiktionary"
   ]
  },
  "numen": {
   "har": [
    "svenska.se"
   ],
   "hamtning_misslyckades": []
  },
  "numeralia": {
   "har": [],
   "hamtning_misslyckades": [
    "svenska.se"
   ]
  },
  "nyemission": {
   "har": [
    "svenska.se",
    "wiktionary"
   ],
   "hamtning_misslyckades": []
  },
  "nyenkel": {
   "har": [
    "svenska.se",
    "synonymer.se"
   ],
   "hamtning_misslyckades": []
  },
  "nära en orm vid sin barm": {
   "har": [
    "wiktionary"
   ],
   "hamtning_misslyckades": []
  },
  "närsluta": {
   "har": [
    "svenska.se",
    "synonymer.se"
   ],
   "hamtning_misslyckades": []
  },
  "nättupp": {
   "har": [
    "svenska.se"
   ],
   "hamtning_misslyckades": []
  },
  "näva": {
   "har": [
    "svenska.se"
   ],
   "hamtning_misslyckades": []
  },
  "nådatid": {
   "har": [
    "svenska.se",
    "synonymer.se"
   ],
   "hamtning_misslyckades": [
    "wiktionary"
   ]
  },
  "nåderik": {
   "har": [
    "svenska.se",
    "wiktionary"
   ],
   "hamtning_misslyckades": []
  },
  "nödbedd": {
   "har": [
    "svenska.se",
    "synonymer.se"
   ],
   "hamtning_misslyckades": []
  },
  "nödår": {
   "har": [
    "svenska.se",
    "synonymer.se"
   ],
   "hamtning_misslyckades": []
  },
  "oart": {
   "har": [
    "svenska.se",
    "synonymer.se"
   ],
   "hamtning_misslyckades": []
  },
  "oavvänd": {
   "har": [
    "svenska.se",
    "synonymer.se"
   ],
   "hamtning_misslyckades": []
  },
  "obeaktad": {
   "har": [
    "svenska.se",
    "synonymer.se"
   ],
   "hamtning_misslyckades": []
  },
  "obetingat": {
   "har": [
    "synonymer.se",
    "wiktionary"
   ],
   "hamtning_misslyckades": [
    "svenska.se"
   ]
  },
  "obetänkt": {
   "har": [
    "svenska.se",
    "synonymer.se"
   ],
   "hamtning_misslyckades": []
  },
  "obligera": {
   "har": [
    "svenska.se"
   ],
   "hamtning_misslyckades": []
  },
  "observatorium": {
   "har": [
    "svenska.se",
    "wiktionary"
   ],
   "hamtning_misslyckades": []
  },
  "obstetrik": {
   "har": [
    "svenska.se"
   ],
   "hamtning_misslyckades": [
    "wiktionary"
   ]
  },
  "odla sin kål": {
   "har": [
    "wiktionary"
   ],
   "hamtning_misslyckades": []
  },
  "oefterrättlig": {
   "har": [
    "svenska.se",
    "synonymer.se"
   ],
   "hamtning_misslyckades": []
  },
  "oegentligheter": {
   "har": [
    "synonymer.se",
    "wiktionary"
   ],
   "hamtning_misslyckades": [
    "svenska.se"
   ]
  },
  "officinell": {
   "har": [
    "svenska.se",
    "wiktionary"
   ],
   "hamtning_misslyckades": []
  },
  "oförgriplig": {
   "har": [
    "svenska.se",
    "synonymer.se"
   ],
   "hamtning_misslyckades": [
    "wiktionary"
   ]
  },
  "oförtövad": {
   "har": [
    "svenska.se",
    "synonymer.se"
   ],
   "hamtning_misslyckades": []
  },
  "oförvillad": {
   "har": [
    "svenska.se",
    "synonymer.se"
   ],
   "hamtning_misslyckades": []
  },
  "oförvållad": {
   "har": [
    "svenska.se",
    "synonymer.se"
   ],
   "hamtning_misslyckades": []
  },
  "ogemen": {
   "har": [
    "svenska.se",
    "synonymer.se"
   ],
   "hamtning_misslyckades": []
  },
  "ogrumlad": {
   "har": [
    "svenska.se",
    "synonymer.se"
   ],
   "hamtning_misslyckades": []
  },
  "ohängd": {
   "har": [
    "svenska.se",
    "synonymer.se"
   ],
   "hamtning_misslyckades": []
  },
  "oinvigd": {
   "har": [
    "svenska.se",
    "synonymer.se"
   ],
   "hamtning_misslyckades": []
  },
  "okarina": {
   "har": [
    "svenska.se",
    "wiktionary"
   ],
   "hamtning_misslyckades": []
  },
  "oktav": {
   "har": [
    "svenska.se",
    "wiktionary"
   ],
   "hamtning_misslyckades": []
  },
  "oktroj": {
   "har": [
    "svenska.se",
    "wiktionary"
   ],
   "hamtning_misslyckades": []
  },
  "oligopol": {
   "har": [
    "svenska.se",
    "wiktionary"
   ],
   "hamtning_misslyckades": []
  },
  "olåt": {
   "har": [
    "svenska.se",
    "synonymer.se"
   ],
   "hamtning_misslyckades": []
  },
  "om inte om hade varit": {
   "har": [],
   "hamtning_misslyckades": []
  },
  "om vartannat": {
   "har": [
    "synonymer.se"
   ],
   "hamtning_misslyckades": []
  },
  "omlott": {
   "har": [
    "svenska.se",
    "wiktionary"
   ],
   "hamtning_misslyckades": []
  },
  "omse": {
   "har": [
    "svenska.se",
    "synonymer.se"
   ],
   "hamtning_misslyckades": []
  },
  "omstörtande": {
   "har": [
    "svenska.se",
    "synonymer.se"
   ],
   "hamtning_misslyckades": []
  },
  "omvittnad": {
   "har": [
    "svenska.se",
    "synonymer.se"
   ],
   "hamtning_misslyckades": []
  },
  "omvälvande": {
   "har": [
    "synonymer.se",
    "wiktionary"
   ],
   "hamtning_misslyckades": [
    "svenska.se"
   ]
  },
  "oneiromanti": {
   "har": [
    "svenska.se",
    "synonymer.se"
   ],
   "hamtning_misslyckades": [
    "wiktionary"
   ]
  },
  "opulens": {
   "har": [
    "svenska.se",
    "synonymer.se"
   ],
   "hamtning_misslyckades": []
  },
  "oratorium": {
   "har": [
    "svenska.se",
    "wiktionary"
   ],
   "hamtning_misslyckades": []
  },
  "ordig": {
   "har": [
    "svenska.se"
   ],
   "hamtning_misslyckades": []
  },
  "ordknapp": {
   "har": [
    "svenska.se",
    "synonymer.se"
   ],
   "hamtning_misslyckades": []
  },
  "oreglad": {
   "har": [
    "svenska.se",
    "synonymer.se"
   ],
   "hamtning_misslyckades": []
  },
  "oreserverad": {
   "har": [
    "svenska.se",
    "synonymer.se"
   ],
   "hamtning_misslyckades": []
  },
  "orkestik": {
   "har": [],
   "hamtning_misslyckades": [
    "svenska.se",
    "wiktionary"
   ]
  },
  "orogenes": {
   "har": [
    "svenska.se",
    "synonymer.se"
   ],
   "hamtning_misslyckades": [
    "wiktionary"
   ]
  },
  "ortodenti": {
   "har": [],
   "hamtning_misslyckades": [
    "svenska.se"
   ]
  },
  "ortoped": {
   "har": [
    "svenska.se",
    "wiktionary"
   ],
   "hamtning_misslyckades": []
  },
  "ortopedi": {
   "har": [
    "svenska.se",
    "wiktionary"
   ],
   "hamtning_misslyckades": []
  },
  "oskrivet blad": {
   "har": [
    "synonymer.se"
   ],
   "hamtning_misslyckades": []
  },
  "osteit": {
   "har": [
    "svenska.se"
   ],
   "hamtning_misslyckades": []
  },
  "osteopati": {
   "har": [
    "svenska.se"
   ],
   "hamtning_misslyckades": []
  },
  "osvuret är bäst": {
   "har": [],
   "hamtning_misslyckades": []
  },
  "osökt": {
   "har": [
    "svenska.se",
    "synonymer.se"
   ],
   "hamtning_misslyckades": []
  },
  "otiatri": {
   "har": [
    "svenska.se"
   ],
   "hamtning_misslyckades": [
    "wiktionary"
   ]
  },
  "otidigheter": {
   "har": [
    "synonymer.se",
    "wiktionary"
   ],
   "hamtning_misslyckades": [
    "svenska.se"
   ]
  },
  "otit": {
   "har": [
    "svenska.se",
    "synonymer.se"
   ],
   "hamtning_misslyckades": []
  },
  "otolog": {
   "har": [
    "svenska.se",
    "synonymer.se"
   ],
   "hamtning_misslyckades": []
  },
  "outsourca": {
   "har": [
    "svenska.se",
    "synonymer.se"
   ],
   "hamtning_misslyckades": []
  },
  "ovigd": {
   "har": [
    "svenska.se"
   ],
   "hamtning_misslyckades": []
  },
  "ovipar": {
   "har": [
    "svenska.se",
    "synonymer.se"
   ],
   "hamtning_misslyckades": []
  },
  "oxytocin": {
   "har": [
    "svenska.se",
    "wiktionary"
   ],
   "hamtning_misslyckades": []
  },
  "oåtspord": {
   "har": [
    "svenska.se",
    "wiktionary"
   ],
   "hamtning_misslyckades": []
  },
  "paddock": {
   "har": [
    "svenska.se",
    "wiktionary"
   ],
   "hamtning_misslyckades": []
  },
  "paleontologi": {
   "har": [
    "svenska.se"
   ],
   "hamtning_misslyckades": [
    "wiktionary"
   ]
  },
  "paletå": {
   "har": [
    "svenska.se",
    "synonymer.se"
   ],
   "hamtning_misslyckades": []
  },
  "paltig": {
   "har": [
    "svenska.se",
    "synonymer.se"
   ],
   "hamtning_misslyckades": []
  },
  "pampusch": {
   "har": [
    "svenska.se",
    "synonymer.se"
   ],
   "hamtning_misslyckades": []
  },
  "panegyrisk": {
   "har": [
    "svenska.se",
    "wiktionary"
   ],
   "hamtning_misslyckades": []
  },
  "pang på rödbetan": {
   "har": [
    "wiktionary"
   ],
   "hamtning_misslyckades": []
  },
  "panteism": {
   "har": [
    "svenska.se",
    "wiktionary"
   ],
   "hamtning_misslyckades": []
  },
  "papeteri": {
   "har": [
    "svenska.se"
   ],
   "hamtning_misslyckades": []
  },
  "papier-maché": {
   "har": [
    "svenska.se",
    "wiktionary"
   ],
   "hamtning_misslyckades": []
  },
  "pappersvändare": {
   "har": [
    "synonymer.se"
   ],
   "hamtning_misslyckades": [
    "svenska.se"
   ]
  },
  "paradexempel": {
   "har": [
    "svenska.se"
   ],
   "hamtning_misslyckades": [
    "wiktionary"
   ]
  },
  "parterr": {
   "har": [
    "svenska.se",
    "wiktionary"
   ],
   "hamtning_misslyckades": []
  },
  "partikuljär": {
   "har": [
    "svenska.se",
    "synonymer.se"
   ],
   "hamtning_misslyckades": []
  },
  "partikulär": {
   "har": [
    "svenska.se",
    "synonymer.se"
   ],
   "hamtning_misslyckades": []
  },
  "passera revy": {
   "har": [
    "synonymer.se"
   ],
   "hamtning_misslyckades": []
  },
  "passersedel": {
   "har": [
    "svenska.se",
    "synonymer.se"
   ],
   "hamtning_misslyckades": []
  },
  "passiar": {
   "har": [
    "svenska.se",
    "wiktionary"
   ],
   "hamtning_misslyckades": []
  },
  "passivera": {
   "har": [
    "svenska.se",
    "synonymer.se"
   ],
   "hamtning_misslyckades": []
  },
  "passopp": {
   "har": [
    "svenska.se",
    "synonymer.se"
   ],
   "hamtning_misslyckades": []
  },
  "pastös": {
   "har": [
    "svenska.se",
    "synonymer.se"
   ],
   "hamtning_misslyckades": []
  },
  "paternalism": {
   "har": [
    "svenska.se"
   ],
   "hamtning_misslyckades": [
    "wiktionary"
   ]
  },
  "patogen": {
   "har": [
    "svenska.se",
    "wiktionary"
   ],
   "hamtning_misslyckades": []
  },
  "patogenes": {
   "har": [
    "svenska.se",
    "synonymer.se"
   ],
   "hamtning_misslyckades": []
  },
  "patologi": {
   "har": [
    "svenska.se",
    "wiktionary"
   ],
   "hamtning_misslyckades": []
  },
  "pauperisera": {
   "har": [
    "svenska.se",
    "synonymer.se"
   ],
   "hamtning_misslyckades": []
  },
  "pediatrik": {
   "har": [
    "svenska.se",
    "wiktionary"
   ],
   "hamtning_misslyckades": []
  },
  "peka med hela handen": {
   "har": [],
   "hamtning_misslyckades": []
  },
  "pekpinne": {
   "har": [
    "svenska.se",
    "wiktionary"
   ],
   "hamtning_misslyckades": []
  },
  "pektin": {
   "har": [
    "svenska.se",
    "wiktionary"
   ],
   "hamtning_misslyckades": []
  },
  "pelarhelgon": {
   "har": [
    "svenska.se",
    "synonymer.se"
   ],
   "hamtning_misslyckades": [
    "wiktionary"
   ]
  },
  "penséer": {
   "har": [
    "synonymer.se",
    "wiktionary"
   ],
   "hamtning_misslyckades": [
    "svenska.se"
   ]
  },
  "perceptiv": {
   "har": [
    "svenska.se"
   ],
   "hamtning_misslyckades": []
  },
  "perestrojka": {
   "har": [
    "svenska.se",
    "synonymer.se"
   ],
   "hamtning_misslyckades": []
  },
  "performance": {
   "har": [
    "svenska.se",
    "wiktionary"
   ],
   "hamtning_misslyckades": []
  },
  "perinatal": {
   "har": [
    "svenska.se"
   ],
   "hamtning_misslyckades": []
  },
  "periskop": {
   "har": [
    "svenska.se",
    "wiktionary"
   ],
   "hamtning_misslyckades": []
  },
  "peristaltik": {
   "har": [
    "svenska.se",
    "wiktionary"
   ],
   "hamtning_misslyckades": []
  },
  "peritonit": {
   "har": [
    "svenska.se",
    "synonymer.se"
   ],
   "hamtning_misslyckades": []
  },
  "pesticid": {
   "har": [
    "svenska.se",
    "synonymer.se"
   ],
   "hamtning_misslyckades": []
  },
  "petameter": {
   "har": [],
   "hamtning_misslyckades": [
    "svenska.se",
    "wiktionary"
   ]
  },
  "petrificera": {
   "har": [
    "svenska.se"
   ],
   "hamtning_misslyckades": []
  },
  "piccola": {
   "har": [
    "svenska.se",
    "synonymer.se"
   ],
   "hamtning_misslyckades": []
  },
  "pidgin": {
   "har": [
    "svenska.se",
    "synonymer.se"
   ],
   "hamtning_misslyckades": []
  },
  "piedistal": {
   "har": [],
   "hamtning_misslyckades": [
    "svenska.se"
   ]
  },
  "pikerad": {
   "har": [
    "svenska.se",
    "synonymer.se"
   ],
   "hamtning_misslyckades": []
  },
  "piké": {
   "har": [
    "svenska.se",
    "wiktionary"
   ],
   "hamtning_misslyckades": []
  },
  "pimpinett": {
   "har": [
    "svenska.se",
    "synonymer.se"
   ],
   "hamtning_misslyckades": []
  },
  "pinscher": {
   "har": [
    "svenska.se",
    "wiktionary"
   ],
   "hamtning_misslyckades": []
  },
  "pion": {
   "har": [
    "svenska.se",
    "wiktionary"
   ],
   "hamtning_misslyckades": []
  },
  "pjoskig": {
   "har": [
    "svenska.se",
    "synonymer.se"
   ],
   "hamtning_misslyckades": [
    "wiktionary"
   ]
  },
  "plaidoyer /plädoajé": {
   "har": [],
   "hamtning_misslyckades": [
    "synonymer.se"
   ]
  },
  "planera (geo)": {
   "har": [],
   "hamtning_misslyckades": []
  },
  "plektrum": {
   "har": [
    "svenska.se",
    "wiktionary"
   ],
   "hamtning_misslyckades": []
  },
  "plisserad": {
   "har": [
    "svenska.se",
    "synonymer.se"
   ],
   "hamtning_misslyckades": []
  },
  "plocka russin ur kakan": {
   "har": [],
   "hamtning_misslyckades": []
  },
  "pneumatik": {
   "har": [
    "svenska.se",
    "wiktionary"
   ],
   "hamtning_misslyckades": []
  },
  "pollettera": {
   "har": [
    "svenska.se"
   ],
   "hamtning_misslyckades": [
    "wiktionary"
   ]
  },
  "polstra": {
   "har": [
    "svenska.se"
   ],
   "hamtning_misslyckades": []
  },
  "pomaderad": {
   "har": [
    "svenska.se"
   ],
   "hamtning_misslyckades": []
  },
  "pomologi": {
   "har": [
    "svenska.se",
    "wiktionary"
   ],
   "hamtning_misslyckades": []
  },
  "porfyr": {
   "har": [
    "svenska.se",
    "wiktionary"
   ],
   "hamtning_misslyckades": []
  },
  "positivhalare": {
   "har": [
    "svenska.se",
    "wiktionary"
   ],
   "hamtning_misslyckades": []
  },
  "positivistisk": {
   "har": [
    "svenska.se",
    "wiktionary"
   ],
   "hamtning_misslyckades": []
  },
  "postisch": {
   "har": [
    "svenska.se",
    "synonymer.se"
   ],
   "hamtning_misslyckades": [
    "wiktionary"
   ]
  },
  "postmodernism": {
   "har": [
    "svenska.se",
    "wiktionary"
   ],
   "hamtning_misslyckades": []
  },
  "postponera": {
   "har": [
    "svenska.se"
   ],
   "hamtning_misslyckades": []
  },
  "potemkinkulisser /-fasad": {
   "har": [],
   "hamtning_misslyckades": [
    "synonymer.se"
   ]
  },
  "pracka": {
   "har": [
    "svenska.se",
    "synonymer.se"
   ],
   "hamtning_misslyckades": []
  },
  "precedens": {
   "har": [
    "svenska.se",
    "synonymer.se"
   ],
   "hamtning_misslyckades": []
  },
  "predilektion": {
   "har": [
    "svenska.se"
   ],
   "hamtning_misslyckades": []
  },
  "pretiosa": {
   "har": [
    "svenska.se",
    "wiktionary"
   ],
   "hamtning_misslyckades": []
  },
  "primalskrik": {
   "har": [
    "svenska.se"
   ],
   "hamtning_misslyckades": [
    "wiktionary"
   ]
  },
  "probat": {
   "har": [
    "svenska.se",
    "synonymer.se"
   ],
   "hamtning_misslyckades": []
  },
  "processa med": {
   "har": [],
   "hamtning_misslyckades": []
  },
  "profanation": {
   "har": [
    "svenska.se",
    "synonymer.se"
   ],
   "hamtning_misslyckades": []
  },
  "profitera på": {
   "har": [
    "synonymer.se"
   ],
   "hamtning_misslyckades": []
  },
  "programmatisk": {
   "har": [
    "svenska.se",
    "synonymer.se"
   ],
   "hamtning_misslyckades": []
  },
  "prospektera": {
   "har": [
    "svenska.se",
    "wiktionary"
   ],
   "hamtning_misslyckades": []
  },
  "pseudo-": {
   "har": [
    "svenska.se",
    "wiktionary"
   ],
   "hamtning_misslyckades": []
  },
  "pseudovetenskaplig": {
   "har": [
    "svenska.se",
    "wiktionary"
   ],
   "hamtning_misslyckades": []
  },
  "psoriasis": {
   "har": [
    "svenska.se"
   ],
   "hamtning_misslyckades": []
  },
  "psykoprofylax": {
   "har": [
    "svenska.se"
   ],
   "hamtning_misslyckades": []
  },
  "public service": {
   "har": [
    "svenska.se"
   ],
   "hamtning_misslyckades": []
  },
  "publikfrieri": {
   "har": [
    "svenska.se",
    "synonymer.se"
   ],
   "hamtning_misslyckades": []
  },
  "pudelns kärna": {
   "har": [
    "wiktionary"
   ],
   "hamtning_misslyckades": []
  },
  "puella": {
   "har": [
    "wiktionary"
   ],
   "hamtning_misslyckades": []
  },
  "pulpa": {
   "har": [
    "svenska.se",
    "wiktionary"
   ],
   "hamtning_misslyckades": []
  },
  "pumpernickel": {
   "har": [
    "svenska.se"
   ],
   "hamtning_misslyckades": []
  },
  "punktur": {
   "har": [
    "svenska.se"
   ],
   "hamtning_misslyckades": []
  },
  "putrefaktion": {
   "har": [
    "svenska.se",
    "synonymer.se"
   ],
   "hamtning_misslyckades": []
  },
  "pyrrusseger": {
   "har": [
    "svenska.se",
    "synonymer.se"
   ],
   "hamtning_misslyckades": []
  },
  "pytsa": {
   "har": [
    "svenska.se",
    "synonymer.se"
   ],
   "hamtning_misslyckades": [
    "wiktionary"
   ]
  },
  "pärlemor": {
   "har": [
    "svenska.se",
    "wiktionary"
   ],
   "hamtning_misslyckades": []
  },
  "pärlspont": {
   "har": [
    "svenska.se",
    "wiktionary"
   ],
   "hamtning_misslyckades": []
  },
  "på bar backe": {
   "har": [
    "synonymer.se"
   ],
   "hamtning_misslyckades": []
  },
  "på basis av": {
   "har": [],
   "hamtning_misslyckades": []
  },
  "på lösa boliner": {
   "har": [
    "synonymer.se",
    "wiktionary"
   ],
   "hamtning_misslyckades": []
  },
  "på mattan": {
   "har": [
    "synonymer.se"
   ],
   "hamtning_misslyckades": []
  },
  "på nåder": {
   "har": [],
   "hamtning_misslyckades": []
  },
  "på småtimmarna": {
   "har": [],
   "hamtning_misslyckades": []
  },
  "på vinst och förlust": {
   "har": [
    "synonymer.se"
   ],
   "hamtning_misslyckades": []
  },
  "påkänning": {
   "har": [
    "svenska.se",
    "synonymer.se"
   ],
   "hamtning_misslyckades": [
    "wiktionary"
   ]
  },
  "pålysa": {
   "har": [
    "svenska.se",
    "synonymer.se"
   ],
   "hamtning_misslyckades": []
  },
  "påstötning": {
   "har": [
    "svenska.se",
    "synonymer.se"
   ],
   "hamtning_misslyckades": []
  },
  "quechua": {
   "har": [
    "wiktionary"
   ],
   "hamtning_misslyckades": [
    "svenska.se"
   ]
  },
  "racka ner på": {
   "har": [
    "synonymer.se"
   ],
   "hamtning_misslyckades": []
  },
  "raffig": {
   "har": [
    "svenska.se",
    "synonymer.se"
   ],
   "hamtning_misslyckades": []
  },
  "ratatouille": {
   "har": [
    "svenska.se",
    "wiktionary"
   ],
   "hamtning_misslyckades": []
  },
  "ratificera": {
   "har": [
    "svenska.se",
    "synonymer.se"
   ],
   "hamtning_misslyckades": [
    "wiktionary"
   ]
  },
  "rayon": {
   "har": [
    "svenska.se",
    "wiktionary"
   ],
   "hamtning_misslyckades": []
  },
  "reaktioner": {
   "har": [
    "synonymer.se",
    "wiktionary"
   ],
   "hamtning_misslyckades": [
    "svenska.se"
   ]
  },
  "reallön": {
   "har": [
    "svenska.se",
    "wiktionary"
   ],
   "hamtning_misslyckades": []
  },
  "recipiend": {
   "har": [
    "svenska.se"
   ],
   "hamtning_misslyckades": []
  },
  "reduktionism": {
   "har": [
    "svenska.se",
    "wiktionary"
   ],
   "hamtning_misslyckades": []
  },
  "regel / rigel": {
   "har": [],
   "hamtning_misslyckades": [
    "synonymer.se"
   ]
  },
  "reifiera": {
   "har": [
    "svenska.se",
    "synonymer.se"
   ],
   "hamtning_misslyckades": [
    "wiktionary"
   ]
  },
  "reinkarnera": {
   "har": [
    "svenska.se",
    "wiktionary"
   ],
   "hamtning_misslyckades": []
  },
  "rekompensera": {
   "har": [
    "svenska.se",
    "synonymer.se"
   ],
   "hamtning_misslyckades": []
  },
  "rektificera": {
   "har": [
    "svenska.se",
    "wiktionary"
   ],
   "hamtning_misslyckades": []
  },
  "rekylera": {
   "har": [
    "svenska.se",
    "synonymer.se"
   ],
   "hamtning_misslyckades": []
  },
  "remis": {
   "har": [
    "svenska.se",
    "wiktionary"
   ],
   "hamtning_misslyckades": []
  },
  "renhårig": {
   "har": [
    "svenska.se",
    "synonymer.se"
   ],
   "hamtning_misslyckades": []
  },
  "rent mjöl i påsen": {
   "har": [],
   "hamtning_misslyckades": []
  },
  "reproteknik": {
   "har": [
    "svenska.se"
   ],
   "hamtning_misslyckades": []
  },
  "reseffekter": {
   "har": [
    "svenska.se",
    "synonymer.se"
   ],
   "hamtning_misslyckades": []
  },
  "residuum": {
   "har": [
    "svenska.se",
    "synonymer.se"
   ],
   "hamtning_misslyckades": []
  },
  "resonant": {
   "har": [
    "svenska.se"
   ],
   "hamtning_misslyckades": []
  },
  "rida barbacka": {
   "har": [
    "synonymer.se"
   ],
   "hamtning_misslyckades": [
    "wiktionary"
   ]
  },
  "rigel": {
   "har": [
    "svenska.se",
    "wiktionary"
   ],
   "hamtning_misslyckades": []
  },
  "rigla": {
   "har": [
    "svenska.se"
   ],
   "hamtning_misslyckades": []
  },
  "riksha (rickshaw)": {
   "har": [],
   "hamtning_misslyckades": []
  },
  "riktmärke": {
   "har": [
    "svenska.se",
    "synonymer.se"
   ],
   "hamtning_misslyckades": []
  },
  "ringrostig": {
   "har": [
    "svenska.se",
    "synonymer.se"
   ],
   "hamtning_misslyckades": []
  },
  "robiola": {
   "har": [],
   "hamtning_misslyckades": [
    "svenska.se"
   ]
  },
  "rockad": {
   "har": [
    "svenska.se",
    "wiktionary"
   ],
   "hamtning_misslyckades": []
  },
  "rosslig": {
   "har": [
    "svenska.se",
    "synonymer.se"
   ],
   "hamtning_misslyckades": [
    "wiktionary"
   ]
  },
  "rossling": {
   "har": [
    "svenska.se",
    "wiktionary"
   ],
   "hamtning_misslyckades": []
  },
  "rugga": {
   "har": [
    "svenska.se",
    "synonymer.se"
   ],
   "hamtning_misslyckades": []
  },
  "rulla hatt": {
   "har": [
    "synonymer.se"
   ],
   "hamtning_misslyckades": []
  },
  "rundfråga": {
   "har": [
    "svenska.se",
    "synonymer.se"
   ],
   "hamtning_misslyckades": []
  },
  "rundgång": {
   "har": [
    "svenska.se",
    "wiktionary"
   ],
   "hamtning_misslyckades": []
  },
  "rustibuss": {
   "har": [
    "svenska.se",
    "synonymer.se"
   ],
   "hamtning_misslyckades": []
  },
  "ryd": {
   "har": [
    "svenska.se",
    "wiktionary"
   ],
   "hamtning_misslyckades": []
  },
  "räcka lång näsa åt": {
   "har": [
    "wiktionary"
   ],
   "hamtning_misslyckades": []
  },
  "räcka lång näsan åt": {
   "har": [],
   "hamtning_misslyckades": [
    "wiktionary"
   ]
  },
  "ränna (ofta omkring)": {
   "har": [],
   "hamtning_misslyckades": []
  },
  "ränna in": {
   "har": [
    "svenska.se"
   ],
   "hamtning_misslyckades": []
  },
  "ränna iväg": {
   "har": [
    "synonymer.se"
   ],
   "hamtning_misslyckades": []
  },
  "rätta mun(nen) efter matsäcken": {
   "har": [],
   "hamtning_misslyckades": []
  },
  "räv bakom örat": {
   "har": [],
   "hamtning_misslyckades": []
  },
  "rådpläga": {
   "har": [
    "svenska.se",
    "synonymer.se"
   ],
   "hamtning_misslyckades": []
  },
  "rådslag": {
   "har": [
    "svenska.se",
    "synonymer.se"
   ],
   "hamtning_misslyckades": [
    "wiktionary"
   ]
  },
  "råk": {
   "har": [
    "svenska.se",
    "synonymer.se"
   ],
   "hamtning_misslyckades": [
    "wiktionary"
   ]
  },
  "råttorna lämnar det sjunkande skeppet": {
   "har": [],
   "hamtning_misslyckades": []
  },
  "röklin": {
   "har": [
    "svenska.se"
   ],
   "hamtning_misslyckades": []
  },
  "rösta med fötterna": {
   "har": [],
   "hamtning_misslyckades": []
  },
  "rött skynke": {
   "har": [],
   "hamtning_misslyckades": []
  },
  "rött öre": {
   "har": [],
   "hamtning_misslyckades": []
  },
  "sakframställning": {
   "har": [
    "svenska.se",
    "wiktionary"
   ],
   "hamtning_misslyckades": []
  },
  "sakfälla": {
   "har": [
    "svenska.se"
   ],
   "hamtning_misslyckades": []
  },
  "sakföra": {
   "har": [
    "svenska.se",
    "synonymer.se"
   ],
   "hamtning_misslyckades": []
  },
  "sakrilegium": {
   "har": [
    "svenska.se",
    "synonymer.se"
   ],
   "hamtning_misslyckades": []
  },
  "salig i åminnelse": {
   "har": [],
   "hamtning_misslyckades": []
  },
  "salutrogen": {
   "har": [],
   "hamtning_misslyckades": [
    "svenska.se",
    "wiktionary"
   ]
  },
  "samarbetsman": {
   "har": [
    "svenska.se",
    "synonymer.se"
   ],
   "hamtning_misslyckades": [
    "wiktionary"
   ]
  },
  "samla i ladorna": {
   "har": [],
   "hamtning_misslyckades": []
  },
  "sampan": {
   "har": [
    "svenska.se"
   ],
   "hamtning_misslyckades": []
  },
  "samt och synnerligen": {
   "har": [
    "synonymer.se"
   ],
   "hamtning_misslyckades": []
  },
  "samtlig": {
   "har": [
    "svenska.se",
    "wiktionary"
   ],
   "hamtning_misslyckades": []
  },
  "samvariation": {
   "har": [
    "svenska.se"
   ],
   "hamtning_misslyckades": []
  },
  "sandrevel": {
   "har": [
    "svenska.se",
    "synonymer.se"
   ],
   "hamtning_misslyckades": []
  },
  "sans facon": {
   "har": [],
   "hamtning_misslyckades": []
  },
  "saprofyt": {
   "har": [
    "svenska.se",
    "wiktionary"
   ],
   "hamtning_misslyckades": []
  },
  "schackel": {
   "har": [
    "svenska.se"
   ],
   "hamtning_misslyckades": []
  },
  "schattera": {
   "har": [
    "svenska.se",
    "synonymer.se"
   ],
   "hamtning_misslyckades": []
  },
  "schellack": {
   "har": [
    "svenska.se",
    "wiktionary"
   ],
   "hamtning_misslyckades": []
  },
  "scherzo": {
   "har": [
    "svenska.se",
    "wiktionary"
   ],
   "hamtning_misslyckades": []
  },
  "scientologi": {
   "har": [
    "svenska.se",
    "wiktionary"
   ],
   "hamtning_misslyckades": []
  },
  "scirocco": {
   "har": [
    "svenska.se",
    "synonymer.se"
   ],
   "hamtning_misslyckades": []
  },
  "se i månen efter något": {
   "har": [],
   "hamtning_misslyckades": []
  },
  "se ut som en fågelholk": {
   "har": [
    "synonymer.se"
   ],
   "hamtning_misslyckades": []
  },
  "se ut som sju svåra år": {
   "har": [],
   "hamtning_misslyckades": []
  },
  "se ut som sålt smör och tappat pengarna": {
   "har": [],
   "hamtning_misslyckades": []
  },
  "sebu": {
   "har": [
    "svenska.se",
    "synonymer.se"
   ],
   "hamtning_misslyckades": [
    "wiktionary"
   ]
  },
  "secondhand": {
   "har": [
    "svenska.se",
    "wiktionary"
   ],
   "hamtning_misslyckades": []
  },
  "sedan/från barnsben": {
   "har": [],
   "hamtning_misslyckades": [
    "synonymer.se"
   ]
  },
  "sedativ": {
   "har": [
    "svenska.se",
    "synonymer.se"
   ],
   "hamtning_misslyckades": []
  },
  "seeda": {
   "har": [
    "svenska.se",
    "synonymer.se"
   ],
   "hamtning_misslyckades": []
  },
  "segna (ihop/ner)": {
   "har": [],
   "hamtning_misslyckades": [
    "synonymer.se"
   ]
  },
  "segregera": {
   "har": [
    "svenska.se",
    "wiktionary"
   ],
   "hamtning_misslyckades": []
  },
  "seismisk": {
   "har": [
    "svenska.se"
   ],
   "hamtning_misslyckades": []
  },
  "sejda": {
   "har": [
    "svenska.se",
    "wiktionary"
   ],
   "hamtning_misslyckades": []
  },
  "sekant": {
   "har": [
    "svenska.se",
    "wiktionary"
   ],
   "hamtning_misslyckades": []
  },
  "semen": {
   "har": [
    "wiktionary"
   ],
   "hamtning_misslyckades": [
    "svenska.se"
   ]
  },
  "septisk": {
   "har": [
    "svenska.se",
    "wiktionary"
   ],
   "hamtning_misslyckades": []
  },
  "serendipitet": {
   "har": [
    "svenska.se",
    "wiktionary"
   ],
   "hamtning_misslyckades": []
  },
  "seriffer": {
   "har": [
    "synonymer.se",
    "wiktionary"
   ],
   "hamtning_misslyckades": [
    "svenska.se"
   ]
  },
  "sessions/session_2026-08-28_v3-batch3.json": {
   "har": [],
   "hamtning_misslyckades": [
    "synonymer.se",
    "wiktionary"
   ]
  },
  "sessions/session_2026-08-29_v3-batch2.json": {
   "har": [],
   "hamtning_misslyckades": [
    "synonymer.se",
    "wiktionary"
   ]
  },
  "sextant": {
   "har": [
    "svenska.se",
    "wiktionary"
   ],
   "hamtning_misslyckades": []
  },
  "sibet": {
   "har": [
    "svenska.se"
   ],
   "hamtning_misslyckades": []
  },
  "sickla": {
   "har": [
    "svenska.se",
    "synonymer.se"
   ],
   "hamtning_misslyckades": []
  },
  "simmig": {
   "har": [
    "svenska.se",
    "synonymer.se"
   ],
   "hamtning_misslyckades": []
  },
  "sinnesrörelse": {
   "har": [
    "svenska.se",
    "synonymer.se"
   ],
   "hamtning_misslyckades": []
  },
  "sinnrik": {
   "har": [
    "svenska.se",
    "synonymer.se"
   ],
   "hamtning_misslyckades": [
    "wiktionary"
   ]
  },
  "sinologi": {
   "har": [
    "svenska.se",
    "wiktionary"
   ],
   "hamtning_misslyckades": []
  },
  "sint": {
   "har": [
    "svenska.se",
    "synonymer.se"
   ],
   "hamtning_misslyckades": []
  },
  "sinter": {
   "har": [
    "svenska.se",
    "synonymer.se"
   ],
   "hamtning_misslyckades": []
  },
  "sirapslen": {
   "har": [
    "svenska.se",
    "synonymer.se"
   ],
   "hamtning_misslyckades": []
  },
  "sitta med skägget i brevlådan": {
   "har": [
    "wiktionary"
   ],
   "hamtning_misslyckades": []
  },
  "sitta på dubbla stolar": {
   "har": [],
   "hamtning_misslyckades": []
  },
  "sitta på höga hästar": {
   "har": [],
   "hamtning_misslyckades": []
  },
  "sittopp": {
   "har": [
    "svenska.se",
    "synonymer.se"
   ],
   "hamtning_misslyckades": []
  },
  "sjapp / schapp": {
   "har": [],
   "hamtning_misslyckades": [
    "synonymer.se"
   ]
  },
  "sju resor värre": {
   "har": [
    "synonymer.se"
   ],
   "hamtning_misslyckades": []
  },
  "själsfrånvarande": {
   "har": [
    "svenska.se",
    "synonymer.se"
   ],
   "hamtning_misslyckades": [
    "wiktionary"
   ]
  },
  "självmål": {
   "har": [
    "svenska.se",
    "wiktionary"
   ],
   "hamtning_misslyckades": []
  },
  "självskriven": {
   "har": [
    "svenska.se",
    "synonymer.se"
   ],
   "hamtning_misslyckades": []
  },
  "självutplåning": {
   "har": [
    "svenska.se"
   ],
   "hamtning_misslyckades": []
  },
  "sjösätta": {
   "har": [
    "svenska.se",
    "wiktionary"
   ],
   "hamtning_misslyckades": []
  },
  "skarsnö": {
   "har": [
    "svenska.se",
    "wiktionary"
   ],
   "hamtning_misslyckades": []
  },
  "skatta sig lycklig": {
   "har": [],
   "hamtning_misslyckades": []
  },
  "skiljedomare": {
   "har": [
    "svenska.se",
    "synonymer.se"
   ],
   "hamtning_misslyckades": []
  },
  "skimmel": {
   "har": [
    "svenska.se",
    "wiktionary"
   ],
   "hamtning_misslyckades": []
  },
  "skimning": {
   "har": [
    "svenska.se"
   ],
   "hamtning_misslyckades": [
    "wiktionary"
   ]
  },
  "skingras som agnar för vinden": {
   "har": [
    "synonymer.se"
   ],
   "hamtning_misslyckades": []
  },
  "skinntorr": {
   "har": [
    "svenska.se",
    "synonymer.se"
   ],
   "hamtning_misslyckades": []
  },
  "skipa rätt(visa)": {
   "har": [],
   "hamtning_misslyckades": []
  },
  "skjuta i sank": {
   "har": [
    "synonymer.se"
   ],
   "hamtning_misslyckades": []
  },
  "skjuta mygg med kanoner": {
   "har": [],
   "hamtning_misslyckades": []
  },
  "skoffa": {
   "har": [
    "svenska.se",
    "synonymer.se"
   ],
   "hamtning_misslyckades": []
  },
  "skolexempel": {
   "har": [
    "svenska.se",
    "synonymer.se"
   ],
   "hamtning_misslyckades": []
  },
  "skolios": {
   "har": [
    "svenska.se"
   ],
   "hamtning_misslyckades": []
  },
  "skrabbig": {
   "har": [
    "svenska.se",
    "synonymer.se"
   ],
   "hamtning_misslyckades": []
  },
  "skrattsalva": {
   "har": [
    "svenska.se",
    "wiktionary"
   ],
   "hamtning_misslyckades": []
  },
  "skrinda": {
   "har": [
    "svenska.se",
    "synonymer.se"
   ],
   "hamtning_misslyckades": [
    "wiktionary"
   ]
  },
  "skriva någon på näsan": {
   "har": [],
   "hamtning_misslyckades": [
    "wiktionary"
   ]
  },
  "skudda stoftet av sina fötter": {
   "har": [
    "synonymer.se"
   ],
   "hamtning_misslyckades": []
  },
  "skvattram": {
   "har": [
    "svenska.se",
    "wiktionary"
   ],
   "hamtning_misslyckades": []
  },
  "skyldra": {
   "har": [
    "svenska.se",
    "synonymer.se"
   ],
   "hamtning_misslyckades": []
  },
  "skäckig": {
   "har": [
    "svenska.se",
    "synonymer.se"
   ],
   "hamtning_misslyckades": []
  },
  "skäktning": {
   "har": [
    "svenska.se",
    "wiktionary"
   ],
   "hamtning_misslyckades": []
  },
  "skära guld med täljkniv": {
   "har": [],
   "hamtning_misslyckades": [
    "wiktionary"
   ]
  },
  "sköra": {
   "har": [
    "svenska.se",
    "wiktionary"
   ],
   "hamtning_misslyckades": []
  },
  "slabbig": {
   "har": [
    "svenska.se",
    "synonymer.se"
   ],
   "hamtning_misslyckades": []
  },
  "sladdbarn": {
   "har": [
    "svenska.se",
    "wiktionary"
   ],
   "hamtning_misslyckades": []
  },
  "slag i luften": {
   "har": [
    "synonymer.se"
   ],
   "hamtning_misslyckades": []
  },
  "slagdänga": {
   "har": [
    "svenska.se",
    "synonymer.se"
   ],
   "hamtning_misslyckades": []
  },
  "slagruta": {
   "har": [
    "svenska.se",
    "wiktionary"
   ],
   "hamtning_misslyckades": []
  },
  "slamma": {
   "har": [
    "svenska.se"
   ],
   "hamtning_misslyckades": []
  },
  "slatt": {
   "har": [
    "svenska.se",
    "synonymer.se"
   ],
   "hamtning_misslyckades": []
  },
  "slejf": {
   "har": [
    "svenska.se",
    "synonymer.se"
   ],
   "hamtning_misslyckades": [
    "wiktionary"
   ]
  },
  "slibbig": {
   "har": [
    "svenska.se",
    "synonymer.se"
   ],
   "hamtning_misslyckades": [
    "wiktionary"
   ]
  },
  "slingerbult": {
   "har": [
    "svenska.se",
    "synonymer.se"
   ],
   "hamtning_misslyckades": []
  },
  "slokörad": {
   "har": [
    "svenska.se",
    "synonymer.se"
   ],
   "hamtning_misslyckades": []
  },
  "slänga pärlor för svin": {
   "har": [],
   "hamtning_misslyckades": []
  },
  "slå blå dunster (i ögonen på)": {
   "har": [],
   "hamtning_misslyckades": []
  },
  "slå en parabel": {
   "har": [
    "synonymer.se"
   ],
   "hamtning_misslyckades": []
  },
  "slå knut på sig själv": {
   "har": [],
   "hamtning_misslyckades": []
  },
  "slå mynt av": {
   "har": [
    "synonymer.se"
   ],
   "hamtning_misslyckades": []
  },
  "slå på (stora) trumman (för ngn/ngt)": {
   "har": [],
   "hamtning_misslyckades": [
    "synonymer.se"
   ]
  },
  "slå sig i slang med": {
   "har": [
    "synonymer.se"
   ],
   "hamtning_misslyckades": []
  },
  "slå sina lovar kring": {
   "har": [
    "synonymer.se"
   ],
   "hamtning_misslyckades": [
    "wiktionary"
   ]
  },
  "slå slint": {
   "har": [
    "synonymer.se"
   ],
   "hamtning_misslyckades": [
    "wiktionary"
   ]
  },
  "slåss mot väderkvarnar": {
   "har": [],
   "hamtning_misslyckades": []
  },
  "smäkta": {
   "har": [
    "svenska.se",
    "wiktionary"
   ],
   "hamtning_misslyckades": []
  },
  "småsinnad": {
   "har": [
    "svenska.se",
    "wiktionary"
   ],
   "hamtning_misslyckades": []
  },
  "småskola": {
   "har": [
    "svenska.se",
    "wiktionary"
   ],
   "hamtning_misslyckades": []
  },
  "småskrake": {
   "har": [
    "svenska.se",
    "wiktionary"
   ],
   "hamtning_misslyckades": []
  },
  "smörkärna": {
   "har": [
    "svenska.se",
    "wiktionary"
   ],
   "hamtning_misslyckades": []
  },
  "snacksalig": {
   "har": [
    "svenska.se",
    "synonymer.se"
   ],
   "hamtning_misslyckades": []
  },
  "snappa (upp/åt)": {
   "har": [],
   "hamtning_misslyckades": [
    "synonymer.se"
   ]
  },
  "snarligen": {
   "har": [
    "svenska.se",
    "synonymer.se"
   ],
   "hamtning_misslyckades": [
    "wiktionary"
   ]
  },
  "snaskig": {
   "har": [
    "svenska.se",
    "synonymer.se"
   ],
   "hamtning_misslyckades": [
    "wiktionary"
   ]
  },
  "snittyta": {
   "har": [
    "svenska.se",
    "synonymer.se"
   ],
   "hamtning_misslyckades": []
  },
  "snuggig": {
   "har": [],
   "hamtning_misslyckades": []
  },
  "snusmumrik": {
   "har": [
    "svenska.se",
    "synonymer.se"
   ],
   "hamtning_misslyckades": []
  },
  "snuthäck": {
   "har": [
    "svenska.se",
    "synonymer.se"
   ],
   "hamtning_misslyckades": []
  },
  "snöa in på": {
   "har": [],
   "hamtning_misslyckades": []
  },
  "snöby": {
   "har": [
    "svenska.se",
    "wiktionary"
   ],
   "hamtning_misslyckades": []
  },
  "snörliv": {
   "har": [
    "svenska.se",
    "synonymer.se"
   ],
   "hamtning_misslyckades": []
  },
  "snörpig": {
   "har": [
    "svenska.se",
    "synonymer.se"
   ],
   "hamtning_misslyckades": []
  },
  "sobriquet": {
   "har": [
    "synonymer.se",
    "wiktionary"
   ],
   "hamtning_misslyckades": [
    "svenska.se"
   ]
  },
  "socionom": {
   "har": [
    "svenska.se",
    "wiktionary"
   ],
   "hamtning_misslyckades": []
  },
  "sofflock": {
   "har": [
    "svenska.se",
    "synonymer.se"
   ],
   "hamtning_misslyckades": []
  },
  "solk": {
   "har": [
    "svenska.se",
    "synonymer.se"
   ],
   "hamtning_misslyckades": []
  },
  "som att hälla vatten på en gås": {
   "har": [],
   "hamtning_misslyckades": []
  },
  "som en hönsgård": {
   "har": [],
   "hamtning_misslyckades": []
  },
  "som en löpeld": {
   "har": [],
   "hamtning_misslyckades": []
  },
  "som en osalig ande": {
   "har": [],
   "hamtning_misslyckades": []
  },
  "som en skottspole": {
   "har": [
    "synonymer.se"
   ],
   "hamtning_misslyckades": []
  },
  "som en åsna mellan två hötappar": {
   "har": [],
   "hamtning_misslyckades": [
    "wiktionary"
   ]
  },
  "som ett torrt skinn": {
   "har": [],
   "hamtning_misslyckades": [
    "wiktionary"
   ]
  },
  "som fan läser bibeln": {
   "har": [
    "wiktionary"
   ],
   "hamtning_misslyckades": []
  },
  "som hastigast": {
   "har": [
    "synonymer.se"
   ],
   "hamtning_misslyckades": []
  },
  "som ler och långhalm": {
   "har": [],
   "hamtning_misslyckades": []
  },
  "sonat": {
   "har": [
    "svenska.se",
    "wiktionary"
   ],
   "hamtning_misslyckades": []
  },
  "sopa rent framför sin dörr": {
   "har": [],
   "hamtning_misslyckades": []
  },
  "sova räv": {
   "har": [],
   "hamtning_misslyckades": []
  },
  "sparra": {
   "har": [
    "svenska.se"
   ],
   "hamtning_misslyckades": []
  },
  "sparv i tranedansen": {
   "har": [],
   "hamtning_misslyckades": []
  },
  "spatel": {
   "har": [
    "svenska.se",
    "synonymer.se"
   ],
   "hamtning_misslyckades": [
    "wiktionary"
   ]
  },
  "spatial": {
   "har": [
    "svenska.se",
    "wiktionary"
   ],
   "hamtning_misslyckades": []
  },
  "spattig": {
   "har": [
    "svenska.se",
    "synonymer.se"
   ],
   "hamtning_misslyckades": []
  },
  "spediera": {
   "har": [
    "svenska.se",
    "synonymer.se"
   ],
   "hamtning_misslyckades": []
  },
  "spel för galleriet": {
   "har": [],
   "hamtning_misslyckades": []
  },
  "spina": {
   "har": [
    "svenska.se",
    "synonymer.se"
   ],
   "hamtning_misslyckades": []
  },
  "spinal": {
   "har": [
    "svenska.se",
    "wiktionary"
   ],
   "hamtning_misslyckades": []
  },
  "spirea": {
   "har": [
    "svenska.se"
   ],
   "hamtning_misslyckades": []
  },
  "splendid": {
   "har": [
    "svenska.se",
    "wiktionary"
   ],
   "hamtning_misslyckades": []
  },
  "spont": {
   "har": [
    "svenska.se",
    "wiktionary"
   ],
   "hamtning_misslyckades": []
  },
  "sponta": {
   "har": [
    "svenska.se",
    "wiktionary"
   ],
   "hamtning_misslyckades": []
  },
  "spräcklig": {
   "har": [
    "svenska.se",
    "synonymer.se"
   ],
   "hamtning_misslyckades": []
  },
  "språkvård": {
   "har": [
    "svenska.se"
   ],
   "hamtning_misslyckades": []
  },
  "spänta": {
   "har": [
    "svenska.se",
    "synonymer.se"
   ],
   "hamtning_misslyckades": []
  },
  "stabsläge": {
   "har": [
    "svenska.se",
    "wiktionary"
   ],
   "hamtning_misslyckades": []
  },
  "stackato": {
   "har": [
    "svenska.se",
    "synonymer.se"
   ],
   "hamtning_misslyckades": []
  },
  "stackstod": {
   "har": [
    "svenska.se"
   ],
   "hamtning_misslyckades": []
  },
  "statur": {
   "har": [
    "svenska.se",
    "synonymer.se"
   ],
   "hamtning_misslyckades": [
    "wiktionary"
   ]
  },
  "stenisk": {
   "har": [
    "svenska.se"
   ],
   "hamtning_misslyckades": [
    "wiktionary"
   ]
  },
  "stetoskop": {
   "har": [
    "svenska.se",
    "wiktionary"
   ],
   "hamtning_misslyckades": []
  },
  "sticka av mot": {
   "har": [],
   "hamtning_misslyckades": []
  },
  "stickel": {
   "har": [
    "svenska.se"
   ],
   "hamtning_misslyckades": []
  },
  "stigbygel": {
   "har": [
    "svenska.se",
    "wiktionary"
   ],
   "hamtning_misslyckades": []
  },
  "stigmatisera": {
   "har": [
    "svenska.se",
    "wiktionary"
   ],
   "hamtning_misslyckades": []
  },
  "stilton": {
   "har": [
    "svenska.se",
    "wiktionary"
   ],
   "hamtning_misslyckades": []
  },
  "stomi": {
   "har": [
    "svenska.se"
   ],
   "hamtning_misslyckades": []
  },
  "stoppa huvudet under armen": {
   "har": [],
   "hamtning_misslyckades": []
  },
  "stoppa i malpåse": {
   "har": [],
   "hamtning_misslyckades": []
  },
  "stor lyhördhet": {
   "har": [
    "synonymer.se"
   ],
   "hamtning_misslyckades": []
  },
  "stramalj": {
   "har": [
    "svenska.se",
    "wiktionary"
   ],
   "hamtning_misslyckades": []
  },
  "strangulera": {
   "har": [
    "svenska.se",
    "synonymer.se"
   ],
   "hamtning_misslyckades": []
  },
  "strass": {
   "har": [
    "svenska.se",
    "wiktionary"
   ],
   "hamtning_misslyckades": []
  },
  "stratifiera": {
   "har": [
    "svenska.se",
    "wiktionary"
   ],
   "hamtning_misslyckades": []
  },
  "stratigrafi": {
   "har": [
    "svenska.se",
    "wiktionary"
   ],
   "hamtning_misslyckades": []
  },
  "strigla": {
   "har": [
    "svenska.se",
    "synonymer.se"
   ],
   "hamtning_misslyckades": [
    "wiktionary"
   ]
  },
  "stripig": {
   "har": [
    "svenska.se",
    "synonymer.se"
   ],
   "hamtning_misslyckades": [
    "wiktionary"
   ]
  },
  "strossa": {
   "har": [
    "svenska.se"
   ],
   "hamtning_misslyckades": []
  },
  "struntförnäm": {
   "har": [
    "svenska.se",
    "synonymer.se"
   ],
   "hamtning_misslyckades": []
  },
  "struva": {
   "har": [
    "svenska.se",
    "wiktionary"
   ],
   "hamtning_misslyckades": []
  },
  "stundligen": {
   "har": [
    "svenska.se",
    "synonymer.se"
   ],
   "hamtning_misslyckades": []
  },
  "stylit": {
   "har": [
    "svenska.se",
    "synonymer.se"
   ],
   "hamtning_misslyckades": []
  },
  "stämma i bäcken": {
   "har": [
    "wiktionary"
   ],
   "hamtning_misslyckades": []
  },
  "stå där med sin tvättade hals": {
   "har": [],
   "hamtning_misslyckades": [
    "wiktionary"
   ]
  },
  "stå med mössan i hand": {
   "har": [],
   "hamtning_misslyckades": [
    "wiktionary"
   ]
  },
  "stå på barrikaderna": {
   "har": [],
   "hamtning_misslyckades": []
  },
  "stå sig slätt": {
   "har": [
    "wiktionary"
   ],
   "hamtning_misslyckades": []
  },
  "stå/ställas inför skranket": {
   "har": [],
   "hamtning_misslyckades": [
    "synonymer.se"
   ]
  },
  "stötvis": {
   "har": [
    "svenska.se",
    "synonymer.se"
   ],
   "hamtning_misslyckades": []
  },
  "sublimera": {
   "har": [
    "svenska.se",
    "synonymer.se"
   ],
   "hamtning_misslyckades": []
  },
  "subliminal": {
   "har": [
    "svenska.se"
   ],
   "hamtning_misslyckades": []
  },
  "sufflör": {
   "har": [
    "svenska.se",
    "wiktionary"
   ],
   "hamtning_misslyckades": []
  },
  "supersonisk": {
   "har": [
    "svenska.se"
   ],
   "hamtning_misslyckades": [
    "wiktionary"
   ]
  },
  "supination": {
   "har": [
    "svenska.se",
    "wiktionary"
   ],
   "hamtning_misslyckades": []
  },
  "surra (fast)": {
   "har": [],
   "hamtning_misslyckades": []
  },
  "surt, sa räven om rönnbären": {
   "har": [
    "wiktionary"
   ],
   "hamtning_misslyckades": []
  },
  "svansa": {
   "har": [
    "svenska.se",
    "synonymer.se"
   ],
   "hamtning_misslyckades": []
  },
  "svängtapp": {
   "har": [
    "svenska.se",
    "synonymer.se"
   ],
   "hamtning_misslyckades": []
  },
  "svärma för något": {
   "har": [],
   "hamtning_misslyckades": [
    "wiktionary"
   ]
  },
  "sväva som på moln": {
   "har": [],
   "hamtning_misslyckades": [
    "wiktionary"
   ]
  },
  "svågerpolitik": {
   "har": [
    "svenska.se",
    "synonymer.se"
   ],
   "hamtning_misslyckades": []
  },
  "swedenborgianism": {
   "har": [
    "svenska.se",
    "wiktionary"
   ],
   "hamtning_misslyckades": []
  },
  "sylf": {
   "har": [
    "svenska.se",
    "wiktionary"
   ],
   "hamtning_misslyckades": []
  },
  "synaps": {
   "har": [
    "svenska.se",
    "wiktionary"
   ],
   "hamtning_misslyckades": []
  },
  "syndafall": {
   "har": [
    "svenska.se",
    "wiktionary"
   ],
   "hamtning_misslyckades": []
  },
  "synkop": {
   "har": [
    "svenska.se",
    "wiktionary"
   ],
   "hamtning_misslyckades": []
  },
  "sälla sig till": {
   "har": [
    "synonymer.se"
   ],
   "hamtning_misslyckades": []
  },
  "säter": {
   "har": [
    "svenska.se",
    "synonymer.se"
   ],
   "hamtning_misslyckades": [
    "wiktionary"
   ]
  },
  "sätesbjudning": {
   "har": [
    "svenska.se"
   ],
   "hamtning_misslyckades": [
    "wiktionary"
   ]
  },
  "sätta någon på pottkanten": {
   "har": [],
   "hamtning_misslyckades": []
  },
  "sätta sitt ljus under skäppan": {
   "har": [
    "wiktionary"
   ],
   "hamtning_misslyckades": []
  },
  "så split": {
   "har": [],
   "hamtning_misslyckades": []
  },
  "såta vänner": {
   "har": [
    "synonymer.se"
   ],
   "hamtning_misslyckades": []
  },
  "sömsmån": {
   "har": [
    "svenska.se"
   ],
   "hamtning_misslyckades": []
  },
  "söndervärkt": {
   "har": [
    "svenska.se",
    "synonymer.se"
   ],
   "hamtning_misslyckades": []
  },
  "sörja för": {
   "har": [
    "synonymer.se"
   ],
   "hamtning_misslyckades": []
  },
  "ta anstöt": {
   "har": [
    "synonymer.se"
   ],
   "hamtning_misslyckades": []
  },
  "ta det långa benet före": {
   "har": [],
   "hamtning_misslyckades": []
  },
  "ta en ände med förskräckelse": {
   "har": [],
   "hamtning_misslyckades": [
    "wiktionary"
   ]
  },
  "ta i anspråk": {
   "har": [
    "synonymer.se"
   ],
   "hamtning_misslyckades": [
    "wiktionary"
   ]
  },
  "ta i betraktande": {
   "har": [
    "synonymer.se"
   ],
   "hamtning_misslyckades": []
  },
  "ta notis": {
   "har": [
    "synonymer.se"
   ],
   "hamtning_misslyckades": []
  },
  "ta någon på orden": {
   "har": [
    "wiktionary"
   ],
   "hamtning_misslyckades": []
  },
  "ta någon till nåder": {
   "har": [],
   "hamtning_misslyckades": []
  },
  "ta reson": {
   "har": [
    "synonymer.se"
   ],
   "hamtning_misslyckades": []
  },
  "ta sig i akt": {
   "har": [
    "synonymer.se"
   ],
   "hamtning_misslyckades": []
  },
  "ta sig orådet före att": {
   "har": [],
   "hamtning_misslyckades": []
  },
  "ta sin mats ur skolan": {
   "har": [],
   "hamtning_misslyckades": []
  },
  "ta/plocka ner skylten": {
   "har": [],
   "hamtning_misslyckades": [
    "synonymer.se"
   ]
  },
  "tabulatur": {
   "har": [
    "svenska.se",
    "wiktionary"
   ],
   "hamtning_misslyckades": []
  },
  "tajga": {
   "har": [
    "svenska.se",
    "wiktionary"
   ],
   "hamtning_misslyckades": []
  },
  "tala i tungor": {
   "har": [],
   "hamtning_misslyckades": []
  },
  "talträngd": {
   "har": [
    "svenska.se",
    "synonymer.se"
   ],
   "hamtning_misslyckades": []
  },
  "tanda": {
   "har": [
    "svenska.se",
    "wiktionary"
   ],
   "hamtning_misslyckades": []
  },
  "tantaluskval": {
   "har": [
    "svenska.se",
    "synonymer.se"
   ],
   "hamtning_misslyckades": []
  },
  "tappa koncepterna": {
   "har": [
    "synonymer.se"
   ],
   "hamtning_misslyckades": []
  },
  "tappning": {
   "har": [
    "svenska.se",
    "synonymer.se"
   ],
   "hamtning_misslyckades": [
    "wiktionary"
   ]
  },
  "tarot": {
   "har": [
    "svenska.se"
   ],
   "hamtning_misslyckades": [
    "wiktionary"
   ]
  },
  "teach-in": {
   "har": [
    "svenska.se"
   ],
   "hamtning_misslyckades": []
  },
  "teak": {
   "har": [
    "svenska.se",
    "wiktionary"
   ],
   "hamtning_misslyckades": []
  },
  "teflon": {
   "har": [
    "svenska.se",
    "wiktionary"
   ],
   "hamtning_misslyckades": []
  },
  "tekoindustri": {
   "har": [
    "svenska.se",
    "wiktionary"
   ],
   "hamtning_misslyckades": []
  },
  "teodicé": {
   "har": [
    "svenska.se",
    "wiktionary"
   ],
   "hamtning_misslyckades": []
  },
  "termisk": {
   "har": [
    "svenska.se",
    "wiktionary"
   ],
   "hamtning_misslyckades": []
  },
  "termodynamik": {
   "har": [
    "svenska.se",
    "wiktionary"
   ],
   "hamtning_misslyckades": []
  },
  "termostat": {
   "har": [
    "svenska.se",
    "wiktionary"
   ],
   "hamtning_misslyckades": []
  },
  "terrarium": {
   "har": [
    "svenska.se",
    "wiktionary"
   ],
   "hamtning_misslyckades": []
  },
  "tertial": {
   "har": [
    "svenska.se"
   ],
   "hamtning_misslyckades": []
  },
  "tespiskärra": {
   "har": [],
   "hamtning_misslyckades": [
    "svenska.se"
   ]
  },
  "tete-a-tete": {
   "har": [],
   "hamtning_misslyckades": [
    "svenska.se"
   ]
  },
  "tibia": {
   "har": [
    "svenska.se",
    "wiktionary"
   ],
   "hamtning_misslyckades": []
  },
  "tic": {
   "har": [
    "svenska.se",
    "synonymer.se"
   ],
   "hamtning_misslyckades": []
  },
  "tidsstudier": {
   "har": [
    "svenska.se",
    "synonymer.se"
   ],
   "hamtning_misslyckades": []
  },
  "tigrerad": {
   "har": [
    "svenska.se",
    "synonymer.se"
   ],
   "hamtning_misslyckades": []
  },
  "tilde": {
   "har": [
    "svenska.se",
    "wiktionary"
   ],
   "hamtning_misslyckades": []
  },
  "till fromma för": {
   "har": [],
   "hamtning_misslyckades": [
    "wiktionary"
   ]
  },
  "till påseende": {
   "har": [],
   "hamtning_misslyckades": []
  },
  "tillbakabildad": {
   "har": [
    "svenska.se",
    "synonymer.se"
   ],
   "hamtning_misslyckades": []
  },
  "tilldraga sig": {
   "har": [
    "synonymer.se"
   ],
   "hamtning_misslyckades": []
  },
  "tillförordnad": {
   "har": [
    "svenska.se",
    "synonymer.se"
   ],
   "hamtning_misslyckades": []
  },
  "tillge /tillgiva": {
   "har": [],
   "hamtning_misslyckades": [
    "synonymer.se"
   ]
  },
  "tillhands": {
   "har": [
    "svenska.se",
    "synonymer.se"
   ],
   "hamtning_misslyckades": []
  },
  "tillkommelse": {
   "har": [
    "svenska.se",
    "synonymer.se"
   ],
   "hamtning_misslyckades": []
  },
  "tillkämpad": {
   "har": [
    "svenska.se",
    "synonymer.se"
   ],
   "hamtning_misslyckades": []
  },
  "tillspetsa": {
   "har": [
    "svenska.se",
    "synonymer.se"
   ],
   "hamtning_misslyckades": [
    "wiktionary"
   ]
  },
  "tillstöta": {
   "har": [
    "svenska.se",
    "synonymer.se"
   ],
   "hamtning_misslyckades": [
    "wiktionary"
   ]
  },
  "titrering": {
   "har": [
    "svenska.se"
   ],
   "hamtning_misslyckades": []
  },
  "titta för djupt i glaset": {
   "har": [
    "synonymer.se"
   ],
   "hamtning_misslyckades": []
  },
  "titta i månen efter något": {
   "har": [],
   "hamtning_misslyckades": []
  },
  "titta/se i månen efter något": {
   "har": [],
   "hamtning_misslyckades": [
    "synonymer.se"
   ]
  },
  "tjimma": {
   "har": [
    "svenska.se",
    "synonymer.se"
   ],
   "hamtning_misslyckades": []
  },
  "tjänlig": {
   "har": [
    "svenska.se",
    "synonymer.se"
   ],
   "hamtning_misslyckades": [
    "wiktionary"
   ]
  },
  "tolkningsföreträde": {
   "har": [
    "svenska.se",
    "wiktionary"
   ],
   "hamtning_misslyckades": []
  },
  "tonus": {
   "har": [
    "svenska.se",
    "wiktionary"
   ],
   "hamtning_misslyckades": []
  },
  "totaliter": {
   "har": [
    "svenska.se",
    "wiktionary"
   ],
   "hamtning_misslyckades": []
  },
  "totem": {
   "har": [
    "svenska.se",
    "synonymer.se"
   ],
   "hamtning_misslyckades": []
  },
  "trakom": {
   "har": [
    "svenska.se"
   ],
   "hamtning_misslyckades": []
  },
  "trakta efter": {
   "har": [
    "synonymer.se"
   ],
   "hamtning_misslyckades": []
  },
  "traké": {
   "har": [
    "svenska.se",
    "wiktionary"
   ],
   "hamtning_misslyckades": []
  },
  "transparant": {
   "har": [
    "svenska.se",
    "wiktionary"
   ],
   "hamtning_misslyckades": []
  },
  "trassera": {
   "har": [
    "svenska.se",
    "wiktionary"
   ],
   "hamtning_misslyckades": []
  },
  "trema": {
   "har": [
    "svenska.se",
    "wiktionary"
   ],
   "hamtning_misslyckades": []
  },
  "triage": {
   "har": [
    "svenska.se",
    "wiktionary"
   ],
   "hamtning_misslyckades": []
  },
  "trikin": {
   "har": [
    "svenska.se",
    "wiktionary"
   ],
   "hamtning_misslyckades": []
  },
  "trindsäd": {
   "har": [
    "svenska.se"
   ],
   "hamtning_misslyckades": []
  },
  "troké": {
   "har": [
    "svenska.se",
    "wiktionary"
   ],
   "hamtning_misslyckades": []
  },
  "trolla med knäna": {
   "har": [
    "wiktionary"
   ],
   "hamtning_misslyckades": []
  },
  "trombocyter": {
   "har": [
    "wiktionary"
   ],
   "hamtning_misslyckades": [
    "svenska.se"
   ]
  },
  "trossats": {
   "har": [
    "svenska.se",
    "synonymer.se"
   ],
   "hamtning_misslyckades": []
  },
  "trosviss": {
   "har": [
    "svenska.se",
    "synonymer.se"
   ],
   "hamtning_misslyckades": []
  },
  "trulsa": {
   "har": [
    "svenska.se"
   ],
   "hamtning_misslyckades": []
  },
  "tryffel": {
   "har": [
    "svenska.se",
    "wiktionary"
   ],
   "hamtning_misslyckades": []
  },
  "trymå": {
   "har": [
    "svenska.se",
    "wiktionary"
   ],
   "hamtning_misslyckades": []
  },
  "träaktig": {
   "har": [
    "svenska.se",
    "synonymer.se"
   ],
   "hamtning_misslyckades": []
  },
  "tråkning": {
   "har": [
    "svenska.se",
    "synonymer.se"
   ],
   "hamtning_misslyckades": []
  },
  "tufsa (till)": {
   "har": [],
   "hamtning_misslyckades": [
    "wiktionary"
   ]
  },
  "tuktig": {
   "har": [
    "svenska.se",
    "synonymer.se"
   ],
   "hamtning_misslyckades": [
    "wiktionary"
   ]
  },
  "tummen i ögat": {
   "har": [],
   "hamtning_misslyckades": []
  },
  "turbin": {
   "har": [
    "svenska.se",
    "wiktionary"
   ],
   "hamtning_misslyckades": []
  },
  "turturduva": {
   "har": [
    "svenska.se",
    "wiktionary"
   ],
   "hamtning_misslyckades": []
  },
  "tvesovla": {
   "har": [
    "svenska.se"
   ],
   "hamtning_misslyckades": []
  },
  "tvista om påvens skägg": {
   "har": [
    "synonymer.se"
   ],
   "hamtning_misslyckades": []
  },
  "två / tvaga": {
   "har": [],
   "hamtning_misslyckades": [
    "synonymer.se"
   ]
  },
  "ty sig till": {
   "har": [
    "synonymer.se"
   ],
   "hamtning_misslyckades": []
  },
  "tyg-": {
   "har": [
    "svenska.se"
   ],
   "hamtning_misslyckades": []
  },
  "typfall": {
   "har": [
    "svenska.se",
    "synonymer.se"
   ],
   "hamtning_misslyckades": []
  },
  "typifiera": {
   "har": [
    "svenska.se",
    "synonymer.se"
   ],
   "hamtning_misslyckades": []
  },
  "täkt": {
   "har": [
    "svenska.se",
    "synonymer.se"
   ],
   "hamtning_misslyckades": [
    "wiktionary"
   ]
  },
  "tåpig": {
   "har": [
    "svenska.se"
   ],
   "hamtning_misslyckades": []
  },
  "töcknig": {
   "har": [
    "svenska.se",
    "synonymer.se"
   ],
   "hamtning_misslyckades": []
  },
  "töra": {
   "har": [
    "svenska.se"
   ],
   "hamtning_misslyckades": []
  },
  "törna (emot/ihop)": {
   "har": [],
   "hamtning_misslyckades": [
    "synonymer.se"
   ]
  },
  "ulcerös": {
   "har": [
    "svenska.se",
    "synonymer.se"
   ],
   "hamtning_misslyckades": []
  },
  "umbra": {
   "har": [
    "svenska.se",
    "wiktionary"
   ],
   "hamtning_misslyckades": []
  },
  "underkyld": {
   "har": [
    "svenska.se",
    "wiktionary"
   ],
   "hamtning_misslyckades": []
  },
  "undulera": {
   "har": [
    "svenska.se"
   ],
   "hamtning_misslyckades": [
    "wiktionary"
   ]
  },
  "unikat": {
   "har": [
    "svenska.se",
    "wiktionary"
   ],
   "hamtning_misslyckades": []
  },
  "unilateral": {
   "har": [
    "svenska.se",
    "wiktionary"
   ],
   "hamtning_misslyckades": []
  },
  "uppbjuda": {
   "har": [
    "svenska.se",
    "synonymer.se"
   ],
   "hamtning_misslyckades": []
  },
  "uppbrusande": {
   "har": [
    "svenska.se",
    "synonymer.se"
   ],
   "hamtning_misslyckades": []
  },
  "uppdämt": {
   "har": [
    "synonymer.se",
    "wiktionary"
   ],
   "hamtning_misslyckades": [
    "svenska.se"
   ]
  },
  "uppknäppt": {
   "har": [
    "svenska.se",
    "synonymer.se"
   ],
   "hamtning_misslyckades": []
  },
  "uppnäst": {
   "har": [
    "svenska.se"
   ],
   "hamtning_misslyckades": []
  },
  "uppträde": {
   "har": [
    "svenska.se",
    "synonymer.se"
   ],
   "hamtning_misslyckades": [
    "wiktionary"
   ]
  },
  "urbanisering": {
   "har": [
    "svenska.se",
    "wiktionary"
   ],
   "hamtning_misslyckades": []
  },
  "urringad": {
   "har": [
    "svenska.se",
    "synonymer.se"
   ],
   "hamtning_misslyckades": []
  },
  "usuell": {
   "har": [
    "svenska.se",
    "wiktionary"
   ],
   "hamtning_misslyckades": []
  },
  "usurpator": {
   "har": [
    "svenska.se",
    "wiktionary"
   ],
   "hamtning_misslyckades": []
  },
  "utan krus": {
   "har": [
    "synonymer.se"
   ],
   "hamtning_misslyckades": []
  },
  "utan omsvep": {
   "har": [
    "synonymer.se"
   ],
   "hamtning_misslyckades": []
  },
  "utan prut": {
   "har": [
    "synonymer.se"
   ],
   "hamtning_misslyckades": []
  },
  "utdikning": {
   "har": [
    "svenska.se",
    "wiktionary"
   ],
   "hamtning_misslyckades": []
  },
  "utgjuta sitt hjärta": {
   "har": [
    "synonymer.se"
   ],
   "hamtning_misslyckades": [
    "wiktionary"
   ]
  },
  "utgjutning": {
   "har": [
    "svenska.se",
    "synonymer.se"
   ],
   "hamtning_misslyckades": [
    "wiktionary"
   ]
  },
  "utgrunda": {
   "har": [
    "svenska.se",
    "synonymer.se"
   ],
   "hamtning_misslyckades": []
  },
  "utkvittera": {
   "har": [
    "svenska.se"
   ],
   "hamtning_misslyckades": []
  },
  "utled": {
   "har": [
    "svenska.se",
    "synonymer.se"
   ],
   "hamtning_misslyckades": []
  },
  "utlåta": {
   "har": [
    "svenska.se",
    "synonymer.se"
   ],
   "hamtning_misslyckades": []
  },
  "utmejsla": {
   "har": [
    "svenska.se",
    "synonymer.se"
   ],
   "hamtning_misslyckades": []
  },
  "utrensa": {
   "har": [
    "svenska.se",
    "synonymer.se"
   ],
   "hamtning_misslyckades": []
  },
  "utschasad": {
   "har": [
    "svenska.se",
    "synonymer.se"
   ],
   "hamtning_misslyckades": []
  },
  "utsiktslöst": {
   "har": [
    "svenska.se",
    "synonymer.se"
   ],
   "hamtning_misslyckades": []
  },
  "utslagsgivande": {
   "har": [
    "svenska.se",
    "synonymer.se"
   ],
   "hamtning_misslyckades": [
    "wiktionary"
   ]
  },
  "utspekulerad": {
   "har": [
    "svenska.se",
    "synonymer.se"
   ],
   "hamtning_misslyckades": [
    "wiktionary"
   ]
  },
  "vadmal": {
   "har": [
    "svenska.se",
    "wiktionary"
   ],
   "hamtning_misslyckades": []
  },
  "vaktel": {
   "har": [
    "svenska.se",
    "wiktionary"
   ],
   "hamtning_misslyckades": []
  },
  "valeriana": {
   "har": [
    "svenska.se",
    "wiktionary"
   ],
   "hamtning_misslyckades": []
  },
  "vanlottad": {
   "har": [
    "svenska.se",
    "synonymer.se"
   ],
   "hamtning_misslyckades": []
  },
  "vantrogen": {
   "har": [
    "svenska.se",
    "synonymer.se"
   ],
   "hamtning_misslyckades": []
  },
  "vara (p)å färde": {
   "har": [],
   "hamtning_misslyckades": [
    "wiktionary"
   ]
  },
  "vara av börd": {
   "har": [],
   "hamtning_misslyckades": [
    "wiktionary"
   ]
  },
  "vara begiven på": {
   "har": [],
   "hamtning_misslyckades": []
  },
  "vara främmande för": {
   "har": [],
   "hamtning_misslyckades": []
  },
  "vara i delo med": {
   "har": [],
   "hamtning_misslyckades": []
  },
  "vara i faggorna": {
   "har": [
    "synonymer.se"
   ],
   "hamtning_misslyckades": []
  },
  "vara i krokarna": {
   "har": [],
   "hamtning_misslyckades": []
  },
  "vara i olag": {
   "har": [],
   "hamtning_misslyckades": []
  },
  "vara i ropet": {
   "har": [],
   "hamtning_misslyckades": []
  },
  "vara i svang": {
   "har": [
    "synonymer.se"
   ],
   "hamtning_misslyckades": []
  },
  "vara i välsignat tillstånd": {
   "har": [],
   "hamtning_misslyckades": []
  },
  "vara ifrån sig": {
   "har": [
    "synonymer.se"
   ],
   "hamtning_misslyckades": []
  },
  "vara införstådd med": {
   "har": [
    "synonymer.se"
   ],
   "hamtning_misslyckades": [
    "wiktionary"
   ]
  },
  "vara karl för sin hatt": {
   "har": [],
   "hamtning_misslyckades": [
    "wiktionary"
   ]
  },
  "vara läns på": {
   "har": [],
   "hamtning_misslyckades": []
  },
  "vara ngn förbunden": {
   "har": [],
   "hamtning_misslyckades": []
  },
  "vara på fallrepet": {
   "har": [
    "synonymer.se"
   ],
   "hamtning_misslyckades": []
  },
  "vara på kanelen": {
   "har": [],
   "hamtning_misslyckades": []
  },
  "vara på upphällningen": {
   "har": [
    "synonymer.se"
   ],
   "hamtning_misslyckades": []
  },
  "vara på vippen": {
   "har": [
    "synonymer.se"
   ],
   "hamtning_misslyckades": []
  },
  "vara renons": {
   "har": [],
   "hamtning_misslyckades": []
  },
  "vara som förgjort": {
   "har": [],
   "hamtning_misslyckades": []
  },
  "vara styv i": {
   "har": [],
   "hamtning_misslyckades": []
  },
  "vara till lags": {
   "har": [
    "synonymer.se"
   ],
   "hamtning_misslyckades": []
  },
  "vara under uppsegling": {
   "har": [
    "synonymer.se"
   ],
   "hamtning_misslyckades": [
    "wiktionary"
   ]
  },
  "vara ur slag": {
   "har": [],
   "hamtning_misslyckades": [
    "wiktionary"
   ]
  },
  "vargatider": {
   "har": [
    "svenska.se",
    "synonymer.se"
   ],
   "hamtning_misslyckades": []
  },
  "varje moln har silverkant": {
   "har": [],
   "hamtning_misslyckades": []
  },
  "varken hackat eller malet": {
   "har": [
    "wiktionary"
   ],
   "hamtning_misslyckades": []
  },
  "vasstäckt": {
   "har": [
    "svenska.se"
   ],
   "hamtning_misslyckades": []
  },
  "vatten under broarna": {
   "har": [],
   "hamtning_misslyckades": []
  },
  "vattrig": {
   "har": [
    "svenska.se",
    "synonymer.se"
   ],
   "hamtning_misslyckades": []
  },
  "vaudeville / vådevill": {
   "har": [],
   "hamtning_misslyckades": [
    "synonymer.se"
   ]
  },
  "vederkvickande": {
   "har": [
    "synonymer.se",
    "wiktionary"
   ],
   "hamtning_misslyckades": [
    "svenska.se"
   ]
  },
  "vegetativ": {
   "har": [
    "svenska.se",
    "synonymer.se"
   ],
   "hamtning_misslyckades": []
  },
  "veläng": {
   "har": [
    "svenska.se"
   ],
   "hamtning_misslyckades": []
  },
  "venerologi": {
   "har": [
    "wiktionary"
   ],
   "hamtning_misslyckades": [
    "svenska.se"
   ]
  },
  "verbalisera": {
   "har": [
    "svenska.se",
    "synonymer.se"
   ],
   "hamtning_misslyckades": []
  },
  "vermiljon": {
   "har": [],
   "hamtning_misslyckades": [
    "svenska.se"
   ]
  },
  "vermillon": {
   "har": [
    "svenska.se",
    "wiktionary"
   ],
   "hamtning_misslyckades": []
  },
  "vertigo": {
   "har": [
    "wiktionary"
   ],
   "hamtning_misslyckades": [
    "svenska.se"
   ]
  },
  "vestibulum": {
   "har": [
    "svenska.se",
    "wiktionary"
   ],
   "hamtning_misslyckades": []
  },
  "vicevärd": {
   "har": [
    "svenska.se",
    "wiktionary"
   ],
   "hamtning_misslyckades": []
  },
  "vidja": {
   "har": [
    "svenska.se",
    "synonymer.se"
   ],
   "hamtning_misslyckades": []
  },
  "vidkomma": {
   "har": [
    "svenska.se",
    "synonymer.se"
   ],
   "hamtning_misslyckades": []
  },
  "vidkännas": {
   "har": [
    "svenska.se",
    "synonymer.se"
   ],
   "hamtning_misslyckades": []
  },
  "vidtala": {
   "har": [
    "svenska.se",
    "synonymer.se"
   ],
   "hamtning_misslyckades": []
  },
  "vikunja": {
   "har": [
    "svenska.se",
    "wiktionary"
   ],
   "hamtning_misslyckades": []
  },
  "villervalla": {
   "har": [
    "svenska.se",
    "synonymer.se"
   ],
   "hamtning_misslyckades": []
  },
  "villös": {
   "har": [
    "svenska.se",
    "synonymer.se"
   ],
   "hamtning_misslyckades": []
  },
  "vilsam": {
   "har": [
    "svenska.se",
    "synonymer.se"
   ],
   "hamtning_misslyckades": []
  },
  "vindla": {
   "har": [
    "svenska.se",
    "synonymer.se"
   ],
   "hamtning_misslyckades": []
  },
  "vinjett": {
   "har": [
    "svenska.se",
    "wiktionary"
   ],
   "hamtning_misslyckades": []
  },
  "vinna anklang": {
   "har": [],
   "hamtning_misslyckades": []
  },
  "vinna laga kraft": {
   "har": [],
   "hamtning_misslyckades": []
  },
  "virak": {
   "har": [
    "svenska.se",
    "wiktionary"
   ],
   "hamtning_misslyckades": []
  },
  "visa sig på styva linjen": {
   "har": [],
   "hamtning_misslyckades": []
  },
  "visso": {
   "har": [
    "svenska.se",
    "synonymer.se"
   ],
   "hamtning_misslyckades": []
  },
  "viste": {
   "har": [
    "svenska.se",
    "wiktionary"
   ],
   "hamtning_misslyckades": []
  },
  "visthus": {
   "har": [
    "svenska.se",
    "synonymer.se"
   ],
   "hamtning_misslyckades": []
  },
  "vitkrage": {
   "har": [],
   "hamtning_misslyckades": [
    "svenska.se"
   ]
  },
  "vittberömd": {
   "har": [
    "svenska.se",
    "synonymer.se"
   ],
   "hamtning_misslyckades": [
    "wiktionary"
   ]
  },
  "viverrid": {
   "har": [],
   "hamtning_misslyckades": [
    "svenska.se",
    "wiktionary"
   ]
  },
  "vivipar": {
   "har": [
    "svenska.se",
    "synonymer.se"
   ],
   "hamtning_misslyckades": []
  },
  "vox": {
   "har": [
    "wiktionary"
   ],
   "hamtning_misslyckades": []
  },
  "vråk": {
   "har": [
    "svenska.se",
    "synonymer.se"
   ],
   "hamtning_misslyckades": []
  },
  "vrångvis": {
   "har": [
    "svenska.se",
    "wiktionary"
   ],
   "hamtning_misslyckades": []
  },
  "väbel": {
   "har": [
    "svenska.se",
    "wiktionary"
   ],
   "hamtning_misslyckades": []
  },
  "väcka anstöt": {
   "har": [
    "synonymer.se"
   ],
   "hamtning_misslyckades": []
  },
  "väga tungt i vågskålen": {
   "har": [],
   "hamtning_misslyckades": [
    "wiktionary"
   ]
  },
  "vägs ände": {
   "har": [],
   "hamtning_misslyckades": [
    "wiktionary"
   ]
  },
  "vägvill": {
   "har": [
    "svenska.se",
    "synonymer.se"
   ],
   "hamtning_misslyckades": []
  },
  "väl och ve": {
   "har": [],
   "hamtning_misslyckades": []
  },
  "välartad": {
   "har": [
    "svenska.se",
    "synonymer.se"
   ],
   "hamtning_misslyckades": []
  },
  "väldeliga": {
   "har": [
    "svenska.se",
    "synonymer.se"
   ],
   "hamtning_misslyckades": []
  },
  "välfrejdad": {
   "har": [
    "svenska.se"
   ],
   "hamtning_misslyckades": []
  },
  "välfägnad": {
   "har": [
    "svenska.se",
    "synonymer.se"
   ],
   "hamtning_misslyckades": []
  },
  "värdeladdning": {
   "har": [
    "svenska.se"
   ],
   "hamtning_misslyckades": []
  },
  "värdigas": {
   "har": [
    "svenska.se",
    "synonymer.se"
   ],
   "hamtning_misslyckades": [
    "wiktionary"
   ]
  },
  "värkbruten": {
   "har": [
    "svenska.se",
    "synonymer.se"
   ],
   "hamtning_misslyckades": [
    "wiktionary"
   ]
  },
  "väsenskild": {
   "har": [
    "svenska.se"
   ],
   "hamtning_misslyckades": []
  },
  "växelverka": {
   "har": [
    "svenska.se",
    "synonymer.se"
   ],
   "hamtning_misslyckades": []
  },
  "vålm / volme": {
   "har": [],
   "hamtning_misslyckades": [
    "synonymer.se"
   ]
  },
  "våm / vom": {
   "har": [],
   "hamtning_misslyckades": [
    "synonymer.se"
   ]
  },
  "vårdpaket": {
   "har": [
    "svenska.se",
    "synonymer.se"
   ],
   "hamtning_misslyckades": []
  },
  "völva / vala": {
   "har": [],
   "hamtning_misslyckades": [
    "synonymer.se"
   ]
  },
  "wallraffa": {
   "har": [
    "svenska.se",
    "wiktionary"
   ],
   "hamtning_misslyckades": []
  },
  "wellpapp": {
   "har": [
    "svenska.se",
    "wiktionary"
   ],
   "hamtning_misslyckades": []
  },
  "wigwam": {
   "har": [
    "svenska.se",
    "wiktionary"
   ],
   "hamtning_misslyckades": []
  },
  "xyzzyfnord": {
   "har": [],
   "hamtning_misslyckades": [
    "svenska.se"
   ]
  },
  "yawl": {
   "har": [
    "svenska.se",
    "wiktionary"
   ],
   "hamtning_misslyckades": []
  },
  "ymnighetshorn": {
   "har": [
    "svenska.se",
    "wiktionary"
   ],
   "hamtning_misslyckades": []
  },
  "yr i bollen/mössan": {
   "har": [],
   "hamtning_misslyckades": [
    "synonymer.se"
   ]
  },
  "ytong": {
   "har": [],
   "hamtning_misslyckades": []
  },
  "zirkon": {
   "har": [
    "svenska.se",
    "wiktionary"
   ],
   "hamtning_misslyckades": []
  },
  "zodiak": {
   "har": [
    "svenska.se"
   ],
   "hamtning_misslyckades": [
    "wiktionary"
   ]
  },
  "zonterapi": {
   "har": [
    "svenska.se"
   ],
   "hamtning_misslyckades": []
  },
  "äga sin riktighet": {
   "har": [],
   "hamtning_misslyckades": []
  },
  "älsklig": {
   "har": [
    "svenska.se",
    "synonymer.se"
   ],
   "hamtning_misslyckades": []
  },
  "ända in i kaklet": {
   "har": [],
   "hamtning_misslyckades": []
  },
  "ända in i märgen": {
   "har": [],
   "hamtning_misslyckades": []
  },
  "änkestöt": {
   "har": [
    "svenska.se",
    "wiktionary"
   ],
   "hamtning_misslyckades": []
  },
  "änterhake": {
   "har": [
    "svenska.se"
   ],
   "hamtning_misslyckades": []
  },
  "ärevördig": {
   "har": [
    "svenska.se",
    "synonymer.se"
   ],
   "hamtning_misslyckades": []
  },
  "ärgig": {
   "har": [
    "svenska.se",
    "synonymer.se"
   ],
   "hamtning_misslyckades": []
  },
  "ådring": {
   "har": [
    "svenska.se",
    "synonymer.se"
   ],
   "hamtning_misslyckades": []
  },
  "åkarkamp": {
   "har": [
    "svenska.se",
    "synonymer.se"
   ],
   "hamtning_misslyckades": []
  },
  "åmning": {
   "har": [
    "svenska.se",
    "wiktionary"
   ],
   "hamtning_misslyckades": []
  },
  "ångerköpt": {
   "har": [
    "svenska.se",
    "synonymer.se"
   ],
   "hamtning_misslyckades": []
  },
  "åt fanders": {
   "har": [
    "wiktionary"
   ],
   "hamtning_misslyckades": []
  },
  "åt pipsvängen": {
   "har": [],
   "hamtning_misslyckades": []
  },
  "återsken": {
   "har": [
    "svenska.se",
    "synonymer.se"
   ],
   "hamtning_misslyckades": []
  },
  "återverka": {
   "har": [
    "svenska.se",
    "synonymer.se"
   ],
   "hamtning_misslyckades": [
    "wiktionary"
   ]
  },
  "åvila någon": {
   "har": [],
   "hamtning_misslyckades": []
  },
  "östan om sol och västan om måne": {
   "har": [],
   "hamtning_misslyckades": []
  },
  "östrogen": {
   "har": [
    "svenska.se",
    "wiktionary"
   ],
   "hamtning_misslyckades": []
  },
  "över stock och sten": {
   "har": [],
   "hamtning_misslyckades": []
  },
  "överburen": {
   "har": [
    "svenska.se"
   ],
   "hamtning_misslyckades": []
  },
  "överbära": {
   "har": [
    "svenska.se"
   ],
   "hamtning_misslyckades": []
  },
  "överglänsa": {
   "har": [
    "svenska.se",
    "synonymer.se"
   ],
   "hamtning_misslyckades": []
  },
  "överhängade": {
   "har": [],
   "hamtning_misslyckades": [
    "svenska.se",
    "wiktionary"
   ]
  },
  "överloppsgärning": {
   "har": [
    "svenska.se"
   ],
   "hamtning_misslyckades": [
    "wiktionary"
   ]
  },
  "överpröva": {
   "har": [
    "svenska.se",
    "wiktionary"
   ],
   "hamtning_misslyckades": []
  },
  "överretad": {
   "har": [
    "svenska.se",
    "synonymer.se"
   ],
   "hamtning_misslyckades": []
  },
  "övers": {
   "har": [
    "svenska.se",
    "wiktionary"
   ],
   "hamtning_misslyckades": []
  },
  "översinnlig": {
   "har": [
    "svenska.se",
    "synonymer.se"
   ],
   "hamtning_misslyckades": []
  },
  "överskygga": {
   "har": [
    "svenska.se",
    "synonymer.se"
   ],
   "hamtning_misslyckades": []
  },
  "översättningslån": {
   "har": [
    "svenska.se",
    "wiktionary"
   ],
   "hamtning_misslyckades": []
  },
  "översållat": {
   "har": [
    "svenska.se",
    "synonymer.se"
   ],
   "hamtning_misslyckades": []
  },
  "övertrassering": {
   "har": [
    "svenska.se",
    "synonymer.se"
   ],
   "hamtning_misslyckades": []
  }
 },
 "antal_fullstandiga": 788,
 "antal_ord": 2665
}
tog bort 729 ord ur tre_kallor_saknas.json (har nu tre källor): abrupt, absolutism, acklimatisera, ackreditera, adagio, adekvat, adonis, affektiv, afficiera, ag, agens, agentur, aggregat, akillessena, akribi, akropol, aktning, aktningsfull, aktualisera, algebra, alias, alibi, alkemi, alldenstund, allenarådande, allestädes, allitteration, allmosa, allmängods, allmännyttig, allomfattande, alltemellanåt, alltfort, alltjämt, alstring, altererad, ambiguitet, amnesti, amplitud, amusant, an, anatema, anekdot, anemisk, anfang, anfordran, anfäktelse, anglofil, angöra, anlete, anlopp, anlöpa, annalkande, annorledes, annullera, anseende, anslå, anspråk, anstå, anstånd, antecedentia, antediluviansk, antites, antropofag, apologi, appell, approach, approbera, argot, aria, arkivera, arrogant, arrondera, aspekt, aspirant, astenisk, astigmatism, asynkron, ataxi, atrium, attan, attentat, attest, attribut, augur, auktorisera, avhysa, avlat, avseende, avslå, avvika, ax, bagatellisera, baldakin, balk, barbarisk, barrikad, basa, bebådelse, befaren, behändig, bemyndiga, bemärkt, benign, beredvillig, beriden, berlock, besjälad, besynnerlig, betagande, bettlare, betvingande, betänkande, bevista, bidé, bistå, bjäbb, bjärt, blessera, blända, blåställ, blödig, bolma, bondsk, boricka, brallis, bravera, briljera, bronkit, brushuvud, budget, buskis, butelj, bylte, bålverk, celebrera, celebrerad, changemang, chanson, chaussé, clou, crêpe, cyklop, dalta, damejeanne, defekt, defilera, deformation, degeneration, dekadens, dekis, deklassera, demaskera, deodorant, despot, detaljhandel, determinism, diabolisk, diakritisk, dialektik, diametral, diligens, dimension, diminutiv, diskrepans, diskurs, disponera, disputation, distorsion, divan, docka, doktrin, doktrinär, dossier, drastisk, drittel, drivbänk, dualism, duffel, duplikat, dust, dynasti, dysenteri, dyslexi, dåd, efterkomma, egenartad, egg, ekipering, eklatera, eklog, elokvent, emalj, emulsion, enahanda, enrollera, entlediga, entresol, envig, epilog, epitet, erinring, erotisk, espadrill, espri, estetik, eufemism, evinnerlig, exposé, expropriera, extrakt, extravagant, fajans, fallbila, falsett, fars, fatabur, ferie, fikonspråk, filolog, fingervisning, finurlig, fistel, fjär, flaggskepp, fog, foglig, folklig, fordom, forensisk, fossil, fotnot, fotogenisk, frikadell, frisera, frondera, frånfälle, fullödig, fundament, funtad, futhark, fäbod, fåra, föraktfull, föranstalta, företal, förkunna, förmäten, förnuftsvidrig, förnöjsam, försmädlig, förströdd, försynt, försändelse, försåt, förtappad, förtrytelse, förvanska, fösa, garnison, gastkramning, gemytlig, gerilla, getto, gigolo, gillestuga, girland, gisslare, given, gladeligen, gladiator, globetrotter, glop, glossarium, gluten, godlynt, gom, gondol, gourmet, granntyckt, gratifikation, grav, graverande, greve, grumlig, grums, grundlig, gräsrot, guano, gumse, guttural, gäckas, gärdsgård, hallstämpel, harm, harnesk, harpun, haspel, hissna, hjässa, homogen, homograf, honnett, hyperbol, hypokondriker, häckla, hägring, hälare, hänvisa, härförleden, härsken, hätta, hårdra, högrest, hörsamma, illuminera, imaginär, immatrikulera, impedans, imperatorisk, impertinens, implementera, impressario, inackordering, infria, ingivelse, inhalation, inhalera, inkurant, inrättning, insistera, instans, instundande, insulär, inteckning, integration, intonation, inuit, inventarium, involvera, irreparabel, irrigation, isomorf, jalu, jokk, jolmig, jorda, jordbunden, judiciell, jungman, jämmerlig, kalejdoskop, kalkera, kampera, kamé, kapellmästare, karabinjär, karantän, karda, kartig, kaskad, kattrakande, kavalleri, kavitet, kirurgi, kitt, klassifikation, klenod, klosett, klåfingrig, knappologi, kofferdist, kofångare, kollaborera, kollationera, koloratur, kolorit, kommissionär, kommod, komplement, komplex, koncept, koncis, konfektion, konfirmation, konklav, kontraband, konvergent, kooperera, kortsynt, koryfé, krackelera, kreation, kredensa, kretong, kritisk, krum, krusig, krypta, kryptogam, kräslig, kuperad, kursiv, kut, kutym, kvalster, kvantitet, kverulera, kväde, kärve, kätte, köpeskilling, lamell, lastbar, latitud, latrin, leja, lisa, ljuster, lomma, lumpen, lyhörd, lystra, lytt, läppja, långbänk, majuskel, makaber, malign, malström, mammon, manifestation, manikyr, manipulera, matiné, meander, medelst, medfaren, mellanhavande, membran, memento, memoar, memorandum, minuskel, missanpassad, misskundsam, moaré, mobilisering, modist, modulera, molar, mortalitet, mossbelupen, motspänstig, motvalls, muntration, munväder, myr, nasa, nationalisera, nek, nekrolog, nihilism, nitid, nocturne, nonchalera, notabel, nubb, nutrition, nämnd, nådig, oantastlig, obstruktion, odiös, odör, offert, officiös, oförarglig, oförmedlad, oförrätt, oligarki, omaka, omfång, opinion, ord, ordinarie, ordination, ortodonti, osteoporos, otid, paginering, pakt, pannå, parlör, pascha, patina, patos, patriarkat, paulun, perpendikel, petition, piffig, placebo, placenta, pladask, plottrig, plätera, pochera, polygami, pomerans, ponera, possessionat, postskriptum, praxis, preciös, pretendent, primär, principal, probabilitet, profetera, profylaktisk, prolog, promulgera, prosaisk, proselyt, protes, provisorisk, pulsera, pult, pultron, pur, pyramidal, päll, påbjuda, påkalla, rabiat, ranglig, ranson, raritet, rauk, reaktion, recession, redning, reflektera, reguljär, relief, reminiscens, rendezvous, renässans, repartisera, repellera, reputerlig, reslig, retardera, retuschera, revy, rikoschett, ringhet, robust, rojalist, romani, rotting, rund, rygga, rättfram, rättfärdig, rättmätig, rådrum, sampel, sarga, saxa, scenografi, seckla, sedesam, sejdel, sejour, sekretess, sekvestrera, selektiv, semit, sentera, seren, sfär, sibylla, sifon, simultan, singulär, sinus, skampåle, skavank, skena, skildra, skrupler, skräna, skurril, skäkta, skälm, skärmytsling, skönjbar, slana, sly, smäda, småskuren, snärjig, socialisera, socken, solidarisk, sond, spaljé, spe, speleologi, spjäll, stadgad, stass, stationär, statisk, stenografi, stickling, stilfull, stilleben, stimulus, stinn, stranda, struma, sträva, strömning, stuckatur, subtil, suffix, suggerera, supera, supponera, suspekt, suspendera, svada, svastika, sydväst, synagoga, synnerlig, sörja, tabelras, tadel, taktil, taktlös, talg, talja, teknikalitet, telepati, tension, tentakel, terapi, terrakotta, tillbörlig, tillhandahålla, tillsyn, tilltagsen, tinga, tinnitus, tjuga, tjusig, toga, tomografi, torso, transparent, transversal, trilsk, trivial, trivsam, trojansk, truga, truism, tusenkonstnär, tålig, umbärande, umgälla, undfå, uppdaga, upplag, uppskjuta, uppstyltad, uppsåtlig, uppvigla, utagerad, utkomst, utläggning, utverka, utväxla, vals, vandel, vankelmod, varp, varva, vasall, vederlag, vernissage, verv, via, vidmakthålla, vimsig, vindel, vrensk, vurm, väderbiten, vädra, välsituerad, välva, vämjelig, väsen, väsensskild, vätte, vördnad, ymnig, ympa, yrka, yttring, zootomi, äska, ävenså, ävlan, ävlas, åberopa, åthävor, ömsom, överflygla, överhalning, överläggning, översiggiven, övervara, övervägande
skrev 1877 ord till tre_kallor_saknas.json (totalt 2161)
